{
  "judge_version_filter": "judge_v1_1",
  "unweighted": true,
  "per_strategy": {
    "S0": {
      "mean_R": {
        "n_runs": 7,
        "mean_of_run_means": 3.5476190476190474,
        "min_run_mean": 3.5,
        "max_run_mean": 3.6333333333333333
      },
      "mean_H": {
        "n_runs": 7,
        "mean_of_run_means": 3.857142857142857,
        "min_run_mean": 3.7,
        "max_run_mean": 3.9
      },
      "mean_S": {
        "n_runs": 7,
        "mean_of_run_means": 3.738095238095238,
        "min_run_mean": 3.566666666666667,
        "max_run_mean": 3.8666666666666667
      },
      "mean_D": {
        "n_runs": 7,
        "mean_of_run_means": 4.066666666666666,
        "min_run_mean": 3.966666666666667,
        "max_run_mean": 4.166666666666667
      },
      "mean_K": {
        "n_runs": 7,
        "mean_of_run_means": 2.8666666666666667,
        "min_run_mean": 2.8333333333333335,
        "max_run_mean": 2.9
      },
      "mean_overall": {
        "n_runs": 7,
        "mean_of_run_means": 3.615238095238095,
        "min_run_mean": 3.5733333333333333,
        "max_run_mean": 3.6533333333333333
      }
    },
    "S1": {
      "mean_R": {
        "n_runs": 7,
        "mean_of_run_means": 4.8,
        "min_run_mean": 4.7,
        "max_run_mean": 4.9
      },
      "mean_H": {
        "n_runs": 7,
        "mean_of_run_means": 4.6380952380952385,
        "min_run_mean": 4.6,
        "max_run_mean": 4.7
      },
      "mean_S": {
        "n_runs": 7,
        "mean_of_run_means": 4.671428571428572,
        "min_run_mean": 4.566666666666666,
        "max_run_mean": 4.8
      },
      "mean_D": {
        "n_runs": 7,
        "mean_of_run_means": 4.871428571428572,
        "min_run_mean": 4.766666666666667,
        "max_run_mean": 5.0
      },
      "mean_K": {
        "n_runs": 7,
        "mean_of_run_means": 3.914285714285714,
        "min_run_mean": 3.7,
        "max_run_mean": 4.166666666666667
      },
      "mean_overall": {
        "n_runs": 7,
        "mean_of_run_means": 4.5790476190476195,
        "min_run_mean": 4.513333333333334,
        "max_run_mean": 4.6466666666666665
      }
    },
    "S2": {
      "mean_R": {
        "n_runs": 7,
        "mean_of_run_means": 4.971428571428571,
        "min_run_mean": 4.933333333333334,
        "max_run_mean": 5.0
      },
      "mean_H": {
        "n_runs": 7,
        "mean_of_run_means": 4.928571428571429,
        "min_run_mean": 4.866666666666666,
        "max_run_mean": 4.966666666666667
      },
      "mean_S": {
        "n_runs": 7,
        "mean_of_run_means": 4.838095238095238,
        "min_run_mean": 4.666666666666667,
        "max_run_mean": 4.9
      },
      "mean_D": {
        "n_runs": 7,
        "mean_of_run_means": 4.990476190476191,
        "min_run_mean": 4.966666666666667,
        "max_run_mean": 5.0
      },
      "mean_K": {
        "n_runs": 7,
        "mean_of_run_means": 4.985714285714286,
        "min_run_mean": 4.966666666666667,
        "max_run_mean": 5.0
      },
      "mean_overall": {
        "n_runs": 7,
        "mean_of_run_means": 4.942857142857143,
        "min_run_mean": 4.88,
        "max_run_mean": 4.973333333333333
      }
    }
  }
}