{
  "judge_version_filter": "judge_v1_1",
  "unweighted": true,
  "per_strategy": {
    "S0": {
      "mean_R": {
        "n_runs": 10,
        "mean_of_run_means": 3.675,
        "min_run_mean": 3.533333333333333,
        "max_run_mean": 3.7333333333333334
      },
      "mean_H": {
        "n_runs": 10,
        "mean_of_run_means": 3.868333333333333,
        "min_run_mean": 3.6666666666666665,
        "max_run_mean": 3.933333333333333
      },
      "mean_S": {
        "n_runs": 10,
        "mean_of_run_means": 3.8633333333333333,
        "min_run_mean": 3.6,
        "max_run_mean": 4.0
      },
      "mean_D": {
        "n_runs": 10,
        "mean_of_run_means": 4.111666666666666,
        "min_run_mean": 4.0,
        "max_run_mean": 4.166666666666667
      },
      "mean_K": {
        "n_runs": 10,
        "mean_of_run_means": 2.8233333333333333,
        "min_run_mean": 2.7,
        "max_run_mean": 2.9
      },
      "mean_overall": {
        "n_runs": 10,
        "mean_of_run_means": 3.668333333333333,
        "min_run_mean": 3.54,
        "max_run_mean": 3.71
      }
    },
    "S1": {
      "mean_R": {
        "n_runs": 10,
        "mean_of_run_means": 4.84,
        "min_run_mean": 4.733333333333333,
        "max_run_mean": 4.916666666666667
      },
      "mean_H": {
        "n_runs": 10,
        "mean_of_run_means": 4.698333333333333,
        "min_run_mean": 4.6,
        "max_run_mean": 4.75
      },
      "mean_S": {
        "n_runs": 10,
        "mean_of_run_means": 4.745,
        "min_run_mean": 4.666666666666667,
        "max_run_mean": 4.833333333333333
      },
      "mean_D": {
        "n_runs": 10,
        "mean_of_run_means": 4.905,
        "min_run_mean": 4.833333333333333,
        "max_run_mean": 5.0
      },
      "mean_K": {
        "n_runs": 10,
        "mean_of_run_means": 4.13,
        "min_run_mean": 3.7333333333333334,
        "max_run_mean": 4.35
      },
      "mean_overall": {
        "n_runs": 10,
        "mean_of_run_means": 4.663666666666667,
        "min_run_mean": 4.526666666666667,
        "max_run_mean": 4.723333333333333
      }
    },
    "S2": {
      "mean_R": {
        "n_runs": 10,
        "mean_of_run_means": 4.94,
        "min_run_mean": 4.9,
        "max_run_mean": 4.983333333333333
      },
      "mean_H": {
        "n_runs": 10,
        "mean_of_run_means": 4.8950000000000005,
        "min_run_mean": 4.85,
        "max_run_mean": 4.95
      },
      "mean_S": {
        "n_runs": 10,
        "mean_of_run_means": 4.858333333333333,
        "min_run_mean": 4.783333333333333,
        "max_run_mean": 4.916666666666667
      },
      "mean_D": {
        "n_runs": 10,
        "mean_of_run_means": 4.956666666666667,
        "min_run_mean": 4.933333333333334,
        "max_run_mean": 4.983333333333333
      },
      "mean_K": {
        "n_runs": 10,
        "mean_of_run_means": 4.981666666666667,
        "min_run_mean": 4.966666666666667,
        "max_run_mean": 5.0
      },
      "mean_overall": {
        "n_runs": 10,
        "mean_of_run_means": 4.926333333333334,
        "min_run_mean": 4.906666666666666,
        "max_run_mean": 4.953333333333333
      }
    },
    "S2_ABL_NOASSET": {
      "mean_R": {
        "n_runs": 3,
        "mean_of_run_means": 4.8999999999999995,
        "min_run_mean": 4.866666666666666,
        "max_run_mean": 4.933333333333334
      },
      "mean_H": {
        "n_runs": 3,
        "mean_of_run_means": 4.8999999999999995,
        "min_run_mean": 4.866666666666666,
        "max_run_mean": 4.933333333333334
      },
      "mean_S": {
        "n_runs": 3,
        "mean_of_run_means": 4.877777777777777,
        "min_run_mean": 4.866666666666666,
        "max_run_mean": 4.9
      },
      "mean_D": {
        "n_runs": 3,
        "mean_of_run_means": 4.933333333333334,
        "min_run_mean": 4.866666666666666,
        "max_run_mean": 5.0
      },
      "mean_K": {
        "n_runs": 3,
        "mean_of_run_means": 4.977777777777778,
        "min_run_mean": 4.966666666666667,
        "max_run_mean": 5.0
      },
      "mean_overall": {
        "n_runs": 3,
        "mean_of_run_means": 4.917777777777778,
        "min_run_mean": 4.8933333333333335,
        "max_run_mean": 4.953333333333333
      }
    },
    "S2_ABL_NODEV": {
      "mean_R": {
        "n_runs": 3,
        "mean_of_run_means": 4.944444444444445,
        "min_run_mean": 4.933333333333334,
        "max_run_mean": 4.966666666666667
      },
      "mean_H": {
        "n_runs": 3,
        "mean_of_run_means": 4.855555555555555,
        "min_run_mean": 4.766666666666667,
        "max_run_mean": 4.933333333333334
      },
      "mean_S": {
        "n_runs": 3,
        "mean_of_run_means": 4.833333333333333,
        "min_run_mean": 4.8,
        "max_run_mean": 4.866666666666666
      },
      "mean_D": {
        "n_runs": 3,
        "mean_of_run_means": 4.966666666666667,
        "min_run_mean": 4.933333333333334,
        "max_run_mean": 5.0
      },
      "mean_K": {
        "n_runs": 3,
        "mean_of_run_means": 4.966666666666667,
        "min_run_mean": 4.966666666666667,
        "max_run_mean": 4.966666666666667
      },
      "mean_overall": {
        "n_runs": 3,
        "mean_of_run_means": 4.913333333333333,
        "min_run_mean": 4.88,
        "max_run_mean": 4.946666666666667
      }
    },
    "S2_ABL_NOENV": {
      "mean_R": {
        "n_runs": 3,
        "mean_of_run_means": 4.877777777777777,
        "min_run_mean": 4.833333333333333,
        "max_run_mean": 4.9
      },
      "mean_H": {
        "n_runs": 3,
        "mean_of_run_means": 4.7444444444444445,
        "min_run_mean": 4.733333333333333,
        "max_run_mean": 4.766666666666667
      },
      "mean_S": {
        "n_runs": 3,
        "mean_of_run_means": 4.722222222222222,
        "min_run_mean": 4.666666666666667,
        "max_run_mean": 4.8
      },
      "mean_D": {
        "n_runs": 3,
        "mean_of_run_means": 4.911111111111111,
        "min_run_mean": 4.9,
        "max_run_mean": 4.933333333333334
      },
      "mean_K": {
        "n_runs": 3,
        "mean_of_run_means": 4.955555555555556,
        "min_run_mean": 4.933333333333334,
        "max_run_mean": 4.966666666666667
      },
      "mean_overall": {
        "n_runs": 3,
        "mean_of_run_means": 4.842222222222222,
        "min_run_mean": 4.826666666666667,
        "max_run_mean": 4.866666666666666
      }
    },
    "S2_ABL_NOINC": {
      "mean_R": {
        "n_runs": 3,
        "mean_of_run_means": 4.822222222222222,
        "min_run_mean": 4.733333333333333,
        "max_run_mean": 4.933333333333334
      },
      "mean_H": {
        "n_runs": 3,
        "mean_of_run_means": 4.866666666666666,
        "min_run_mean": 4.8,
        "max_run_mean": 4.966666666666667
      },
      "mean_S": {
        "n_runs": 3,
        "mean_of_run_means": 4.933333333333334,
        "min_run_mean": 4.9,
        "max_run_mean": 4.966666666666667
      },
      "mean_D": {
        "n_runs": 3,
        "mean_of_run_means": 4.977777777777778,
        "min_run_mean": 4.966666666666667,
        "max_run_mean": 5.0
      },
      "mean_K": {
        "n_runs": 3,
        "mean_of_run_means": 4.977777777777778,
        "min_run_mean": 4.933333333333334,
        "max_run_mean": 5.0
      },
      "mean_overall": {
        "n_runs": 3,
        "mean_of_run_means": 4.915555555555556,
        "min_run_mean": 4.88,
        "max_run_mean": 4.973333333333333
      }
    }
  }
}