{
  "judge_version_filter": "judge_v1_1",
  "unweighted": true,
  "per_strategy": {
    "S0": {
      "mean_R": {
        "n_runs": 5,
        "mean_of_run_means": 3.5533333333333332,
        "min_run_mean": 3.5,
        "max_run_mean": 3.6333333333333333
      },
      "mean_H": {
        "n_runs": 5,
        "mean_of_run_means": 3.853333333333333,
        "min_run_mean": 3.7,
        "max_run_mean": 3.9
      },
      "mean_S": {
        "n_runs": 5,
        "mean_of_run_means": 3.746666666666667,
        "min_run_mean": 3.7,
        "max_run_mean": 3.8
      },
      "mean_D": {
        "n_runs": 5,
        "mean_of_run_means": 4.053333333333333,
        "min_run_mean": 3.966666666666667,
        "max_run_mean": 4.166666666666667
      },
      "mean_K": {
        "n_runs": 5,
        "mean_of_run_means": 2.8666666666666667,
        "min_run_mean": 2.8333333333333335,
        "max_run_mean": 2.9
      },
      "mean_overall": {
        "n_runs": 5,
        "mean_of_run_means": 3.614666666666667,
        "min_run_mean": 3.5733333333333333,
        "max_run_mean": 3.6533333333333333
      }
    },
    "S1": {
      "mean_R": {
        "n_runs": 5,
        "mean_of_run_means": 4.8133333333333335,
        "min_run_mean": 4.7,
        "max_run_mean": 4.9
      },
      "mean_H": {
        "n_runs": 5,
        "mean_of_run_means": 4.6466666666666665,
        "min_run_mean": 4.6,
        "max_run_mean": 4.7
      },
      "mean_S": {
        "n_runs": 5,
        "mean_of_run_means": 4.680000000000001,
        "min_run_mean": 4.633333333333334,
        "max_run_mean": 4.8
      },
      "mean_D": {
        "n_runs": 5,
        "mean_of_run_means": 4.886666666666667,
        "min_run_mean": 4.766666666666667,
        "max_run_mean": 5.0
      },
      "mean_K": {
        "n_runs": 5,
        "mean_of_run_means": 3.9799999999999995,
        "min_run_mean": 3.8333333333333335,
        "max_run_mean": 4.166666666666667
      },
      "mean_overall": {
        "n_runs": 5,
        "mean_of_run_means": 4.601333333333334,
        "min_run_mean": 4.54,
        "max_run_mean": 4.6466666666666665
      }
    },
    "S2": {
      "mean_R": {
        "n_runs": 5,
        "mean_of_run_means": 4.966666666666667,
        "min_run_mean": 4.933333333333334,
        "max_run_mean": 5.0
      },
      "mean_H": {
        "n_runs": 5,
        "mean_of_run_means": 4.92,
        "min_run_mean": 4.866666666666666,
        "max_run_mean": 4.966666666666667
      },
      "mean_S": {
        "n_runs": 5,
        "mean_of_run_means": 4.84,
        "min_run_mean": 4.666666666666667,
        "max_run_mean": 4.9
      },
      "mean_D": {
        "n_runs": 5,
        "mean_of_run_means": 4.986666666666666,
        "min_run_mean": 4.966666666666667,
        "max_run_mean": 5.0
      },
      "mean_K": {
        "n_runs": 5,
        "mean_of_run_means": 4.986666666666666,
        "min_run_mean": 4.966666666666667,
        "max_run_mean": 5.0
      },
      "mean_overall": {
        "n_runs": 5,
        "mean_of_run_means": 4.9399999999999995,
        "min_run_mean": 4.88,
        "max_run_mean": 4.973333333333333
      }
    }
  }
}