{
  "judge_version_filter": "judge_v1_1",
  "unweighted": true,
  "per_strategy": {
    "S0": {
      "mean_R": {
        "n_runs": 6,
        "mean_of_run_means": 3.5444444444444443,
        "min_run_mean": 3.5,
        "max_run_mean": 3.6333333333333333
      },
      "mean_H": {
        "n_runs": 6,
        "mean_of_run_means": 3.8555555555555556,
        "min_run_mean": 3.7,
        "max_run_mean": 3.9
      },
      "mean_S": {
        "n_runs": 6,
        "mean_of_run_means": 3.766666666666667,
        "min_run_mean": 3.7,
        "max_run_mean": 3.8666666666666667
      },
      "mean_D": {
        "n_runs": 6,
        "mean_of_run_means": 4.061111111111111,
        "min_run_mean": 3.966666666666667,
        "max_run_mean": 4.166666666666667
      },
      "mean_K": {
        "n_runs": 6,
        "mean_of_run_means": 2.8666666666666667,
        "min_run_mean": 2.8333333333333335,
        "max_run_mean": 2.9
      },
      "mean_overall": {
        "n_runs": 6,
        "mean_of_run_means": 3.6188888888888884,
        "min_run_mean": 3.5733333333333333,
        "max_run_mean": 3.6533333333333333
      }
    },
    "S1": {
      "mean_R": {
        "n_runs": 6,
        "mean_of_run_means": 4.811111111111111,
        "min_run_mean": 4.7,
        "max_run_mean": 4.9
      },
      "mean_H": {
        "n_runs": 6,
        "mean_of_run_means": 4.644444444444445,
        "min_run_mean": 4.6,
        "max_run_mean": 4.7
      },
      "mean_S": {
        "n_runs": 6,
        "mean_of_run_means": 4.688888888888889,
        "min_run_mean": 4.633333333333334,
        "max_run_mean": 4.8
      },
      "mean_D": {
        "n_runs": 6,
        "mean_of_run_means": 4.872222222222223,
        "min_run_mean": 4.766666666666667,
        "max_run_mean": 5.0
      },
      "mean_K": {
        "n_runs": 6,
        "mean_of_run_means": 3.9333333333333336,
        "min_run_mean": 3.7,
        "max_run_mean": 4.166666666666667
      },
      "mean_overall": {
        "n_runs": 6,
        "mean_of_run_means": 4.59,
        "min_run_mean": 4.533333333333333,
        "max_run_mean": 4.6466666666666665
      }
    },
    "S2": {
      "mean_R": {
        "n_runs": 6,
        "mean_of_run_means": 4.972222222222222,
        "min_run_mean": 4.933333333333334,
        "max_run_mean": 5.0
      },
      "mean_H": {
        "n_runs": 6,
        "mean_of_run_means": 4.9222222222222225,
        "min_run_mean": 4.866666666666666,
        "max_run_mean": 4.966666666666667
      },
      "mean_S": {
        "n_runs": 6,
        "mean_of_run_means": 4.8500000000000005,
        "min_run_mean": 4.666666666666667,
        "max_run_mean": 4.9
      },
      "mean_D": {
        "n_runs": 6,
        "mean_of_run_means": 4.988888888888889,
        "min_run_mean": 4.966666666666667,
        "max_run_mean": 5.0
      },
      "mean_K": {
        "n_runs": 6,
        "mean_of_run_means": 4.988888888888889,
        "min_run_mean": 4.966666666666667,
        "max_run_mean": 5.0
      },
      "mean_overall": {
        "n_runs": 6,
        "mean_of_run_means": 4.944444444444444,
        "min_run_mean": 4.88,
        "max_run_mean": 4.973333333333333
      }
    }
  }
}