{
  "judge_version_filter": "judge_v1_1",
  "unweighted": true,
  "per_strategy": {
    "S0": {
      "mean_R": {
        "n_runs": 8,
        "mean_of_run_means": 3.5541666666666667,
        "min_run_mean": 3.5,
        "max_run_mean": 3.6333333333333333
      },
      "mean_H": {
        "n_runs": 8,
        "mean_of_run_means": 3.8541666666666665,
        "min_run_mean": 3.7,
        "max_run_mean": 3.9
      },
      "mean_S": {
        "n_runs": 8,
        "mean_of_run_means": 3.7458333333333336,
        "min_run_mean": 3.566666666666667,
        "max_run_mean": 3.8666666666666667
      },
      "mean_D": {
        "n_runs": 8,
        "mean_of_run_means": 4.058333333333334,
        "min_run_mean": 3.966666666666667,
        "max_run_mean": 4.166666666666667
      },
      "mean_K": {
        "n_runs": 8,
        "mean_of_run_means": 2.8666666666666667,
        "min_run_mean": 2.8333333333333335,
        "max_run_mean": 2.9
      },
      "mean_overall": {
        "n_runs": 8,
        "mean_of_run_means": 3.6158333333333332,
        "min_run_mean": 3.5733333333333333,
        "max_run_mean": 3.6533333333333333
      }
    },
    "S1": {
      "mean_R": {
        "n_runs": 8,
        "mean_of_run_means": 4.8,
        "min_run_mean": 4.7,
        "max_run_mean": 4.9
      },
      "mean_H": {
        "n_runs": 8,
        "mean_of_run_means": 4.633333333333334,
        "min_run_mean": 4.6,
        "max_run_mean": 4.7
      },
      "mean_S": {
        "n_runs": 8,
        "mean_of_run_means": 4.658333333333333,
        "min_run_mean": 4.566666666666666,
        "max_run_mean": 4.8
      },
      "mean_D": {
        "n_runs": 8,
        "mean_of_run_means": 4.879166666666666,
        "min_run_mean": 4.766666666666667,
        "max_run_mean": 5.0
      },
      "mean_K": {
        "n_runs": 8,
        "mean_of_run_means": 3.908333333333333,
        "min_run_mean": 3.7,
        "max_run_mean": 4.166666666666667
      },
      "mean_overall": {
        "n_runs": 8,
        "mean_of_run_means": 4.575833333333334,
        "min_run_mean": 4.513333333333334,
        "max_run_mean": 4.6466666666666665
      }
    },
    "S2": {
      "mean_R": {
        "n_runs": 8,
        "mean_of_run_means": 4.958333333333333,
        "min_run_mean": 4.866666666666666,
        "max_run_mean": 5.0
      },
      "mean_H": {
        "n_runs": 8,
        "mean_of_run_means": 4.9125,
        "min_run_mean": 4.8,
        "max_run_mean": 4.966666666666667
      },
      "mean_S": {
        "n_runs": 8,
        "mean_of_run_means": 4.829166666666667,
        "min_run_mean": 4.666666666666667,
        "max_run_mean": 4.9
      },
      "mean_D": {
        "n_runs": 8,
        "mean_of_run_means": 4.9875,
        "min_run_mean": 4.966666666666667,
        "max_run_mean": 5.0
      },
      "mean_K": {
        "n_runs": 8,
        "mean_of_run_means": 4.983333333333333,
        "min_run_mean": 4.966666666666667,
        "max_run_mean": 5.0
      },
      "mean_overall": {
        "n_runs": 8,
        "mean_of_run_means": 4.934166666666666,
        "min_run_mean": 4.873333333333333,
        "max_run_mean": 4.973333333333333
      }
    }
  }
}