{
  "judge_version_filter": "judge_v1_1",
  "unweighted": true,
  "per_strategy": {
    "S0": {
      "mean_R": {
        "n_runs": 3,
        "mean_of_run_means": 3.5555555555555554,
        "min_run_mean": 3.5,
        "max_run_mean": 3.6333333333333333
      },
      "mean_H": {
        "n_runs": 3,
        "mean_of_run_means": 3.8333333333333335,
        "min_run_mean": 3.7,
        "max_run_mean": 3.9
      },
      "mean_S": {
        "n_runs": 3,
        "mean_of_run_means": 3.755555555555555,
        "min_run_mean": 3.7333333333333334,
        "max_run_mean": 3.8
      },
      "mean_D": {
        "n_runs": 3,
        "mean_of_run_means": 4.088888888888889,
        "min_run_mean": 4.033333333333333,
        "max_run_mean": 4.166666666666667
      },
      "mean_K": {
        "n_runs": 3,
        "mean_of_run_means": 2.8666666666666667,
        "min_run_mean": 2.8333333333333335,
        "max_run_mean": 2.9
      },
      "mean_overall": {
        "n_runs": 3,
        "mean_of_run_means": 3.6199999999999997,
        "min_run_mean": 3.5733333333333333,
        "max_run_mean": 3.6533333333333333
      }
    },
    "S1": {
      "mean_R": {
        "n_runs": 3,
        "mean_of_run_means": 4.788888888888889,
        "min_run_mean": 4.7,
        "max_run_mean": 4.866666666666666
      },
      "mean_H": {
        "n_runs": 3,
        "mean_of_run_means": 4.655555555555556,
        "min_run_mean": 4.633333333333334,
        "max_run_mean": 4.7
      },
      "mean_S": {
        "n_runs": 3,
        "mean_of_run_means": 4.655555555555556,
        "min_run_mean": 4.633333333333334,
        "max_run_mean": 4.7
      },
      "mean_D": {
        "n_runs": 3,
        "mean_of_run_means": 4.866666666666666,
        "min_run_mean": 4.766666666666667,
        "max_run_mean": 5.0
      },
      "mean_K": {
        "n_runs": 3,
        "mean_of_run_means": 3.9333333333333336,
        "min_run_mean": 3.8333333333333335,
        "max_run_mean": 4.066666666666666
      },
      "mean_overall": {
        "n_runs": 3,
        "mean_of_run_means": 4.58,
        "min_run_mean": 4.54,
        "max_run_mean": 4.6066666666666665
      }
    },
    "S2": {
      "mean_R": {
        "n_runs": 3,
        "mean_of_run_means": 4.988888888888889,
        "min_run_mean": 4.966666666666667,
        "max_run_mean": 5.0
      },
      "mean_H": {
        "n_runs": 3,
        "mean_of_run_means": 4.944444444444445,
        "min_run_mean": 4.9,
        "max_run_mean": 4.966666666666667
      },
      "mean_S": {
        "n_runs": 3,
        "mean_of_run_means": 4.888888888888889,
        "min_run_mean": 4.866666666666666,
        "max_run_mean": 4.9
      },
      "mean_D": {
        "n_runs": 3,
        "mean_of_run_means": 4.988888888888889,
        "min_run_mean": 4.966666666666667,
        "max_run_mean": 5.0
      },
      "mean_K": {
        "n_runs": 3,
        "mean_of_run_means": 5.0,
        "min_run_mean": 5.0,
        "max_run_mean": 5.0
      },
      "mean_overall": {
        "n_runs": 3,
        "mean_of_run_means": 4.962222222222222,
        "min_run_mean": 4.9399999999999995,
        "max_run_mean": 4.973333333333333
      }
    }
  }
}