{
  "judge_version_filter": "judge_v1_1",
  "unweighted": true,
  "per_strategy": {
    "S0": {
      "mean_R": {
        "n_runs": 9,
        "mean_of_run_means": 3.5555555555555554,
        "min_run_mean": 3.5,
        "max_run_mean": 3.6333333333333333
      },
      "mean_H": {
        "n_runs": 9,
        "mean_of_run_means": 3.855555555555556,
        "min_run_mean": 3.7,
        "max_run_mean": 3.9
      },
      "mean_S": {
        "n_runs": 9,
        "mean_of_run_means": 3.7592592592592595,
        "min_run_mean": 3.566666666666667,
        "max_run_mean": 3.8666666666666667
      },
      "mean_D": {
        "n_runs": 9,
        "mean_of_run_means": 4.062962962962962,
        "min_run_mean": 3.966666666666667,
        "max_run_mean": 4.166666666666667
      },
      "mean_K": {
        "n_runs": 9,
        "mean_of_run_means": 2.8666666666666667,
        "min_run_mean": 2.8333333333333335,
        "max_run_mean": 2.9
      },
      "mean_overall": {
        "n_runs": 9,
        "mean_of_run_means": 3.6199999999999997,
        "min_run_mean": 3.5733333333333333,
        "max_run_mean": 3.6533333333333333
      }
    },
    "S1": {
      "mean_R": {
        "n_runs": 9,
        "mean_of_run_means": 4.792592592592593,
        "min_run_mean": 4.7,
        "max_run_mean": 4.9
      },
      "mean_H": {
        "n_runs": 9,
        "mean_of_run_means": 4.637037037037037,
        "min_run_mean": 4.6,
        "max_run_mean": 4.7
      },
      "mean_S": {
        "n_runs": 9,
        "mean_of_run_means": 4.65925925925926,
        "min_run_mean": 4.566666666666666,
        "max_run_mean": 4.8
      },
      "mean_D": {
        "n_runs": 9,
        "mean_of_run_means": 4.874074074074074,
        "min_run_mean": 4.766666666666667,
        "max_run_mean": 5.0
      },
      "mean_K": {
        "n_runs": 9,
        "mean_of_run_means": 3.888888888888889,
        "min_run_mean": 3.7,
        "max_run_mean": 4.166666666666667
      },
      "mean_overall": {
        "n_runs": 9,
        "mean_of_run_means": 4.57037037037037,
        "min_run_mean": 4.513333333333334,
        "max_run_mean": 4.6466666666666665
      }
    },
    "S2": {
      "mean_R": {
        "n_runs": 9,
        "mean_of_run_means": 4.951851851851853,
        "min_run_mean": 4.866666666666666,
        "max_run_mean": 5.0
      },
      "mean_H": {
        "n_runs": 9,
        "mean_of_run_means": 4.907407407407407,
        "min_run_mean": 4.8,
        "max_run_mean": 4.966666666666667
      },
      "mean_S": {
        "n_runs": 9,
        "mean_of_run_means": 4.825925925925926,
        "min_run_mean": 4.666666666666667,
        "max_run_mean": 4.9
      },
      "mean_D": {
        "n_runs": 9,
        "mean_of_run_means": 4.985185185185185,
        "min_run_mean": 4.966666666666667,
        "max_run_mean": 5.0
      },
      "mean_K": {
        "n_runs": 9,
        "mean_of_run_means": 4.985185185185185,
        "min_run_mean": 4.966666666666667,
        "max_run_mean": 5.0
      },
      "mean_overall": {
        "n_runs": 9,
        "mean_of_run_means": 4.931111111111111,
        "min_run_mean": 4.873333333333333,
        "max_run_mean": 4.973333333333333
      }
    }
  }
}