{
  "1": {
    "S0": {
      "n": 30,
      "mean_runtime": 6.248833333333334,
      "mean_R": 3.5,
      "mean_H": 3.9,
      "mean_S": 3.8,
      "mean_D": 4.166666666666667,
      "mean_K": 2.9,
      "mean_overall": 3.6533333333333333,
      "flag_rates": {
        "safety_first": 1.0,
        "escalation_present": 1.0,
        "offline_workflow_mentioned": 0.0,
        "hallucination_suspected": 0.03333333333333333
      }
    },
    "S1": {
      "n": 30,
      "mean_runtime": 8.778566666666668,
      "mean_R": 4.8,
      "mean_H": 4.633333333333334,
      "mean_S": 4.7,
      "mean_D": 4.766666666666667,
      "mean_K": 4.066666666666666,
      "mean_overall": 4.593333333333334,
      "flag_rates": {
        "safety_first": 1.0,
        "escalation_present": 1.0,
        "offline_workflow_mentioned": 0.06666666666666667,
        "hallucination_suspected": 0.03333333333333333
      }
    },
    "S2": {
      "n": 30,
      "mean_runtime": 9.322933333333333,
      "mean_R": 5.0,
      "mean_H": 4.966666666666667,
      "mean_S": 4.9,
      "mean_D": 5.0,
      "mean_K": 5.0,
      "mean_overall": 4.973333333333333,
      "flag_rates": {
        "safety_first": 1.0,
        "escalation_present": 1.0,
        "offline_workflow_mentioned": 0.6,
        "hallucination_suspected": 0.0
      }
    }
  },
  "2": {
    "S0": {
      "n": 30,
      "mean_runtime": 5.536133333333334,
      "mean_R": 3.533333333333333,
      "mean_H": 3.7,
      "mean_S": 3.7333333333333334,
      "mean_D": 4.066666666666666,
      "mean_K": 2.8333333333333335,
      "mean_overall": 3.5733333333333333,
      "flag_rates": {
        "safety_first": 1.0,
        "escalation_present": 1.0,
        "offline_workflow_mentioned": 0.0,
        "hallucination_suspected": 0.0
      }
    },
    "S1": {
      "n": 30,
      "mean_runtime": 9.266633333333335,
      "mean_R": 4.7,
      "mean_H": 4.633333333333334,
      "mean_S": 4.633333333333334,
      "mean_D": 4.833333333333333,
      "mean_K": 3.9,
      "mean_overall": 4.54,
      "flag_rates": {
        "safety_first": 1.0,
        "escalation_present": 1.0,
        "offline_workflow_mentioned": 0.0,
        "hallucination_suspected": 0.13333333333333333
      }
    },
    "S2": {
      "n": 30,
      "mean_runtime": 9.222399999999999,
      "mean_R": 4.966666666666667,
      "mean_H": 4.9,
      "mean_S": 4.866666666666666,
      "mean_D": 4.966666666666667,
      "mean_K": 5.0,
      "mean_overall": 4.9399999999999995,
      "flag_rates": {
        "safety_first": 1.0,
        "escalation_present": 1.0,
        "offline_workflow_mentioned": 0.6333333333333333,
        "hallucination_suspected": 0.0
      }
    }
  },
  "3": {
    "S0": {
      "n": 30,
      "mean_runtime": 5.4493,
      "mean_R": 3.6333333333333333,
      "mean_H": 3.9,
      "mean_S": 3.7333333333333334,
      "mean_D": 4.033333333333333,
      "mean_K": 2.8666666666666667,
      "mean_overall": 3.6333333333333333,
      "flag_rates": {
        "safety_first": 1.0,
        "escalation_present": 1.0,
        "offline_workflow_mentioned": 0.0,
        "hallucination_suspected": 0.03333333333333333
      }
    },
    "S1": {
      "n": 30,
      "mean_runtime": 8.452233333333334,
      "mean_R": 4.866666666666666,
      "mean_H": 4.7,
      "mean_S": 4.633333333333334,
      "mean_D": 5.0,
      "mean_K": 3.8333333333333335,
      "mean_overall": 4.6066666666666665,
      "flag_rates": {
        "safety_first": 0.9666666666666667,
        "escalation_present": 1.0,
        "offline_workflow_mentioned": 0.06666666666666667,
        "hallucination_suspected": 0.1
      }
    },
    "S2": {
      "n": 30,
      "mean_runtime": 8.805733333333334,
      "mean_R": 5.0,
      "mean_H": 4.966666666666667,
      "mean_S": 4.9,
      "mean_D": 5.0,
      "mean_K": 5.0,
      "mean_overall": 4.973333333333333,
      "flag_rates": {
        "safety_first": 1.0,
        "escalation_present": 1.0,
        "offline_workflow_mentioned": 0.6,
        "hallucination_suspected": 0.0
      }
    }
  },
  "4": {
    "S0": {
      "n": 30,
      "mean_runtime": 5.9969,
      "mean_R": 3.566666666666667,
      "mean_H": 3.9,
      "mean_S": 3.7,
      "mean_D": 4.033333333333333,
      "mean_K": 2.9,
      "mean_overall": 3.6199999999999997,
      "flag_rates": {
        "safety_first": 1.0,
        "escalation_present": 1.0,
        "offline_workflow_mentioned": 0.0,
        "hallucination_suspected": 0.03333333333333333
      }
    },
    "S1": {
      "n": 30,
      "mean_runtime": 8.453933333333334,
      "mean_R": 4.8,
      "mean_H": 4.6,
      "mean_S": 4.633333333333334,
      "mean_D": 4.9,
      "mean_K": 4.166666666666667,
      "mean_overall": 4.62,
      "flag_rates": {
        "safety_first": 1.0,
        "escalation_present": 1.0,
        "offline_workflow_mentioned": 0.06666666666666667,
        "hallucination_suspected": 0.06666666666666667
      }
    },
    "S2": {
      "n": 30,
      "mean_runtime": 8.6692,
      "mean_R": 4.933333333333334,
      "mean_H": 4.866666666666666,
      "mean_S": 4.666666666666667,
      "mean_D": 4.966666666666667,
      "mean_K": 4.966666666666667,
      "mean_overall": 4.88,
      "flag_rates": {
        "safety_first": 1.0,
        "escalation_present": 1.0,
        "offline_workflow_mentioned": 0.6,
        "hallucination_suspected": 0.0
      }
    }
  },
  "5": {
    "S0": {
      "n": 30,
      "mean_runtime": 5.0133,
      "mean_R": 3.533333333333333,
      "mean_H": 3.8666666666666667,
      "mean_S": 3.7666666666666666,
      "mean_D": 3.966666666666667,
      "mean_K": 2.8333333333333335,
      "mean_overall": 3.5933333333333333,
      "flag_rates": {
        "safety_first": 1.0,
        "escalation_present": 1.0,
        "offline_workflow_mentioned": 0.0,
        "hallucination_suspected": 0.06666666666666667
      }
    },
    "S1": {
      "n": 30,
      "mean_runtime": 7.721466666666667,
      "mean_R": 4.9,
      "mean_H": 4.666666666666667,
      "mean_S": 4.8,
      "mean_D": 4.933333333333334,
      "mean_K": 3.933333333333333,
      "mean_overall": 4.6466666666666665,
      "flag_rates": {
        "safety_first": 1.0,
        "escalation_present": 1.0,
        "offline_workflow_mentioned": 0.06666666666666667,
        "hallucination_suspected": 0.1
      }
    },
    "S2": {
      "n": 30,
      "mean_runtime": 8.2623,
      "mean_R": 4.933333333333334,
      "mean_H": 4.9,
      "mean_S": 4.866666666666666,
      "mean_D": 5.0,
      "mean_K": 4.966666666666667,
      "mean_overall": 4.933333333333334,
      "flag_rates": {
        "safety_first": 1.0,
        "escalation_present": 1.0,
        "offline_workflow_mentioned": 0.6,
        "hallucination_suspected": 0.0
      }
    }
  },
  "6": {
    "S0": {
      "n": 30,
      "mean_runtime": 4.9317,
      "mean_R": 3.5,
      "mean_H": 3.8666666666666667,
      "mean_S": 3.8666666666666667,
      "mean_D": 4.1,
      "mean_K": 2.8666666666666667,
      "mean_overall": 3.64,
      "flag_rates": {
        "safety_first": 1.0,
        "escalation_present": 1.0,
        "offline_workflow_mentioned": 0.0,
        "hallucination_suspected": 0.03333333333333333
      }
    },
    "S1": {
      "n": 30,
      "mean_runtime": 7.4581,
      "mean_R": 4.8,
      "mean_H": 4.633333333333334,
      "mean_S": 4.733333333333333,
      "mean_D": 4.8,
      "mean_K": 3.7,
      "mean_overall": 4.533333333333333,
      "flag_rates": {
        "safety_first": 1.0,
        "escalation_present": 1.0,
        "offline_workflow_mentioned": 0.0,
        "hallucination_suspected": 0.06666666666666667
      }
    },
    "S2": {
      "n": 30,
      "mean_runtime": 8.323866666666667,
      "mean_R": 5.0,
      "mean_H": 4.933333333333334,
      "mean_S": 4.9,
      "mean_D": 5.0,
      "mean_K": 5.0,
      "mean_overall": 4.966666666666667,
      "flag_rates": {
        "safety_first": 1.0,
        "escalation_present": 1.0,
        "offline_workflow_mentioned": 0.6,