{
  "1": {
    "S0": {
      "n": 60,
      "mean_runtime": 6.135416666666667,
      "mean_R": 3.683333333333333,
      "mean_H": 3.933333333333333,
      "mean_S": 3.9166666666666665,
      "mean_D": 4.15,
      "mean_K": 2.8333333333333335,
      "mean_overall": 3.703333333333333,
      "flag_rates": {
        "safety_first": 1.0,
        "escalation_present": 1.0,
        "offline_workflow_mentioned": 0.0,
        "hallucination_suspected": 0.06666666666666667
      }
    },
    "S1": {
      "n": 60,
      "mean_runtime": 8.321033333333334,
      "mean_R": 4.866666666666666,
      "mean_H": 4.716666666666667,
      "mean_S": 4.75,
      "mean_D": 4.883333333333334,
      "mean_K": 4.283333333333333,
      "mean_overall": 4.7,
      "flag_rates": {
        "safety_first": 1.0,
        "escalation_present": 1.0,
        "offline_workflow_mentioned": 0.11666666666666667,
        "hallucination_suspected": 0.016666666666666666
      }
    },
    "S2": {
      "n": 60,
      "mean_runtime": 8.857750000000001,
      "mean_R": 4.983333333333333,
      "mean_H": 4.933333333333334,
      "mean_S": 4.916666666666667,
      "mean_D": 4.95,
      "mean_K": 4.983333333333333,
      "mean_overall": 4.953333333333333,
      "flag_rates": {
        "safety_first": 1.0,
        "escalation_present": 1.0,
        "offline_workflow_mentioned": 0.5833333333333334,
        "hallucination_suspected": 0.0
      }
    },
    "S2_ABL_NOASSET": {
      "n": 30,
      "mean_runtime": 9.103866666666667,
      "mean_R": 4.9,
      "mean_H": 4.866666666666666,
      "mean_S": 4.866666666666666,
      "mean_D": 4.866666666666666,
      "mean_K": 4.966666666666667,
      "mean_overall": 4.8933333333333335,
      "flag_rates": {
        "safety_first": 1.0,
        "escalation_present": 1.0,
        "offline_workflow_mentioned": 0.6,
        "hallucination_suspected": 0.0
      }
    },
    "S2_ABL_NODEV": {
      "n": 30,
      "mean_runtime": 8.980799999999999,
      "mean_R": 4.933333333333334,
      "mean_H": 4.866666666666666,
      "mean_S": 4.833333333333333,
      "mean_D": 4.966666666666667,
      "mean_K": 4.966666666666667,
      "mean_overall": 4.913333333333333,
      "flag_rates": {
        "safety_first": 1.0,
        "escalation_present": 1.0,
        "offline_workflow_mentioned": 0.0,
        "hallucination_suspected": 0.0
      }
    },
    "S2_ABL_NOENV": {
      "n": 30,
      "mean_runtime": 9.116266666666666,
      "mean_R": 4.9,
      "mean_H": 4.733333333333333,
      "mean_S": 4.666666666666667,
      "mean_D": 4.9,
      "mean_K": 4.966666666666667,
      "mean_overall": 4.833333333333333,
      "flag_rates": {
        "safety_first": 1.0,
        "escalation_present": 1.0,
        "offline_workflow_mentioned": 0.6,
        "hallucination_suspected": 0.0
      }
    },
    "S2_ABL_NOINC": {
      "n": 30,
      "mean_runtime": 8.607566666666667,
      "mean_R": 4.8,
      "mean_H": 4.8,
      "mean_S": 4.9,
      "mean_D": 4.966666666666667,
      "mean_K": 4.933333333333334,
      "mean_overall": 4.88,
      "flag_rates": {
        "safety_first": 1.0,
        "escalation_present": 1.0,
        "offline_workflow_mentioned": 0.6,
        "hallucination_suspected": 0.0
      }
    }
  },
  "2": {
    "S0": {
      "n": 60,
      "mean_runtime": 5.794766666666666,
      "mean_R": 3.7,
      "mean_H": 3.816666666666667,
      "mean_S": 3.9166666666666665,
      "mean_D": 4.116666666666666,
      "mean_K": 2.7666666666666666,
      "mean_overall": 3.6633333333333336,
      "flag_rates": {
        "safety_first": 1.0,
        "escalation_present": 1.0,
        "offline_workflow_mentioned": 0.0,
        "hallucination_suspected": 0.03333333333333333
      }
    },
    "S1": {
      "n": 60,
      "mean_runtime": 9.172699999999999,
      "mean_R": 4.816666666666666,
      "mean_H": 4.733333333333333,
      "mean_S": 4.75,
      "mean_D": 4.9,
      "mean_K": 4.25,
      "mean_overall": 4.6899999999999995,
      "flag_rates": {
        "safety_first": 1.0,
        "escalation_present": 1.0,
        "offline_workflow_mentioned": 0.1,
        "hallucination_suspected": 0.06666666666666667
      }
    },
    "S2": {
      "n": 60,
      "mean_runtime": 8.794816666666666,
      "mean_R": 4.95,
      "mean_H": 4.95,
      "mean_S": 4.916666666666667,
      "mean_D": 4.933333333333334,
      "mean_K": 4.983333333333333,
      "mean_overall": 4.946666666666667,
      "flag_rates": {
        "safety_first": 1.0,
        "escalation_present": 1.0,
        "offline_workflow_mentioned": 0.6,
        "hallucination_suspected": 0.0
      }
    },
    "S2_ABL_NOASSET": {
      "n": 30,
      "mean_runtime": 9.652566666666667,
      "mean_R": 4.933333333333334,
      "mean_H": 4.933333333333334,
      "mean_S": 4.9,
      "mean_D": 5.0,
      "mean_K": 5.0,
      "mean_overall": 4.953333333333333,
      "flag_rates": {
        "safety_first": 1.0,
        "escalation_present": 1.0,
        "offline_workflow_mentioned": 0.6,
        "hallucination_suspected": 0.0
      }
    },
    "S2_ABL_NODEV": {
      "n": 30,
      "mean_runtime": 8.844166666666666,
      "mean_R": 4.933333333333334,
      "mean_H": 4.766666666666667,
      "mean_S": 4.8,
      "mean_D": 4.933333333333334,
      "mean_K": 4.966666666666667,
      "mean_overall": 4.88,
      "flag_rates": {
        "safety_first": 1.0,
        "escalation_present": 1.0,
        "offline_workflow_mentioned": 0.0,
        "hallucination_suspected": 0.0
      }
    },
    "S2_ABL_NOENV": {
      "n": 30,
      "mean_runtime": 8.653699999999999,
      "mean_R": 4.9,
      "mean_H": 4.733333333333333,
      "mean_S": 4.8,
      "mean_D": 4.933333333333334,
      "mean_K": 4.966666666666667,
      "mean_overall": 4.866666666666666,
      "flag_rates": {
        "safety_first": 1.0,
        "escalation_present": 1.0,
        "offline_workflow_mentioned": 0.6,
        "hallucination_suspected": 0.0
      }
    },
    "S2_ABL_NOINC": {
      "n": 30,
      "mean_runtime": 8.9298,
      "mean_R": 4.933333333333334,
      "mean_H": 4.966666666666667,
      "mean_S": 4.966666666666667,
      "mean_D": 5.0,
      "mean_K": 5.0,
      "mean_overall": 4.973333333333333,
      "flag_rates": {
        "safety_first": 1.0,
        "escalation_present": 1.0,
        "offline_workflow_mentioned": 0.6,
        "hallucination_suspected": 0.0
      }
    }
  },
  "3": {
    "S0": {
      "n": 60,
      "mean_runtime": 5.897133333333333,
      "mean_R": 3.7333333333333334,
      "mean_H": 3.9,
      "mean_S": 3.85,
      "mean_D": 4.166666666666667,
      "mean_K": 2.816666666666667,
      "mean_overall": 3.6933333333333334,
      "flag_rates": {
        "safety_first": 1.0,
        "escalation_present": 1.0,
        "offline_workflow_mentioned": 0.0,
        "hallucination_suspected": 0.06666666666666667
      }
    },
    "S1": {
      "n": 60,
      "mean_runtime": 8.193633333333333,
      "mean_R": 4.916666666666667,
      "mean_H": 4.75,
      "mean_S": 4.733333333333333,
      "mean_D": 5.0,
      "mean_K": 4.216666666666667,
      "mean_overall": 4.723333333333333,
      "flag_rates": {
        "safety_first": 0.9833333333333333,
        "escalation_present": 1.0,
        "offline_workflow_mentioned": 0.15,
        "hallucination_suspected": 0.05
      }
    },
    "S2": {
      "n": 60,
      "mean_runtime": 8.680266666666666,
      "mean_R": 4.966666666666667,
      "mean_H": 4.916666666666667,
      "mean_S": 4.883333333333334,
      "mean_D": 4.966666666666667,
      "mean_K": 4.966666666666667,
      "mean_overall": 4.9399999999999995,
      "flag_rates": {
        "safety_first": 1.0,
        "escalation_present": 1.0,
        "offline_workflow_mentioned": 0.6166666666666667,
        "hallucination_suspected": 0.0
      }
    },
    "S2_ABL_NOASSET": {
      "n": 30,
      "mean_runtime": 9.7382,
      "mean_R": 4.866666666666666,
      "mean_H": 4.9,
      "mean_S": 4.866666666666666,
      "mean_D": 4.933333333333334,