{
  "S0": {
    "n": 30,
    "mean_runtime": 4.9317,
    "mean_R": 3.5,
    "mean_H": 3.8666666666666667,
    "mean_S": 3.8666666666666667,
    "mean_D": 4.1,
    "mean_K": 2.8666666666666667,
    "mean_overall": 3.64,
    "flag_rates": {
      "safety_first": 1.0,
      "escalation_present": 1.0,
      "offline_workflow_mentioned": 0.0,
      "hallucination_suspected": 0.03333333333333333
    }
  },
  "S1": {
    "n": 30,
    "mean_runtime": 7.4581,
    "mean_R": 4.8,
    "mean_H": 4.633333333333334,
    "mean_S": 4.733333333333333,
    "mean_D": 4.8,
    "mean_K": 3.7,
    "mean_overall": 4.533333333333333,
    "flag_rates": {
      "safety_first": 1.0,
      "escalation_present": 1.0,
      "offline_workflow_mentioned": 0.0,
      "hallucination_suspected": 0.06666666666666667
    }
  },
  "S2": {
    "n": 30,
    "mean_runtime": 8.323866666666667,
    "mean_R": 5.0,
    "mean_H": 4.933333333333334,
    "mean_S": 4.9,
    "mean_D": 5.0,
    "mean_K": 5.0,
    "mean_overall": 4.966666666666667,
    "flag_rates": {
      "safety_first": 1.0,
      "escalation_present": 1.0,
      "offline_workflow_mentioned": 0.6,
      "hallucination_suspected": 0.0
    }
  }
}