{
  "L0": {
    "n": 60,
    "mean_runtime": 5.806966666666667,
    "mean_R": 3.65,
    "mean_H": 3.7666666666666666,
    "mean_S": 3.8833333333333333,
    "mean_D": 4.05,
    "mean_K": 2.85,
    "mean_overall": 3.64,
    "flag_rates": {
      "safety_first": 1.0,
      "escalation_present": 1.0,
      "offline_workflow_mentioned": 0.0,
      "hallucination_suspected": 0.06666666666666667
    }
  },
  "L2": {
    "n": 60,
    "mean_runtime": 8.475033333333334,
    "mean_R": 4.816666666666666,
    "mean_H": 4.666666666666667,
    "mean_S": 4.75,
    "mean_D": 4.866666666666666,
    "mean_K": 4.15,
    "mean_overall": 4.65,
    "flag_rates": {
      "safety_first": 0.9833333333333333,
      "escalation_present": 1.0,
      "offline_workflow_mentioned": 0.13333333333333333,
      "hallucination_suspected": 0.1
    }
  },
  "L2B": {
    "n": 60,
    "mean_runtime": 8.689816666666667,
    "mean_R": 4.933333333333334,
    "mean_H": 4.883333333333334,
    "mean_S": 4.816666666666666,
    "mean_D": 4.95,
    "mean_K": 4.983333333333333,
    "mean_overall": 4.913333333333333,
    "flag_rates": {
      "safety_first": 1.0,
      "escalation_present": 1.0,
      "offline_workflow_mentioned": 0.5666666666666667,
      "hallucination_suspected": 0.0
    }
  },
  "unknown": {
    "n": 120,
    "mean_runtime": 9.17315,
    "mean_R": 4.85,
    "mean_H": 4.858333333333333,
    "mean_S": 4.841666666666667,
    "mean_D": 4.95,
    "mean_K": 4.966666666666667,
    "mean_overall": 4.8933333333333335,
    "flag_rates": {
      "safety_first": 1.0,
      "escalation_present": 1.0,
      "offline_workflow_mentioned": 0.4666666666666667,
      "hallucination_suspected": 0.0
    }
  }
}