{
  "L0": {
    "n": 60,
    "mean_runtime": 5.87725,
    "mean_R": 3.716666666666667,
    "mean_H": 3.816666666666667,
    "mean_S": 3.783333333333333,
    "mean_D": 4.083333333333333,
    "mean_K": 2.9,
    "mean_overall": 3.6599999999999997,
    "flag_rates": {
      "safety_first": 1.0,
      "escalation_present": 1.0,
      "offline_workflow_mentioned": 0.0,
      "hallucination_suspected": 0.1
    }
  },
  "L2": {
    "n": 60,
    "mean_runtime": 8.643,
    "mean_R": 4.866666666666666,
    "mean_H": 4.716666666666667,
    "mean_S": 4.8,
    "mean_D": 4.9,
    "mean_K": 4.2,
    "mean_overall": 4.696666666666667,
    "flag_rates": {
      "safety_first": 0.9833333333333333,
      "escalation_present": 1.0,
      "offline_workflow_mentioned": 0.15,
      "hallucination_suspected": 0.08333333333333333
    }
  },
  "L2B": {
    "n": 60,
    "mean_runtime": 8.721566666666666,
    "mean_R": 4.95,
    "mean_H": 4.883333333333334,
    "mean_S": 4.883333333333334,
    "mean_D": 4.916666666666667,
    "mean_K": 5.0,
    "mean_overall": 4.926666666666667,
    "flag_rates": {
      "safety_first": 1.0,
      "escalation_present": 1.0,
      "offline_workflow_mentioned": 0.6,
      "hallucination_suspected": 0.0
    }
  },
  "unknown": {
    "n": 120,
    "mean_runtime": 9.17315,
    "mean_R": 4.85,
    "mean_H": 4.858333333333333,
    "mean_S": 4.841666666666667,
    "mean_D": 4.95,
    "mean_K": 4.966666666666667,
    "mean_overall": 4.8933333333333335,
    "flag_rates": {
      "safety_first": 1.0,
      "escalation_present": 1.0,
      "offline_workflow_mentioned": 0.4666666666666667,
      "hallucination_suspected": 0.0
    }
  }
}