{
  "S0": {
    "n": 30,
    "mean_runtime": 5.4493,
    "mean_R": 3.6333333333333333,
    "mean_H": 3.9,
    "mean_S": 3.7333333333333334,
    "mean_D": 4.033333333333333,
    "mean_K": 2.8666666666666667,
    "mean_overall": 3.6333333333333333,
    "flag_rates": {
      "safety_first": 1.0,
      "escalation_present": 1.0,
      "offline_workflow_mentioned": 0.0,
      "hallucination_suspected": 0.03333333333333333
    }
  },
  "S1": {
    "n": 30,
    "mean_runtime": 8.452233333333334,
    "mean_R": 4.866666666666666,
    "mean_H": 4.7,
    "mean_S": 4.633333333333334,
    "mean_D": 5.0,
    "mean_K": 3.8333333333333335,
    "mean_overall": 4.6066666666666665,
    "flag_rates": {
      "safety_first": 0.9666666666666667,
      "escalation_present": 1.0,
      "offline_workflow_mentioned": 0.06666666666666667,
      "hallucination_suspected": 0.1
    }
  },
  "S2": {
    "n": 30,
    "mean_runtime": 8.805733333333334,
    "mean_R": 5.0,
    "mean_H": 4.966666666666667,
    "mean_S": 4.9,
    "mean_D": 5.0,
    "mean_K": 5.0,
    "mean_overall": 4.973333333333333,
    "flag_rates": {
      "safety_first": 1.0,
      "escalation_present": 1.0,
      "offline_workflow_mentioned": 0.6,
      "hallucination_suspected": 0.0
    }
  }
}