{
  "L0": {
    "n": 30,
    "mean_runtime": 5.3031,
    "mean_R": 3.566666666666667,
    "mean_H": 3.8666666666666667,
    "mean_S": 3.566666666666667,
    "mean_D": 4.1,
    "mean_K": 2.8666666666666667,
    "mean_overall": 3.5933333333333333,
    "flag_rates": {
      "safety_first": 1.0,
      "escalation_present": 1.0,
      "offline_workflow_mentioned": 0.0,
      "hallucination_suspected": 0.06666666666666667
    }
  },
  "L2": {
    "n": 30,
    "mean_runtime": 8.2994,
    "mean_R": 4.733333333333333,
    "mean_H": 4.6,
    "mean_S": 4.566666666666666,
    "mean_D": 4.866666666666666,
    "mean_K": 3.8,
    "mean_overall": 4.513333333333334,
    "flag_rates": {
      "safety_first": 1.0,
      "escalation_present": 1.0,
      "offline_workflow_mentioned": 0.06666666666666667,
      "hallucination_suspected": 0.13333333333333333
    }
  },
  "L2B": {
    "n": 30,
    "mean_runtime": 8.408533333333333,
    "mean_R": 4.966666666666667,
    "mean_H": 4.966666666666667,
    "mean_S": 4.766666666666667,
    "mean_D": 5.0,
    "mean_K": 4.966666666666667,
    "mean_overall": 4.933333333333334,
    "flag_rates": {
      "safety_first": 1.0,
      "escalation_present": 1.0,
      "offline_workflow_mentioned": 0.6,
      "hallucination_suspected": 0.0
    }
  }
}