{
  "L0": {
    "n": 30,
    "mean_runtime": 5.202366666666666,
    "mean_R": 3.6,
    "mean_H": 3.8333333333333335,
    "mean_S": 3.8,
    "mean_D": 4.0,
    "mean_K": 2.8666666666666667,
    "mean_overall": 3.6199999999999997,
    "flag_rates": {
      "safety_first": 1.0,
      "escalation_present": 1.0,
      "offline_workflow_mentioned": 0.0,
      "hallucination_suspected": 0.03333333333333333
    }
  },
  "L2": {
    "n": 30,
    "mean_runtime": 8.389866666666666,
    "mean_R": 4.8,
    "mean_H": 4.6,
    "mean_S": 4.566666666666666,
    "mean_D": 4.933333333333334,
    "mean_K": 3.8666666666666667,
    "mean_overall": 4.553333333333333,
    "flag_rates": {
      "safety_first": 1.0,
      "escalation_present": 1.0,
      "offline_workflow_mentioned": 0.1,
      "hallucination_suspected": 0.13333333333333333
    }
  },
  "L2B": {
    "n": 30,
    "mean_runtime": 8.615433333333334,
    "mean_R": 4.866666666666666,
    "mean_H": 4.8,
    "mean_S": 4.766666666666667,
    "mean_D": 4.966666666666667,
    "mean_K": 4.966666666666667,
    "mean_overall": 4.873333333333333,
    "flag_rates": {
      "safety_first": 1.0,
      "escalation_present": 1.0,
      "offline_workflow_mentioned": 0.6,
      "hallucination_suspected": 0.0
    }
  }
}