{
  "L0": {
    "n": 30,
    "mean_runtime": 5.0133,
    "mean_R": 3.533333333333333,
    "mean_H": 3.8666666666666667,
    "mean_S": 3.7666666666666666,
    "mean_D": 3.966666666666667,
    "mean_K": 2.8333333333333335,
    "mean_overall": 3.5933333333333333,
    "flag_rates": {
      "safety_first": 1.0,
      "escalation_present": 1.0,
      "offline_workflow_mentioned": 0.0,
      "hallucination_suspected": 0.06666666666666667
    }
  },
  "L2": {
    "n": 30,
    "mean_runtime": 7.721466666666667,
    "mean_R": 4.9,
    "mean_H": 4.666666666666667,
    "mean_S": 4.8,
    "mean_D": 4.933333333333334,
    "mean_K": 3.933333333333333,
    "mean_overall": 4.6466666666666665,
    "flag_rates": {
      "safety_first": 1.0,
      "escalation_present": 1.0,
      "offline_workflow_mentioned": 0.06666666666666667,
      "hallucination_suspected": 0.1
    }
  },
  "L2B": {
    "n": 30,
    "mean_runtime": 8.2623,
    "mean_R": 4.933333333333334,
    "mean_H": 4.9,
    "mean_S": 4.866666666666666,
    "mean_D": 5.0,
    "mean_K": 4.966666666666667,
    "mean_overall": 4.933333333333334,
    "flag_rates": {
      "safety_first": 1.0,
      "escalation_present": 1.0,
      "offline_workflow_mentioned": 0.6,
      "hallucination_suspected": 0.0
    }
  }
}