{
  "L0": {
    "n": 60,
    "mean_runtime": 5.748983333333333,
    "mean_R": 3.7,
    "mean_H": 3.8,
    "mean_S": 3.85,
    "mean_D": 4.083333333333333,
    "mean_K": 2.8,
    "mean_overall": 3.646666666666667,
    "flag_rates": {
      "safety_first": 1.0,
      "escalation_present": 1.0,
      "offline_workflow_mentioned": 0.0,
      "hallucination_suspected": 0.08333333333333333
    }
  },
  "L2": {
    "n": 60,
    "mean_runtime": 8.8496,
    "mean_R": 4.866666666666666,
    "mean_H": 4.716666666666667,
    "mean_S": 4.8,
    "mean_D": 4.9,
    "mean_K": 4.233333333333333,
    "mean_overall": 4.703333333333333,
    "flag_rates": {
      "safety_first": 0.9833333333333333,
      "escalation_present": 1.0,
      "offline_workflow_mentioned": 0.15,
      "hallucination_suspected": 0.08333333333333333
    }
  },
  "L2B": {
    "n": 60,
    "mean_runtime": 8.737933333333332,
    "mean_R": 4.933333333333334,
    "mean_H": 4.933333333333334,
    "mean_S": 4.9,
    "mean_D": 4.933333333333334,
    "mean_K": 4.983333333333333,
    "mean_overall": 4.9366666666666665,
    "flag_rates": {
      "safety_first": 1.0,
      "escalation_present": 1.0,
      "offline_workflow_mentioned": 0.5833333333333334,
      "hallucination_suspected": 0.0
    }
  },
  "unknown": {
    "n": 120,
    "mean_runtime": 9.17315,
    "mean_R": 4.85,
    "mean_H": 4.858333333333333,
    "mean_S": 4.841666666666667,
    "mean_D": 4.95,
    "mean_K": 4.966666666666667,
    "mean_overall": 4.8933333333333335,
    "flag_rates": {
      "safety_first": 1.0,
      "escalation_present": 1.0,
      "offline_workflow_mentioned": 0.4666666666666667,
      "hallucination_suspected": 0.0
    }
  }
}