{
  "L0": {
    "n": 60,
    "mean_runtime": 5.89805,
    "mean_R": 3.6333333333333333,
    "mean_H": 3.8333333333333335,
    "mean_S": 3.7666666666666666,
    "mean_D": 4.133333333333334,
    "mean_K": 2.783333333333333,
    "mean_overall": 3.6300000000000003,
    "flag_rates": {
      "safety_first": 1.0,
      "escalation_present": 1.0,
      "offline_workflow_mentioned": 0.0,
      "hallucination_suspected": 0.13333333333333333
    }
  },
  "L2": {
    "n": 60,
    "mean_runtime": 8.633433333333333,
    "mean_R": 4.833333333333333,
    "mean_H": 4.65,
    "mean_S": 4.733333333333333,
    "mean_D": 4.866666666666666,
    "mean_K": 4.216666666666667,
    "mean_overall": 4.66,
    "flag_rates": {
      "safety_first": 0.9833333333333333,
      "escalation_present": 1.0,
      "offline_workflow_mentioned": 0.1,
      "hallucination_suspected": 0.08333333333333333
    }
  },
  "L2B": {
    "n": 60,
    "mean_runtime": 8.7423,
    "mean_R": 4.9,
    "mean_H": 4.833333333333333,
    "mean_S": 4.783333333333333,
    "mean_D": 4.9,
    "mean_K": 4.966666666666667,
    "mean_overall": 4.876666666666667,
    "flag_rates": {
      "safety_first": 0.9833333333333333,
      "escalation_present": 1.0,
      "offline_workflow_mentioned": 0.6,
      "hallucination_suspected": 0.0
    }
  },
  "unknown": {
    "n": 120,
    "mean_runtime": 9.17315,
    "mean_R": 4.85,
    "mean_H": 4.858333333333333,
    "mean_S": 4.841666666666667,
    "mean_D": 4.95,
    "mean_K": 4.966666666666667,
    "mean_overall": 4.8933333333333335,
    "flag_rates": {
      "safety_first": 1.0,
      "escalation_present": 1.0,
      "offline_workflow_mentioned": 0.4666666666666667,
      "hallucination_suspected": 0.0
    }
  }
}