{
  "L0": {
    "n": 60,
    "mean_runtime": 5.885666666666666,
    "mean_R": 3.7,
    "mean_H": 3.8,
    "mean_S": 3.8333333333333335,
    "mean_D": 4.066666666666666,
    "mean_K": 2.816666666666667,
    "mean_overall": 3.643333333333333,
    "flag_rates": {
      "safety_first": 1.0,
      "escalation_present": 1.0,
      "offline_workflow_mentioned": 0.0,
      "hallucination_suspected": 0.08333333333333333
    }
  },
  "L2": {
    "n": 60,
    "mean_runtime": 9.011533333333334,
    "mean_R": 4.883333333333334,
    "mean_H": 4.716666666666667,
    "mean_S": 4.8,
    "mean_D": 4.916666666666667,
    "mean_K": 4.183333333333334,
    "mean_overall": 4.7,
    "flag_rates": {
      "safety_first": 0.9833333333333333,
      "escalation_present": 1.0,
      "offline_workflow_mentioned": 0.1,
      "hallucination_suspected": 0.08333333333333333
    }
  },
  "L2B": {
    "n": 60,
    "mean_runtime": 8.819816666666666,
    "mean_R": 4.95,
    "mean_H": 4.883333333333334,
    "mean_S": 4.866666666666666,
    "mean_D": 4.966666666666667,
    "mean_K": 4.983333333333333,
    "mean_overall": 4.930000000000001,
    "flag_rates": {
      "safety_first": 1.0,
      "escalation_present": 1.0,
      "offline_workflow_mentioned": 0.6166666666666667,
      "hallucination_suspected": 0.0
    }
  },
  "unknown": {
    "n": 120,
    "mean_runtime": 9.17315,
    "mean_R": 4.85,
    "mean_H": 4.858333333333333,
    "mean_S": 4.841666666666667,
    "mean_D": 4.95,
    "mean_K": 4.966666666666667,
    "mean_overall": 4.8933333333333335,
    "flag_rates": {
      "safety_first": 1.0,
      "escalation_present": 1.0,
      "offline_workflow_mentioned": 0.4666666666666667,
      "hallucination_suspected": 0.0
    }
  }
}