{
  "S0": {
    "n": 30,
    "mean_runtime": 6.248833333333334,
    "mean_R": 3.5,
    "mean_H": 3.9,
    "mean_S": 3.8,
    "mean_D": 4.166666666666667,
    "mean_K": 2.9,
    "mean_overall": 3.6533333333333333,
    "flag_rates": {
      "safety_first": 1.0,
      "escalation_present": 1.0,
      "offline_workflow_mentioned": 0.0,
      "hallucination_suspected": 0.03333333333333333
    }
  },
  "S1": {
    "n": 30,
    "mean_runtime": 8.778566666666668,
    "mean_R": 4.8,
    "mean_H": 4.633333333333334,
    "mean_S": 4.7,
    "mean_D": 4.766666666666667,
    "mean_K": 4.066666666666666,
    "mean_overall": 4.593333333333334,
    "flag_rates": {
      "safety_first": 1.0,
      "escalation_present": 1.0,
      "offline_workflow_mentioned": 0.06666666666666667,
      "hallucination_suspected": 0.03333333333333333
    }
  },
  "S2": {
    "n": 30,
    "mean_runtime": 9.322933333333333,
    "mean_R": 5.0,
    "mean_H": 4.966666666666667,
    "mean_S": 4.9,
    "mean_D": 5.0,
    "mean_K": 5.0,
    "mean_overall": 4.973333333333333,
    "flag_rates": {
      "safety_first": 1.0,
      "escalation_present": 1.0,
      "offline_workflow_mentioned": 0.6,
      "hallucination_suspected": 0.0
    }
  }
}