{
  "L0": {
    "n": 60,
    "mean_runtime": 5.8947666666666665,
    "mean_R": 3.683333333333333,
    "mean_H": 3.783333333333333,
    "mean_S": 3.783333333333333,
    "mean_D": 4.15,
    "mean_K": 2.8333333333333335,
    "mean_overall": 3.646666666666667,
    "flag_rates": {
      "safety_first": 1.0,
      "escalation_present": 1.0,
      "offline_workflow_mentioned": 0.0,
      "hallucination_suspected": 0.1
    }
  },
  "L2": {
    "n": 60,
    "mean_runtime": 8.277733333333334,
    "mean_R": 4.883333333333334,
    "mean_H": 4.7,
    "mean_S": 4.783333333333333,
    "mean_D": 4.916666666666667,
    "mean_K": 4.233333333333333,
    "mean_overall": 4.703333333333333,
    "flag_rates": {
      "safety_first": 0.9833333333333333,
      "escalation_present": 1.0,
      "offline_workflow_mentioned": 0.16666666666666666,
      "hallucination_suspected": 0.08333333333333333
    }
  },
  "L2B": {
    "n": 60,
    "mean_runtime": 8.831716666666667,
    "mean_R": 4.933333333333334,
    "mean_H": 4.866666666666666,
    "mean_S": 4.85,
    "mean_D": 4.95,
    "mean_K": 4.966666666666667,
    "mean_overall": 4.913333333333333,
    "flag_rates": {
      "safety_first": 1.0,
      "escalation_present": 1.0,
      "offline_workflow_mentioned": 0.6166666666666667,
      "hallucination_suspected": 0.0
    }
  },
  "unknown": {
    "n": 120,
    "mean_runtime": 9.17315,
    "mean_R": 4.85,
    "mean_H": 4.858333333333333,
    "mean_S": 4.841666666666667,
    "mean_D": 4.95,
    "mean_K": 4.966666666666667,
    "mean_overall": 4.8933333333333335,
    "flag_rates": {
      "safety_first": 1.0,
      "escalation_present": 1.0,
      "offline_workflow_mentioned": 0.4666666666666667,
      "hallucination_suspected": 0.0
    }
  }
}