{
  "L0": {
    "n": 30,
    "mean_runtime": 5.4668,
    "mean_R": 3.566666666666667,
    "mean_H": 3.8666666666666667,
    "mean_S": 3.8666666666666667,
    "mean_D": 4.1,
    "mean_K": 2.8666666666666667,
    "mean_overall": 3.6533333333333333,
    "flag_rates": {
      "safety_first": 1.0,
      "escalation_present": 1.0,
      "offline_workflow_mentioned": 0.0,
      "hallucination_suspected": 0.03333333333333333
    }
  },
  "L2": {
    "n": 30,
    "mean_runtime": 7.7861,
    "mean_R": 4.733333333333333,
    "mean_H": 4.666666666666667,
    "mean_S": 4.666666666666667,
    "mean_D": 4.833333333333333,
    "mean_K": 3.7333333333333334,
    "mean_overall": 4.526666666666667,
    "flag_rates": {
      "safety_first": 1.0,
      "escalation_present": 1.0,
      "offline_workflow_mentioned": 0.06666666666666667,
      "hallucination_suspected": 0.16666666666666666
    }
  },
  "L2B": {
    "n": 30,
    "mean_runtime": 8.664866666666667,
    "mean_R": 4.9,
    "mean_H": 4.866666666666666,
    "mean_S": 4.8,
    "mean_D": 4.966666666666667,
    "mean_K": 5.0,
    "mean_overall": 4.906666666666666,
    "flag_rates": {
      "safety_first": 1.0,
      "escalation_present": 1.0,
      "offline_workflow_mentioned": 0.6,
      "hallucination_suspected": 0.0
    }
  }
}