{
  "S0": {
    "n": 30,
    "mean_runtime": 5.9969,
    "mean_R": 3.566666666666667,
    "mean_H": 3.9,
    "mean_S": 3.7,
    "mean_D": 4.033333333333333,
    "mean_K": 2.9,
    "mean_overall": 3.6199999999999997,
    "flag_rates": {
      "safety_first": 1.0,
      "escalation_present": 1.0,
      "offline_workflow_mentioned": 0.0,
      "hallucination_suspected": 0.03333333333333333
    }
  },
  "S1": {
    "n": 30,
    "mean_runtime": 8.453933333333334,
    "mean_R": 4.8,
    "mean_H": 4.6,
    "mean_S": 4.633333333333334,
    "mean_D": 4.9,
    "mean_K": 4.166666666666667,
    "mean_overall": 4.62,
    "flag_rates": {
      "safety_first": 1.0,
      "escalation_present": 1.0,
      "offline_workflow_mentioned": 0.06666666666666667,
      "hallucination_suspected": 0.06666666666666667
    }
  },
  "S2": {
    "n": 30,
    "mean_runtime": 8.6692,
    "mean_R": 4.933333333333334,
    "mean_H": 4.866666666666666,
    "mean_S": 4.666666666666667,
    "mean_D": 4.966666666666667,
    "mean_K": 4.966666666666667,
    "mean_overall": 4.88,
    "flag_rates": {
      "safety_first": 1.0,
      "escalation_present": 1.0,
      "offline_workflow_mentioned": 0.6,
      "hallucination_suspected": 0.0
    }
  }
}