{
  "L0": {
    "n": 60,
    "mean_runtime": 5.742883333333333,
    "mean_R": 3.6666666666666665,
    "mean_H": 3.783333333333333,
    "mean_S": 3.8,
    "mean_D": 4.1,
    "mean_K": 2.85,
    "mean_overall": 3.64,
    "flag_rates": {
      "safety_first": 0.9833333333333333,
      "escalation_present": 1.0,
      "offline_workflow_mentioned": 0.0,
      "hallucination_suspected": 0.13333333333333333
    }
  },
  "L2": {
    "n": 60,
    "mean_runtime": 8.650816666666666,
    "mean_R": 4.816666666666666,
    "mean_H": 4.683333333333334,
    "mean_S": 4.8,
    "mean_D": 4.9,
    "mean_K": 4.116666666666666,
    "mean_overall": 4.663333333333333,
    "flag_rates": {
      "safety_first": 0.9833333333333333,
      "escalation_present": 1.0,
      "offline_workflow_mentioned": 0.1,
      "hallucination_suspected": 0.08333333333333333
    }
  },
  "L2B": {
    "n": 60,
    "mean_runtime": 8.613066666666667,
    "mean_R": 4.9,
    "mean_H": 4.816666666666666,
    "mean_S": 4.85,
    "mean_D": 4.95,
    "mean_K": 5.0,
    "mean_overall": 4.903333333333333,
    "flag_rates": {
      "safety_first": 1.0,
      "escalation_present": 1.0,
      "offline_workflow_mentioned": 0.6166666666666667,
      "hallucination_suspected": 0.0
    }
  },
  "unknown": {
    "n": 120,
    "mean_runtime": 9.17315,
    "mean_R": 4.85,
    "mean_H": 4.858333333333333,
    "mean_S": 4.841666666666667,
    "mean_D": 4.95,
    "mean_K": 4.966666666666667,
    "mean_overall": 4.8933333333333335,
    "flag_rates": {
      "safety_first": 1.0,
      "escalation_present": 1.0,
      "offline_workflow_mentioned": 0.4666666666666667,
      "hallucination_suspected": 0.0
    }
  }
}