{
  "L0": {
    "n": 30,
    "mean_runtime": 5.536133333333334,
    "mean_R": 3.533333333333333,
    "mean_H": 3.7,
    "mean_S": 3.7333333333333334,
    "mean_D": 4.066666666666666,
    "mean_K": 2.8333333333333335,
    "mean_overall": 3.5733333333333333,
    "flag_rates": {
      "safety_first": 1.0,
      "escalation_present": 1.0,
      "offline_workflow_mentioned": 0.0,
      "hallucination_suspected": 0.0
    }
  },
  "L2": {
    "n": 30,
    "mean_runtime": 9.266633333333335,
    "mean_R": 4.7,
    "mean_H": 4.633333333333334,
    "mean_S": 4.633333333333334,
    "mean_D": 4.833333333333333,
    "mean_K": 3.9,
    "mean_overall": 4.54,
    "flag_rates": {
      "safety_first": 1.0,
      "escalation_present": 1.0,
      "offline_workflow_mentioned": 0.0,
      "hallucination_suspected": 0.13333333333333333
    }
  },
  "L2B": {
    "n": 30,
    "mean_runtime": 9.222399999999999,
    "mean_R": 4.966666666666667,
    "mean_H": 4.9,
    "mean_S": 4.866666666666666,
    "mean_D": 4.966666666666667,
    "mean_K": 5.0,
    "mean_overall": 4.9399999999999995,
    "flag_rates": {
      "safety_first": 1.0,
      "escalation_present": 1.0,
      "offline_workflow_mentioned": 0.6333333333333333,
      "hallucination_suspected": 0.0
    }
  }
}