{
  "judge_version_filter": "judge_v1_1",
  "unweighted": true,
  "per_strategy": {
    "S0": {
      "mean_R": {
        "n_runs": 10,
        "mean_of_run_means": 3.5533333333333332,
        "min_run_mean": 3.466666666666667,
        "max_run_mean": 3.6
      },
      "mean_H": {
        "n_runs": 10,
        "mean_of_run_means": 3.8566666666666665,
        "min_run_mean": 3.7,
        "max_run_mean": 3.933333333333333
      },
      "mean_S": {
        "n_runs": 10,
        "mean_of_run_means": 3.8266666666666667,
        "min_run_mean": 3.6,
        "max_run_mean": 3.933333333333333
      },
      "mean_D": {
        "n_runs": 10,
        "mean_of_run_means": 4.04,
        "min_run_mean": 3.966666666666667,
        "max_run_mean": 4.1
      },
      "mean_K": {
        "n_runs": 10,
        "mean_of_run_means": 2.8633333333333333,
        "min_run_mean": 2.7333333333333334,
        "max_run_mean": 2.966666666666667
      },
      "mean_overall": {
        "n_runs": 10,
        "mean_of_run_means": 3.628,
        "min_run_mean": 3.54,
        "max_run_mean": 3.6733333333333333
      }
    },
    "S0_RAW": {
      "mean_R": {
        "n_runs": 1,
        "mean_of_run_means": 4.966666666666667,
        "min_run_mean": 4.966666666666667,
        "max_run_mean": 4.966666666666667
      },
      "mean_H": {
        "n_runs": 1,
        "mean_of_run_means": 4.933333333333334,
        "min_run_mean": 4.933333333333334,
        "max_run_mean": 4.933333333333334
      },
      "mean_S": {
        "n_runs": 1,
        "mean_of_run_means": 4.966666666666667,
        "min_run_mean": 4.966666666666667,
        "max_run_mean": 4.966666666666667
      },
      "mean_D": {
        "n_runs": 1,
        "mean_of_run_means": 4.966666666666667,
        "min_run_mean": 4.966666666666667,
        "max_run_mean": 4.966666666666667
      },
      "mean_K": {
        "n_runs": 1,
        "mean_of_run_means": 4.966666666666667,
        "min_run_mean": 4.966666666666667,
        "max_run_mean": 4.966666666666667
      },
      "mean_overall": {
        "n_runs": 1,
        "mean_of_run_means": 4.96,
        "min_run_mean": 4.96,
        "max_run_mean": 4.96
      }
    },
    "S0_UNSTRUCTURED": {
      "mean_R": {
        "n_runs": 1,
        "mean_of_run_means": 4.8,
        "min_run_mean": 4.8,
        "max_run_mean": 4.8
      },
      "mean_H": {
        "n_runs": 1,
        "mean_of_run_means": 4.833333333333333,
        "min_run_mean": 4.833333333333333,
        "max_run_mean": 4.833333333333333
      },
      "mean_S": {
        "n_runs": 1,
        "mean_of_run_means": 4.933333333333334,
        "min_run_mean": 4.933333333333334,
        "max_run_mean": 4.933333333333334
      },
      "mean_D": {
        "n_runs": 1,
        "mean_of_run_means": 4.966666666666667,
        "min_run_mean": 4.966666666666667,
        "max_run_mean": 4.966666666666667
      },
      "mean_K": {
        "n_runs": 1,
        "mean_of_run_means": 4.866666666666666,
        "min_run_mean": 4.866666666666666,
        "max_run_mean": 4.866666666666666
      },
      "mean_overall": {
        "n_runs": 1,
        "mean_of_run_means": 4.88,
        "min_run_mean": 4.88,
        "max_run_mean": 4.88
      }
    },
    "S1": {
      "mean_R": {
        "n_runs": 10,
        "mean_of_run_means": 4.75,
        "min_run_mean": 4.6,
        "max_run_mean": 4.833333333333333
      },
      "mean_H": {
        "n_runs": 10,
        "mean_of_run_means": 4.623333333333333,
        "min_run_mean": 4.5,
        "max_run_mean": 4.8
      },
      "mean_S": {
        "n_runs": 10,
        "mean_of_run_means": 4.66,
        "min_run_mean": 4.566666666666666,
        "max_run_mean": 4.733333333333333
      },
      "mean_D": {
        "n_runs": 10,
        "mean_of_run_means": 4.883333333333334,
        "min_run_mean": 4.8,
        "max_run_mean": 4.966666666666667
      },
      "mean_K": {
        "n_runs": 10,
        "mean_of_run_means": 3.8766666666666665,
        "min_run_mean": 3.7,
        "max_run_mean": 4.1
      },
      "mean_overall": {
        "n_runs": 10,
        "mean_of_run_means": 4.558666666666666,
        "min_run_mean": 4.48,
        "max_run_mean": 4.66
      }
    },
    "S2": {
      "mean_R": {
        "n_runs": 10,
        "mean_of_run_means": 4.9366666666666665,
        "min_run_mean": 4.833333333333333,
        "max_run_mean": 4.966666666666667
      },
      "mean_H": {
        "n_runs": 10,
        "mean_of_run_means": 4.903333333333333,
        "min_run_mean": 4.833333333333333,
        "max_run_mean": 4.966666666666667
      },
      "mean_S": {
        "n_runs": 10,
        "mean_of_run_means": 4.826666666666666,
        "min_run_mean": 4.766666666666667,
        "max_run_mean": 4.9
      },
      "mean_D": {
        "n_runs": 10,
        "mean_of_run_means": 4.983333333333333,
        "min_run_mean": 4.9,
        "max_run_mean": 5.0
      },
      "mean_K": {
        "n_runs": 10,
        "mean_of_run_means": 4.983333333333333,
        "min_run_mean": 4.966666666666667,
        "max_run_mean": 5.0
      },
      "mean_overall": {
        "n_runs": 10,
        "mean_of_run_means": 4.926666666666667,
        "min_run_mean": 4.886666666666667,
        "max_run_mean": 4.966666666666667
      }
    },
    "S2_ABL_NOASSET": {
      "mean_R": {
        "n_runs": 3,
        "mean_of_run_means": 4.866666666666666,
        "min_run_mean": 4.833333333333333,
        "max_run_mean": 4.9
      },
      "mean_H": {
        "n_runs": 3,
        "mean_of_run_means": 4.855555555555555,
        "min_run_mean": 4.8,
        "max_run_mean": 4.933333333333334
      },
      "mean_S": {
        "n_runs": 3,
        "mean_of_run_means": 4.855555555555555,
        "min_run_mean": 4.833333333333333,
        "max_run_mean": 4.866666666666666
      },
      "mean_D": {
        "n_runs": 3,
        "mean_of_run_means": 4.944444444444445,
        "min_run_mean": 4.9,
        "max_run_mean": 4.966666666666667
      },
      "mean_K": {
        "n_runs": 3,
        "mean_of_run_means": 4.955555555555556,
        "min_run_mean": 4.933333333333334,
        "max_run_mean": 5.0
      },
      "mean_overall": {
        "n_runs": 3,
        "mean_of_run_means": 4.895555555555556,
        "min_run_mean": 4.86,
        "max_run_mean": 4.933333333333334
      }
    },
    "S2_ABL_NODEV": {
      "mean_R": {
        "n_runs": 3,
        "mean_of_run_means": 4.933333333333334,
        "min_run_mean": 4.933333333333334,
        "max_run_mean": 4.933333333333334
      },
      "mean_H": {
        "n_runs": 3,
        "mean_of_run_means": 4.866666666666666,
        "min_run_mean": 4.866666666666666,
        "max_run_mean": 4.866666666666666
      },
      "mean_S": {
        "n_runs": 3,
        "mean_of_run_means": 4.877777777777777,
        "min_run_mean": 4.866666666666666,
        "max_run_mean": 4.9
      },
      "mean_D": {
        "n_runs": 3,
        "mean_of_run_means": 4.988888888888889,
        "min_run_mean": 4.966666666666667,
        "max_run_mean": 5.0
      },
      "mean_K": {
        "n_runs": 3,
        "mean_of_run_means": 5.0,
        "min_run_mean": 5.0,
        "max_run_mean": 5.0
      },
      "mean_overall": {
        "n_runs": 3,
        "mean_of_run_means": 4.933333333333334,
        "min_run_mean": 4.933333333333334,
        "max_run_mean": 4.933333333333334
      }
    },
    "S2_ABL_NOENV": {
      "mean_R": {
        "n_runs": 3,
        "mean_of_run_means": 4.911111111111111,
        "min_run_mean": 4.866666666666666,
        "max_run_mean": 4.933333333333334
      },
      "mean_H": {
        "n_runs": 3,
        "mean_of_run_means": 4.822222222222222,
        "min_run_mean": 4.766666666666667,
        "max_run_mean": 4.866666666666666
      },
      "mean_S": {
        "n_runs": 3,
        "mean_of_run_means": 4.788888888888889,
        "min_run_mean": 4.766666666666667,
        "max_run_mean": 4.833333333333333
      },
      "mean_D": {
        "n_runs": 3,