{
  "S0": {
    "n": 30,
    "mean_runtime": 5.5879,
    "mean_R": 3.466666666666667,
    "mean_H": 3.8333333333333335,
    "mean_S": 3.9,
    "mean_D": 4.033333333333333,
    "mean_K": 2.8333333333333335,
    "mean_overall": 3.6133333333333337,
    "flag_rates": {
      "safety_first": 1.0,
      "escalation_present": 1.0,
      "offline_workflow_mentioned": 0.0,
      "hallucination_suspected": 0.03333333333333333
    }
  },
  "S0_RAW": {
    "n": 30,
    "mean_runtime": 10.657466666666666,
    "mean_R": 4.9,
    "mean_H": 4.933333333333334,
    "mean_S": 4.966666666666667,
    "mean_D": 4.933333333333334,
    "mean_K": 4.966666666666667,
    "mean_overall": 4.9399999999999995,
    "flag_rates": {
      "safety_first": 1.0,
      "escalation_present": 1.0,
      "offline_workflow_mentioned": 0.6,
      "hallucination_suspected": 0.0
    }
  },
  "S0_UNSTRUCTURED": {
    "n": 30,
    "mean_runtime": 10.398333333333333,
    "mean_R": 4.866666666666666,
    "mean_H": 4.9,
    "mean_S": 4.966666666666667,
    "mean_D": 5.0,
    "mean_K": 4.933333333333334,
    "mean_overall": 4.933333333333334,
    "flag_rates": {
      "safety_first": 1.0,
      "escalation_present": 1.0,
      "offline_workflow_mentioned": 0.3,
      "hallucination_suspected": 0.0
    }
  },
  "S1": {
    "n": 30,
    "mean_runtime": 8.964233333333334,
    "mean_R": 4.733333333333333,
    "mean_H": 4.6,
    "mean_S": 4.633333333333334,
    "mean_D": 4.9,
    "mean_K": 3.7333333333333334,
    "mean_overall": 4.52,
    "flag_rates": {
      "safety_first": 1.0,
      "escalation_present": 1.0,
      "offline_workflow_mentioned": 0.03333333333333333,
      "hallucination_suspected": 0.1
    }
  },
  "S2": {
    "n": 30,
    "mean_runtime": 9.6204,
    "mean_R": 4.833333333333333,
    "mean_H": 4.833333333333333,
    "mean_S": 4.8,
    "mean_D": 5.0,
    "mean_K": 4.966666666666667,
    "mean_overall": 4.886666666666667,
    "flag_rates": {
      "safety_first": 1.0,
      "escalation_present": 1.0,
      "offline_workflow_mentioned": 0.6,
      "hallucination_suspected": 0.0
    }
  },
  "S2_ABL_NOASSET": {
    "n": 30,
    "mean_runtime": 9.480966666666665,
    "mean_R": 4.9,
    "mean_H": 4.933333333333334,
    "mean_S": 4.866666666666666,
    "mean_D": 4.966666666666667,
    "mean_K": 5.0,
    "mean_overall": 4.933333333333334,
    "flag_rates": {
      "safety_first": 1.0,
      "escalation_present": 1.0,
      "offline_workflow_mentioned": 0.6333333333333333,
      "hallucination_suspected": 0.0
    }
  },
  "S2_ABL_NODEV": {
    "n": 30,
    "mean_runtime": 8.9771,
    "mean_R": 4.933333333333334,
    "mean_H": 4.866666666666666,
    "mean_S": 4.866666666666666,
    "mean_D": 5.0,
    "mean_K": 5.0,
    "mean_overall": 4.933333333333334,
    "flag_rates": {
      "safety_first": 1.0,
      "escalation_present": 1.0,
      "offline_workflow_mentioned": 0.0,
      "hallucination_suspected": 0.0
    }
  },
  "S2_ABL_NOENV": {
    "n": 30,
    "mean_runtime": 9.661033333333334,
    "mean_R": 4.866666666666666,
    "mean_H": 4.766666666666667,
    "mean_S": 4.766666666666667,
    "mean_D": 4.9,
    "mean_K": 4.933333333333334,
    "mean_overall": 4.846666666666667,
    "flag_rates": {
      "safety_first": 1.0,
      "escalation_present": 1.0,
      "offline_workflow_mentioned": 0.6,
      "hallucination_suspected": 0.0
    }
  },
  "S2_ABL_NOINC": {
    "n": 30,
    "mean_runtime": 9.153166666666667,
    "mean_R": 4.766666666666667,
    "mean_H": 4.833333333333333,
    "mean_S": 4.866666666666666,
    "mean_D": 4.933333333333334,
    "mean_K": 4.933333333333334,
    "mean_overall": 4.866666666666666,
    "flag_rates": {
      "safety_first": 1.0,
      "escalation_present": 1.0,
      "offline_workflow_mentioned": 0.6333333333333333,
      "hallucination_suspected": 0.0
    }
  }
}