{
  "L0": {
    "n": 30,
    "mean_runtime": 5.5879,
    "mean_R": 3.466666666666667,
    "mean_H": 3.8333333333333335,
    "mean_S": 3.9,
    "mean_D": 4.033333333333333,
    "mean_K": 2.8333333333333335,
    "mean_overall": 3.6133333333333337,
    "flag_rates": {
      "safety_first": 1.0,
      "escalation_present": 1.0,
      "offline_workflow_mentioned": 0.0,
      "hallucination_suspected": 0.03333333333333333
    }
  },
  "L2": {
    "n": 30,
    "mean_runtime": 8.964233333333334,
    "mean_R": 4.733333333333333,
    "mean_H": 4.6,
    "mean_S": 4.633333333333334,
    "mean_D": 4.9,
    "mean_K": 3.7333333333333334,
    "mean_overall": 4.52,
    "flag_rates": {
      "safety_first": 1.0,
      "escalation_present": 1.0,
      "offline_workflow_mentioned": 0.03333333333333333,
      "hallucination_suspected": 0.1
    }
  },
  "L2B": {
    "n": 30,
    "mean_runtime": 9.6204,
    "mean_R": 4.833333333333333,
    "mean_H": 4.833333333333333,
    "mean_S": 4.8,
    "mean_D": 5.0,
    "mean_K": 4.966666666666667,
    "mean_overall": 4.886666666666667,
    "flag_rates": {
      "safety_first": 1.0,
      "escalation_present": 1.0,
      "offline_workflow_mentioned": 0.6,
      "hallucination_suspected": 0.0
    }
  },
  "unknown": {
    "n": 180,
    "mean_runtime": 9.260416666666666,
    "mean_R": 4.883333333333334,
    "mean_H": 4.855555555555555,
    "mean_S": 4.872222222222222,
    "mean_D": 4.944444444444445,
    "mean_K": 4.955555555555556,
    "mean_overall": 4.902222222222222,
    "flag_rates": {
      "safety_first": 1.0,
      "escalation_present": 1.0,
      "offline_workflow_mentioned": 0.4444444444444444,
      "hallucination_suspected": 0.005555555555555556
    }
  }
}