{
  "judge_version_filter": "judge_v1_1",
  "unweighted": true,
  "per_strategy": {
    "S0": {
      "mean_R": {
        "n_runs": 9,
        "mean_of_run_means": 3.822222222222222,
        "min_run_mean": 3.7666666666666666,
        "max_run_mean": 3.9
      },
      "mean_H": {
        "n_runs": 9,
        "mean_of_run_means": 3.9296296296296296,
        "min_run_mean": 3.8666666666666667,
        "max_run_mean": 4.0
      },
      "mean_S": {
        "n_runs": 9,
        "mean_of_run_means": 3.981481481481482,
        "min_run_mean": 3.8666666666666667,
        "max_run_mean": 4.2
      },
      "mean_D": {
        "n_runs": 9,
        "mean_of_run_means": 4.17037037037037,
        "min_run_mean": 4.066666666666666,
        "max_run_mean": 4.333333333333333
      },
      "mean_K": {
        "n_runs": 9,
        "mean_of_run_means": 2.7222222222222223,
        "min_run_mean": 2.566666666666667,
        "max_run_mean": 2.8666666666666667
      },
      "mean_overall": {
        "n_runs": 9,
        "mean_of_run_means": 3.7251851851851847,
        "min_run_mean": 3.6599999999999997,
        "max_run_mean": 3.8466666666666667
      }
    },
    "S1": {
      "mean_R": {
        "n_runs": 9,
        "mean_of_run_means": 4.892592592592592,
        "min_run_mean": 4.833333333333333,
        "max_run_mean": 4.966666666666667
      },
      "mean_H": {
        "n_runs": 9,
        "mean_of_run_means": 4.822222222222222,
        "min_run_mean": 4.733333333333333,
        "max_run_mean": 4.933333333333334
      },
      "mean_S": {
        "n_runs": 9,
        "mean_of_run_means": 4.833333333333333,
        "min_run_mean": 4.733333333333333,
        "max_run_mean": 4.966666666666667
      },
      "mean_D": {
        "n_runs": 9,
        "mean_of_run_means": 4.940740740740741,
        "min_run_mean": 4.866666666666666,
        "max_run_mean": 5.0
      },
      "mean_K": {
        "n_runs": 9,
        "mean_of_run_means": 4.555555555555555,
        "min_run_mean": 4.333333333333333,
        "max_run_mean": 4.666666666666667
      },
      "mean_overall": {
        "n_runs": 9,
        "mean_of_run_means": 4.808888888888889,
        "min_run_mean": 4.753333333333333,
        "max_run_mean": 4.8933333333333335
      }
    },
    "S2": {
      "mean_R": {
        "n_runs": 9,
        "mean_of_run_means": 4.940740740740741,
        "min_run_mean": 4.9,
        "max_run_mean": 4.966666666666667
      },
      "mean_H": {
        "n_runs": 9,
        "mean_of_run_means": 4.9222222222222225,
        "min_run_mean": 4.833333333333333,
        "max_run_mean": 4.966666666666667
      },
      "mean_S": {
        "n_runs": 9,
        "mean_of_run_means": 4.911111111111111,
        "min_run_mean": 4.866666666666666,
        "max_run_mean": 4.933333333333334
      },
      "mean_D": {
        "n_runs": 9,
        "mean_of_run_means": 4.944444444444445,
        "min_run_mean": 4.9,
        "max_run_mean": 5.0
      },
      "mean_K": {
        "n_runs": 9,
        "mean_of_run_means": 4.962962962962964,
        "min_run_mean": 4.9,
        "max_run_mean": 5.0
      },
      "mean_overall": {
        "n_runs": 9,
        "mean_of_run_means": 4.936296296296296,
        "min_run_mean": 4.913333333333333,
        "max_run_mean": 4.96
      }
    }
  }
}