{
  "judge_version_filter": "judge_v1_1",
  "unweighted": true,
  "per_strategy": {
    "S0": {
      "mean_R": {
        "n_runs": 6,
        "mean_of_run_means": 3.8111111111111113,
        "min_run_mean": 3.7666666666666666,
        "max_run_mean": 3.8666666666666667
      },
      "mean_H": {
        "n_runs": 6,
        "mean_of_run_means": 3.9277777777777776,
        "min_run_mean": 3.9,
        "max_run_mean": 4.0
      },
      "mean_S": {
        "n_runs": 6,
        "mean_of_run_means": 3.944444444444444,
        "min_run_mean": 3.8666666666666667,
        "max_run_mean": 4.066666666666666
      },
      "mean_D": {
        "n_runs": 6,
        "mean_of_run_means": 4.133333333333334,
        "min_run_mean": 4.066666666666666,
        "max_run_mean": 4.2
      },
      "mean_K": {
        "n_runs": 6,
        "mean_of_run_means": 2.6944444444444446,
        "min_run_mean": 2.566666666666667,
        "max_run_mean": 2.8666666666666667
      },
      "mean_overall": {
        "n_runs": 6,
        "mean_of_run_means": 3.702222222222222,
        "min_run_mean": 3.6599999999999997,
        "max_run_mean": 3.7666666666666666
      }
    },
    "S1": {
      "mean_R": {
        "n_runs": 6,
        "mean_of_run_means": 4.894444444444445,
        "min_run_mean": 4.833333333333333,
        "max_run_mean": 4.966666666666667
      },
      "mean_H": {
        "n_runs": 6,
        "mean_of_run_means": 4.805555555555555,
        "min_run_mean": 4.733333333333333,
        "max_run_mean": 4.933333333333334
      },
      "mean_S": {
        "n_runs": 6,
        "mean_of_run_means": 4.816666666666666,
        "min_run_mean": 4.733333333333333,
        "max_run_mean": 4.933333333333334
      },
      "mean_D": {
        "n_runs": 6,
        "mean_of_run_means": 4.944444444444445,
        "min_run_mean": 4.866666666666666,
        "max_run_mean": 5.0
      },
      "mean_K": {
        "n_runs": 6,
        "mean_of_run_means": 4.544444444444444,
        "min_run_mean": 4.333333333333333,
        "max_run_mean": 4.666666666666667
      },
      "mean_overall": {
        "n_runs": 6,
        "mean_of_run_means": 4.801111111111111,
        "min_run_mean": 4.753333333333333,
        "max_run_mean": 4.8933333333333335
      }
    },
    "S2": {
      "mean_R": {
        "n_runs": 6,
        "mean_of_run_means": 4.938888888888889,
        "min_run_mean": 4.9,
        "max_run_mean": 4.966666666666667
      },
      "mean_H": {
        "n_runs": 6,
        "mean_of_run_means": 4.9222222222222225,
        "min_run_mean": 4.833333333333333,
        "max_run_mean": 4.966666666666667
      },
      "mean_S": {
        "n_runs": 6,
        "mean_of_run_means": 4.9,
        "min_run_mean": 4.866666666666666,
        "max_run_mean": 4.933333333333334
      },
      "mean_D": {
        "n_runs": 6,
        "mean_of_run_means": 4.955555555555556,
        "min_run_mean": 4.9,
        "max_run_mean": 5.0
      },
      "mean_K": {
        "n_runs": 6,
        "mean_of_run_means": 4.955555555555556,
        "min_run_mean": 4.9,
        "max_run_mean": 5.0
      },
      "mean_overall": {
        "n_runs": 6,
        "mean_of_run_means": 4.934444444444444,
        "min_run_mean": 4.913333333333333,
        "max_run_mean": 4.96
      }
    }
  }
}