{
  "judge_version_filter": "judge_v1_1",
  "unweighted": true,
  "per_strategy": {
    "S0": {
      "mean_R": {
        "n_runs": 8,
        "mean_of_run_means": 3.8208333333333333,
        "min_run_mean": 3.7666666666666666,
        "max_run_mean": 3.9
      },
      "mean_H": {
        "n_runs": 8,
        "mean_of_run_means": 3.925,
        "min_run_mean": 3.8666666666666667,
        "max_run_mean": 4.0
      },
      "mean_S": {
        "n_runs": 8,
        "mean_of_run_means": 3.966666666666667,
        "min_run_mean": 3.8666666666666667,
        "max_run_mean": 4.2
      },
      "mean_D": {
        "n_runs": 8,
        "mean_of_run_means": 4.1625,
        "min_run_mean": 4.066666666666666,
        "max_run_mean": 4.333333333333333
      },
      "mean_K": {
        "n_runs": 8,
        "mean_of_run_means": 2.720833333333333,
        "min_run_mean": 2.566666666666667,
        "max_run_mean": 2.8666666666666667
      },
      "mean_overall": {
        "n_runs": 8,
        "mean_of_run_means": 3.7191666666666667,
        "min_run_mean": 3.6599999999999997,
        "max_run_mean": 3.8466666666666667
      }
    },
    "S1": {
      "mean_R": {
        "n_runs": 8,
        "mean_of_run_means": 4.883333333333333,
        "min_run_mean": 4.833333333333333,
        "max_run_mean": 4.966666666666667
      },
      "mean_H": {
        "n_runs": 8,
        "mean_of_run_means": 4.8125,
        "min_run_mean": 4.733333333333333,
        "max_run_mean": 4.933333333333334
      },
      "mean_S": {
        "n_runs": 8,
        "mean_of_run_means": 4.816666666666666,
        "min_run_mean": 4.733333333333333,
        "max_run_mean": 4.933333333333334
      },
      "mean_D": {
        "n_runs": 8,
        "mean_of_run_means": 4.9375,
        "min_run_mean": 4.866666666666666,
        "max_run_mean": 5.0
      },
      "mean_K": {
        "n_runs": 8,
        "mean_of_run_means": 4.541666666666667,
        "min_run_mean": 4.333333333333333,
        "max_run_mean": 4.666666666666667
      },
      "mean_overall": {
        "n_runs": 8,
        "mean_of_run_means": 4.798333333333333,
        "min_run_mean": 4.753333333333333,
        "max_run_mean": 4.8933333333333335
      }
    },
    "S2": {
      "mean_R": {
        "n_runs": 8,
        "mean_of_run_means": 4.9375,
        "min_run_mean": 4.9,
        "max_run_mean": 4.966666666666667
      },
      "mean_H": {
        "n_runs": 8,
        "mean_of_run_means": 4.920833333333333,
        "min_run_mean": 4.833333333333333,
        "max_run_mean": 4.966666666666667
      },
      "mean_S": {
        "n_runs": 8,
        "mean_of_run_means": 4.908333333333333,
        "min_run_mean": 4.866666666666666,
        "max_run_mean": 4.933333333333334
      },
      "mean_D": {
        "n_runs": 8,
        "mean_of_run_means": 4.945833333333334,
        "min_run_mean": 4.9,
        "max_run_mean": 5.0
      },
      "mean_K": {
        "n_runs": 8,
        "mean_of_run_means": 4.958333333333334,
        "min_run_mean": 4.9,
        "max_run_mean": 5.0
      },
      "mean_overall": {
        "n_runs": 8,
        "mean_of_run_means": 4.934166666666667,
        "min_run_mean": 4.913333333333333,
        "max_run_mean": 4.96
      }
    }
  }
}