{
  "judge_version_filter": "judge_v1_1",
  "unweighted": true,
  "per_strategy": {
    "S0": {
      "mean_R": {
        "n_runs": 7,
        "mean_of_run_means": 3.8238095238095235,
        "min_run_mean": 3.7666666666666666,
        "max_run_mean": 3.9
      },
      "mean_H": {
        "n_runs": 7,
        "mean_of_run_means": 3.933333333333333,
        "min_run_mean": 3.9,
        "max_run_mean": 4.0
      },
      "mean_S": {
        "n_runs": 7,
        "mean_of_run_means": 3.980952380952381,
        "min_run_mean": 3.8666666666666667,
        "max_run_mean": 4.2
      },
      "mean_D": {
        "n_runs": 7,
        "mean_of_run_means": 4.161904761904762,
        "min_run_mean": 4.066666666666666,
        "max_run_mean": 4.333333333333333
      },
      "mean_K": {
        "n_runs": 7,
        "mean_of_run_means": 2.7142857142857144,
        "min_run_mean": 2.566666666666667,
        "max_run_mean": 2.8666666666666667
      },
      "mean_overall": {
        "n_runs": 7,
        "mean_of_run_means": 3.722857142857143,
        "min_run_mean": 3.6599999999999997,
        "max_run_mean": 3.8466666666666667
      }
    },
    "S1": {
      "mean_R": {
        "n_runs": 7,
        "mean_of_run_means": 4.890476190476191,
        "min_run_mean": 4.833333333333333,
        "max_run_mean": 4.966666666666667
      },
      "mean_H": {
        "n_runs": 7,
        "mean_of_run_means": 4.809523809523809,
        "min_run_mean": 4.733333333333333,
        "max_run_mean": 4.933333333333334
      },
      "mean_S": {
        "n_runs": 7,
        "mean_of_run_means": 4.814285714285715,
        "min_run_mean": 4.733333333333333,
        "max_run_mean": 4.933333333333334
      },
      "mean_D": {
        "n_runs": 7,
        "mean_of_run_means": 4.942857142857143,
        "min_run_mean": 4.866666666666666,
        "max_run_mean": 5.0
      },
      "mean_K": {
        "n_runs": 7,
        "mean_of_run_means": 4.552380952380952,
        "min_run_mean": 4.333333333333333,
        "max_run_mean": 4.666666666666667
      },
      "mean_overall": {
        "n_runs": 7,
        "mean_of_run_means": 4.801904761904761,
        "min_run_mean": 4.753333333333333,
        "max_run_mean": 4.8933333333333335
      }
    },
    "S2": {
      "mean_R": {
        "n_runs": 7,
        "mean_of_run_means": 4.942857142857143,
        "min_run_mean": 4.9,
        "max_run_mean": 4.966666666666667
      },
      "mean_H": {
        "n_runs": 7,
        "mean_of_run_means": 4.923809523809524,
        "min_run_mean": 4.833333333333333,
        "max_run_mean": 4.966666666666667
      },
      "mean_S": {
        "n_runs": 7,
        "mean_of_run_means": 4.904761904761905,
        "min_run_mean": 4.866666666666666,
        "max_run_mean": 4.933333333333334
      },
      "mean_D": {
        "n_runs": 7,
        "mean_of_run_means": 4.947619047619048,
        "min_run_mean": 4.9,
        "max_run_mean": 5.0
      },
      "mean_K": {
        "n_runs": 7,
        "mean_of_run_means": 4.952380952380953,
        "min_run_mean": 4.9,
        "max_run_mean": 5.0
      },
      "mean_overall": {
        "n_runs": 7,
        "mean_of_run_means": 4.934285714285714,
        "min_run_mean": 4.913333333333333,
        "max_run_mean": 4.96
      }
    }
  }
}