{
  "1": {
    "S0": {
      "n": 30,
      "mean_runtime": 6.249233333333334,
      "mean_R": 3.8333333333333335,
      "mean_H": 4.0,
      "mean_S": 3.933333333333333,
      "mean_D": 4.066666666666666,
      "mean_K": 2.6333333333333333,
      "mean_overall": 3.6933333333333334,
      "flag_rates": {
        "safety_first": 1.0,
        "escalation_present": 1.0,
        "offline_workflow_mentioned": 0.0,
        "hallucination_suspected": 0.16666666666666666
      }
    },
    "S1": {
      "n": 30,
      "mean_runtime": 8.836266666666667,
      "mean_R": 4.966666666666667,
      "mean_H": 4.933333333333334,
      "mean_S": 4.933333333333334,
      "mean_D": 5.0,
      "mean_K": 4.633333333333334,
      "mean_overall": 4.8933333333333335,
      "flag_rates": {
        "safety_first": 1.0,
        "escalation_present": 1.0,
        "offline_workflow_mentioned": 0.23333333333333334,
        "hallucination_suspected": 0.03333333333333333
      }
    },
    "S2": {
      "n": 30,
      "mean_runtime": 9.127233333333333,
      "mean_R": 4.9,
      "mean_H": 4.933333333333334,
      "mean_S": 4.933333333333334,
      "mean_D": 4.966666666666667,
      "mean_K": 4.966666666666667,
      "mean_overall": 4.9399999999999995,
      "flag_rates": {
        "safety_first": 1.0,
        "escalation_present": 1.0,
        "offline_workflow_mentioned": 0.6333333333333333,
        "hallucination_suspected": 0.0
      }
    }
  },
  "2": {
    "S0": {
      "n": 30,
      "mean_runtime": 6.427966666666666,
      "mean_R": 3.8333333333333335,
      "mean_H": 3.9,
      "mean_S": 3.966666666666667,
      "mean_D": 4.166666666666667,
      "mean_K": 2.6666666666666665,
      "mean_overall": 3.7066666666666666,
      "flag_rates": {
        "safety_first": 1.0,
        "escalation_present": 1.0,
        "offline_workflow_mentioned": 0.0,
        "hallucination_suspected": 0.13333333333333333
      }
    },
    "S1": {
      "n": 30,
      "mean_runtime": 8.722166666666668,
      "mean_R": 4.9,
      "mean_H": 4.766666666666667,
      "mean_S": 4.733333333333333,
      "mean_D": 5.0,
      "mean_K": 4.666666666666667,
      "mean_overall": 4.8133333333333335,
      "flag_rates": {
        "safety_first": 1.0,
        "escalation_present": 1.0,
        "offline_workflow_mentioned": 0.26666666666666666,
        "hallucination_suspected": 0.0
      }
    },
    "S2": {
      "n": 30,
      "mean_runtime": 8.880066666666666,
      "mean_R": 4.966666666666667,
      "mean_H": 4.933333333333334,
      "mean_S": 4.9,
      "mean_D": 5.0,
      "mean_K": 5.0,
      "mean_overall": 4.96,
      "flag_rates": {
        "safety_first": 1.0,
        "escalation_present": 1.0,
        "offline_workflow_mentioned": 0.5333333333333333,
        "hallucination_suspected": 0.0
      }
    }
  },
  "3": {
    "S0": {
      "n": 30,
      "mean_runtime": 6.5145,
      "mean_R": 3.8,
      "mean_H": 3.9,
      "mean_S": 3.9,
      "mean_D": 4.133333333333334,
      "mean_K": 2.566666666666667,
      "mean_overall": 3.6599999999999997,
      "flag_rates": {
        "safety_first": 1.0,
        "escalation_present": 1.0,
        "offline_workflow_mentioned": 0.0,
        "hallucination_suspected": 0.26666666666666666
      }
    },
    "S1": {
      "n": 30,
      "mean_runtime": 8.417266666666666,
      "mean_R": 4.9,
      "mean_H": 4.733333333333333,
      "mean_S": 4.766666666666667,
      "mean_D": 4.9,
      "mean_K": 4.533333333333333,
      "mean_overall": 4.766666666666667,
      "flag_rates": {
        "safety_first": 1.0,
        "escalation_present": 1.0,
        "offline_workflow_mentioned": 0.1,
        "hallucination_suspected": 0.0
      }
    },
    "S2": {
      "n": 30,
      "mean_runtime": 8.495766666666666,
      "mean_R": 4.966666666666667,
      "mean_H": 4.833333333333333,
      "mean_S": 4.9,
      "mean_D": 4.966666666666667,
      "mean_K": 4.966666666666667,
      "mean_overall": 4.926666666666667,
      "flag_rates": {
        "safety_first": 1.0,
        "escalation_present": 1.0,
        "offline_workflow_mentioned": 0.5666666666666667,
        "hallucination_suspected": 0.0
      }
    }
  },
  "4": {
    "S0": {
      "n": 30,
      "mean_runtime": 5.9814,
      "mean_R": 3.8666666666666667,
      "mean_H": 3.966666666666667,
      "mean_S": 3.933333333333333,
      "mean_D": 4.2,
      "mean_K": 2.8666666666666667,
      "mean_overall": 3.7666666666666666,
      "flag_rates": {
        "safety_first": 1.0,
        "escalation_present": 1.0,
        "offline_workflow_mentioned": 0.0,
        "hallucination_suspected": 0.03333333333333333
      }
    },
    "S1": {
      "n": 30,
      "mean_runtime": 8.954466666666667,
      "mean_R": 4.866666666666666,
      "mean_H": 4.8,
      "mean_S": 4.866666666666666,
      "mean_D": 4.933333333333334,
      "mean_K": 4.333333333333333,
      "mean_overall": 4.760000000000001,
      "flag_rates": {
        "safety_first": 1.0,
        "escalation_present": 1.0,
        "offline_workflow_mentioned": 0.16666666666666666,
        "hallucination_suspected": 0.0
      }
    },
    "S2": {
      "n": 30,
      "mean_runtime": 8.739666666666666,
      "mean_R": 4.933333333333334,
      "mean_H": 4.966666666666667,
      "mean_S": 4.9,
      "mean_D": 4.9,
      "mean_K": 4.9,
      "mean_overall": 4.92,
      "flag_rates": {
        "safety_first": 1.0,
        "escalation_present": 1.0,
        "offline_workflow_mentioned": 0.6333333333333333,
        "hallucination_suspected": 0.03333333333333333
      }
    }
  },
  "5": {
    "S0": {
      "n": 30,
      "mean_runtime": 6.489633333333333,
      "mean_R": 3.7666666666666666,
      "mean_H": 3.9,
      "mean_S": 3.8666666666666667,
      "mean_D": 4.1,
      "mean_K": 2.7,
      "mean_overall": 3.6666666666666665,
      "flag_rates": {
        "safety_first": 1.0,
        "escalation_present": 1.0,
        "offline_workflow_mentioned": 0.0,
        "hallucination_suspected": 0.13333333333333333
      }
    },
    "S1": {
      "n": 30,
      "mean_runtime": 8.773766666666667,
      "mean_R": 4.9,
      "mean_H": 4.833333333333333,
      "mean_S": 4.8,
      "mean_D": 4.966666666666667,
      "mean_K": 4.6,
      "mean_overall": 4.819999999999999,
      "flag_rates": {
        "safety_first": 1.0,
        "escalation_present": 1.0,
        "offline_workflow_mentioned": 0.2,
        "hallucination_suspected": 0.0
      }
    },
    "S2": {
      "n": 30,
      "mean_runtime": 8.962066666666667,
      "mean_R": 4.966666666666667,
      "mean_H": 4.966666666666667,
      "mean_S": 4.9,
      "mean_D": 4.933333333333334,
      "mean_K": 4.966666666666667,
      "mean_overall": 4.946666666666667,
      "flag_rates": {
        "safety_first": 1.0,
        "escalation_present": 1.0,
        "offline_workflow_mentioned": 0.6333333333333333,
        "hallucination_suspected": 0.0
      }
    }
  },
  "6": {
    "S0": {
      "n": 30,
      "mean_runtime": 6.138533333333333,
      "mean_R": 3.7666666666666666,
      "mean_H": 3.9,
      "mean_S": 4.066666666666666,
      "mean_D": 4.133333333333334,
      "mean_K": 2.7333333333333334,
      "mean_overall": 3.7199999999999998,
      "flag_rates": {
        "safety_first": 1.0,
        "escalation_present": 1.0,
        "offline_workflow_mentioned": 0.0,
        "hallucination_suspected": 0.13333333333333333
      }
    },
    "S1": {
      "n": 30,
      "mean_runtime": 8.556266666666666,
      "mean_R": 4.833333333333333,
      "mean_H": 4.766666666666667,
      "mean_S": 4.8,
      "mean_D": 4.866666666666666,
      "mean_K": 4.5,
      "mean_overall": 4.753333333333333,
      "flag_rates": {
        "safety_first": 1.0,
        "escalation_present": 1.0,
        "offline_workflow_mentioned": 0.16666666666666666,
        "hallucination_suspected": 0.03333333333333333
      }
    },
    "S2": {
      "n": 30,
      "mean_runtime": 9.4974,
      "mean_R": 4.9,
      "mean_H": 4.9,
      "mean_S": 4.866666666666666,