{
  "judge_version_filter": "judge_v1_1",
  "unweighted": true,
  "per_strategy": {
    "S0": {
      "mean_R": {
        "n_runs": 5,
        "mean_of_run_means": 3.8200000000000003,
        "min_run_mean": 3.7666666666666666,
        "max_run_mean": 3.8666666666666667
      },
      "mean_H": {
        "n_runs": 5,
        "mean_of_run_means": 3.9333333333333336,
        "min_run_mean": 3.9,
        "max_run_mean": 4.0
      },
      "mean_S": {
        "n_runs": 5,
        "mean_of_run_means": 3.9200000000000004,
        "min_run_mean": 3.8666666666666667,
        "max_run_mean": 3.966666666666667
      },
      "mean_D": {
        "n_runs": 5,
        "mean_of_run_means": 4.133333333333334,
        "min_run_mean": 4.066666666666666,
        "max_run_mean": 4.2
      },
      "mean_K": {
        "n_runs": 5,
        "mean_of_run_means": 2.6866666666666665,
        "min_run_mean": 2.566666666666667,
        "max_run_mean": 2.8666666666666667
      },
      "mean_overall": {
        "n_runs": 5,
        "mean_of_run_means": 3.6986666666666665,
        "min_run_mean": 3.6599999999999997,
        "max_run_mean": 3.7666666666666666
      }
    },
    "S1": {
      "mean_R": {
        "n_runs": 5,
        "mean_of_run_means": 4.906666666666667,
        "min_run_mean": 4.866666666666666,
        "max_run_mean": 4.966666666666667
      },
      "mean_H": {
        "n_runs": 5,
        "mean_of_run_means": 4.8133333333333335,
        "min_run_mean": 4.733333333333333,
        "max_run_mean": 4.933333333333334
      },
      "mean_S": {
        "n_runs": 5,
        "mean_of_run_means": 4.82,
        "min_run_mean": 4.733333333333333,
        "max_run_mean": 4.933333333333334
      },
      "mean_D": {
        "n_runs": 5,
        "mean_of_run_means": 4.96,
        "min_run_mean": 4.9,
        "max_run_mean": 5.0
      },
      "mean_K": {
        "n_runs": 5,
        "mean_of_run_means": 4.553333333333333,
        "min_run_mean": 4.333333333333333,
        "max_run_mean": 4.666666666666667
      },
      "mean_overall": {
        "n_runs": 5,
        "mean_of_run_means": 4.810666666666667,
        "min_run_mean": 4.760000000000001,
        "max_run_mean": 4.8933333333333335
      }
    },
    "S2": {
      "mean_R": {
        "n_runs": 5,
        "mean_of_run_means": 4.946666666666667,
        "min_run_mean": 4.9,
        "max_run_mean": 4.966666666666667
      },
      "mean_H": {
        "n_runs": 5,
        "mean_of_run_means": 4.926666666666667,
        "min_run_mean": 4.833333333333333,
        "max_run_mean": 4.966666666666667
      },
      "mean_S": {
        "n_runs": 5,
        "mean_of_run_means": 4.906666666666667,
        "min_run_mean": 4.9,
        "max_run_mean": 4.933333333333334
      },
      "mean_D": {
        "n_runs": 5,
        "mean_of_run_means": 4.953333333333333,
        "min_run_mean": 4.9,
        "max_run_mean": 5.0
      },
      "mean_K": {
        "n_runs": 5,
        "mean_of_run_means": 4.96,
        "min_run_mean": 4.9,
        "max_run_mean": 5.0
      },
      "mean_overall": {
        "n_runs": 5,
        "mean_of_run_means": 4.938666666666667,
        "min_run_mean": 4.92,
        "max_run_mean": 4.96
      }
    }
  }
}