{
  "judge_version_filter": "judge_v1_1",
  "unweighted": true,
  "per_strategy": {
    "S0": {
      "mean_R": {
        "n_runs": 2,
        "mean_of_run_means": 3.8333333333333335,
        "min_run_mean": 3.8333333333333335,
        "max_run_mean": 3.8333333333333335
      },
      "mean_H": {
        "n_runs": 2,
        "mean_of_run_means": 3.95,
        "min_run_mean": 3.9,
        "max_run_mean": 4.0
      },
      "mean_S": {
        "n_runs": 2,
        "mean_of_run_means": 3.95,
        "min_run_mean": 3.933333333333333,
        "max_run_mean": 3.966666666666667
      },
      "mean_D": {
        "n_runs": 2,
        "mean_of_run_means": 4.116666666666667,
        "min_run_mean": 4.066666666666666,
        "max_run_mean": 4.166666666666667
      },
      "mean_K": {
        "n_runs": 2,
        "mean_of_run_means": 2.65,
        "min_run_mean": 2.6333333333333333,
        "max_run_mean": 2.6666666666666665
      },
      "mean_overall": {
        "n_runs": 2,
        "mean_of_run_means": 3.7,
        "min_run_mean": 3.6933333333333334,
        "max_run_mean": 3.7066666666666666
      }
    },
    "S1": {
      "mean_R": {
        "n_runs": 2,
        "mean_of_run_means": 4.933333333333334,
        "min_run_mean": 4.9,
        "max_run_mean": 4.966666666666667
      },
      "mean_H": {
        "n_runs": 2,
        "mean_of_run_means": 4.85,
        "min_run_mean": 4.766666666666667,
        "max_run_mean": 4.933333333333334
      },
      "mean_S": {
        "n_runs": 2,
        "mean_of_run_means": 4.833333333333334,
        "min_run_mean": 4.733333333333333,
        "max_run_mean": 4.933333333333334
      },
      "mean_D": {
        "n_runs": 2,
        "mean_of_run_means": 5.0,
        "min_run_mean": 5.0,
        "max_run_mean": 5.0
      },
      "mean_K": {
        "n_runs": 2,
        "mean_of_run_means": 4.65,
        "min_run_mean": 4.633333333333334,
        "max_run_mean": 4.666666666666667
      },
      "mean_overall": {
        "n_runs": 2,
        "mean_of_run_means": 4.8533333333333335,
        "min_run_mean": 4.8133333333333335,
        "max_run_mean": 4.8933333333333335
      }
    },
    "S2": {
      "mean_R": {
        "n_runs": 2,
        "mean_of_run_means": 4.933333333333334,
        "min_run_mean": 4.9,
        "max_run_mean": 4.966666666666667
      },
      "mean_H": {
        "n_runs": 2,
        "mean_of_run_means": 4.933333333333334,
        "min_run_mean": 4.933333333333334,
        "max_run_mean": 4.933333333333334
      },
      "mean_S": {
        "n_runs": 2,
        "mean_of_run_means": 4.916666666666667,
        "min_run_mean": 4.9,
        "max_run_mean": 4.933333333333334
      },
      "mean_D": {
        "n_runs": 2,
        "mean_of_run_means": 4.983333333333333,
        "min_run_mean": 4.966666666666667,
        "max_run_mean": 5.0
      },
      "mean_K": {
        "n_runs": 2,
        "mean_of_run_means": 4.983333333333333,
        "min_run_mean": 4.966666666666667,
        "max_run_mean": 5.0
      },
      "mean_overall": {
        "n_runs": 2,
        "mean_of_run_means": 4.949999999999999,
        "min_run_mean": 4.9399999999999995,
        "max_run_mean": 4.96
      }
    }
  }
}