{
  "judge_version_filter": "judge_v1_1",
  "unweighted": true,
  "per_strategy": {
    "S0": {
      "mean_R": {
        "n_runs": 3,
        "mean_of_run_means": 3.8222222222222224,
        "min_run_mean": 3.8,
        "max_run_mean": 3.8333333333333335
      },
      "mean_H": {
        "n_runs": 3,
        "mean_of_run_means": 3.9333333333333336,
        "min_run_mean": 3.9,
        "max_run_mean": 4.0
      },
      "mean_S": {
        "n_runs": 3,
        "mean_of_run_means": 3.9333333333333336,
        "min_run_mean": 3.9,
        "max_run_mean": 3.966666666666667
      },
      "mean_D": {
        "n_runs": 3,
        "mean_of_run_means": 4.122222222222223,
        "min_run_mean": 4.066666666666666,
        "max_run_mean": 4.166666666666667
      },
      "mean_K": {
        "n_runs": 3,
        "mean_of_run_means": 2.6222222222222222,
        "min_run_mean": 2.566666666666667,
        "max_run_mean": 2.6666666666666665
      },
      "mean_overall": {
        "n_runs": 3,
        "mean_of_run_means": 3.686666666666666,
        "min_run_mean": 3.6599999999999997,
        "max_run_mean": 3.7066666666666666
      }
    },
    "S1": {
      "mean_R": {
        "n_runs": 3,
        "mean_of_run_means": 4.9222222222222225,
        "min_run_mean": 4.9,
        "max_run_mean": 4.966666666666667
      },
      "mean_H": {
        "n_runs": 3,
        "mean_of_run_means": 4.811111111111111,
        "min_run_mean": 4.733333333333333,
        "max_run_mean": 4.933333333333334
      },
      "mean_S": {
        "n_runs": 3,
        "mean_of_run_means": 4.811111111111111,
        "min_run_mean": 4.733333333333333,
        "max_run_mean": 4.933333333333334
      },
      "mean_D": {
        "n_runs": 3,
        "mean_of_run_means": 4.966666666666667,
        "min_run_mean": 4.9,
        "max_run_mean": 5.0
      },
      "mean_K": {
        "n_runs": 3,
        "mean_of_run_means": 4.611111111111112,
        "min_run_mean": 4.533333333333333,
        "max_run_mean": 4.666666666666667
      },
      "mean_overall": {
        "n_runs": 3,
        "mean_of_run_means": 4.8244444444444445,
        "min_run_mean": 4.766666666666667,
        "max_run_mean": 4.8933333333333335
      }
    },
    "S2": {
      "mean_R": {
        "n_runs": 3,
        "mean_of_run_means": 4.944444444444445,
        "min_run_mean": 4.9,
        "max_run_mean": 4.966666666666667
      },
      "mean_H": {
        "n_runs": 3,
        "mean_of_run_means": 4.8999999999999995,
        "min_run_mean": 4.833333333333333,
        "max_run_mean": 4.933333333333334
      },
      "mean_S": {
        "n_runs": 3,
        "mean_of_run_means": 4.911111111111111,
        "min_run_mean": 4.9,
        "max_run_mean": 4.933333333333334
      },
      "mean_D": {
        "n_runs": 3,
        "mean_of_run_means": 4.977777777777778,
        "min_run_mean": 4.966666666666667,
        "max_run_mean": 5.0
      },
      "mean_K": {
        "n_runs": 3,
        "mean_of_run_means": 4.977777777777778,
        "min_run_mean": 4.966666666666667,
        "max_run_mean": 5.0
      },
      "mean_overall": {
        "n_runs": 3,
        "mean_of_run_means": 4.942222222222222,
        "min_run_mean": 4.926666666666667,
        "max_run_mean": 4.96
      }
    }
  }
}