{
  "judge_version_filter": "judge_v1_1",
  "unweighted": true,
  "per_strategy": {
    "S0": {
      "mean_R": {
        "n_runs": 1,
        "mean_of_run_means": 3.8333333333333335,
        "min_run_mean": 3.8333333333333335,
        "max_run_mean": 3.8333333333333335
      },
      "mean_H": {
        "n_runs": 1,
        "mean_of_run_means": 4.0,
        "min_run_mean": 4.0,
        "max_run_mean": 4.0
      },
      "mean_S": {
        "n_runs": 1,
        "mean_of_run_means": 3.933333333333333,
        "min_run_mean": 3.933333333333333,
        "max_run_mean": 3.933333333333333
      },
      "mean_D": {
        "n_runs": 1,
        "mean_of_run_means": 4.066666666666666,
        "min_run_mean": 4.066666666666666,
        "max_run_mean": 4.066666666666666
      },
      "mean_K": {
        "n_runs": 1,
        "mean_of_run_means": 2.6333333333333333,
        "min_run_mean": 2.6333333333333333,
        "max_run_mean": 2.6333333333333333
      },
      "mean_overall": {
        "n_runs": 1,
        "mean_of_run_means": 3.6933333333333334,
        "min_run_mean": 3.6933333333333334,
        "max_run_mean": 3.6933333333333334
      }
    },
    "S1": {
      "mean_R": {
        "n_runs": 1,
        "mean_of_run_means": 4.966666666666667,
        "min_run_mean": 4.966666666666667,
        "max_run_mean": 4.966666666666667
      },
      "mean_H": {
        "n_runs": 1,
        "mean_of_run_means": 4.933333333333334,
        "min_run_mean": 4.933333333333334,
        "max_run_mean": 4.933333333333334
      },
      "mean_S": {
        "n_runs": 1,
        "mean_of_run_means": 4.933333333333334,
        "min_run_mean": 4.933333333333334,
        "max_run_mean": 4.933333333333334
      },
      "mean_D": {
        "n_runs": 1,
        "mean_of_run_means": 5.0,
        "min_run_mean": 5.0,
        "max_run_mean": 5.0
      },
      "mean_K": {
        "n_runs": 1,
        "mean_of_run_means": 4.633333333333334,
        "min_run_mean": 4.633333333333334,
        "max_run_mean": 4.633333333333334
      },
      "mean_overall": {
        "n_runs": 1,
        "mean_of_run_means": 4.8933333333333335,
        "min_run_mean": 4.8933333333333335,
        "max_run_mean": 4.8933333333333335
      }
    },
    "S2": {
      "mean_R": {
        "n_runs": 1,
        "mean_of_run_means": 4.9,
        "min_run_mean": 4.9,
        "max_run_mean": 4.9
      },
      "mean_H": {
        "n_runs": 1,
        "mean_of_run_means": 4.933333333333334,
        "min_run_mean": 4.933333333333334,
        "max_run_mean": 4.933333333333334
      },
      "mean_S": {
        "n_runs": 1,
        "mean_of_run_means": 4.933333333333334,
        "min_run_mean": 4.933333333333334,
        "max_run_mean": 4.933333333333334
      },
      "mean_D": {
        "n_runs": 1,
        "mean_of_run_means": 4.966666666666667,
        "min_run_mean": 4.966666666666667,
        "max_run_mean": 4.966666666666667
      },
      "mean_K": {
        "n_runs": 1,
        "mean_of_run_means": 4.966666666666667,
        "min_run_mean": 4.966666666666667,
        "max_run_mean": 4.966666666666667
      },
      "mean_overall": {
        "n_runs": 1,
        "mean_of_run_means": 4.9399999999999995,
        "min_run_mean": 4.9399999999999995,
        "max_run_mean": 4.9399999999999995
      }
    }
  }
}