{
  "S0": {
    "n": 30,
    "mean_runtime": 5.9814,
    "mean_R": 3.8666666666666667,
    "mean_H": 3.966666666666667,
    "mean_S": 3.933333333333333,
    "mean_D": 4.2,
    "mean_K": 2.8666666666666667,
    "mean_overall": 3.7666666666666666,
    "flag_rates": {
      "safety_first": 1.0,
      "escalation_present": 1.0,
      "offline_workflow_mentioned": 0.0,
      "hallucination_suspected": 0.03333333333333333
    }
  },
  "S1": {
    "n": 30,
    "mean_runtime": 8.954466666666667,
    "mean_R": 4.866666666666666,
    "mean_H": 4.8,
    "mean_S": 4.866666666666666,
    "mean_D": 4.933333333333334,
    "mean_K": 4.333333333333333,
    "mean_overall": 4.760000000000001,
    "flag_rates": {
      "safety_first": 1.0,
      "escalation_present": 1.0,
      "offline_workflow_mentioned": 0.16666666666666666,
      "hallucination_suspected": 0.0
    }
  },
  "S2": {
    "n": 30,
    "mean_runtime": 8.739666666666666,
    "mean_R": 4.933333333333334,
    "mean_H": 4.966666666666667,
    "mean_S": 4.9,
    "mean_D": 4.9,
    "mean_K": 4.9,
    "mean_overall": 4.92,
    "flag_rates": {
      "safety_first": 1.0,
      "escalation_present": 1.0,
      "offline_workflow_mentioned": 0.6333333333333333,
      "hallucination_suspected": 0.03333333333333333
    }
  }
}