{
  "S0": {
    "n": 30,
    "mean_runtime": 6.489633333333333,
    "mean_R": 3.7666666666666666,
    "mean_H": 3.9,
    "mean_S": 3.8666666666666667,
    "mean_D": 4.1,
    "mean_K": 2.7,
    "mean_overall": 3.6666666666666665,
    "flag_rates": {
      "safety_first": 1.0,
      "escalation_present": 1.0,
      "offline_workflow_mentioned": 0.0,
      "hallucination_suspected": 0.13333333333333333
    }
  },
  "S1": {
    "n": 30,
    "mean_runtime": 8.773766666666667,
    "mean_R": 4.9,
    "mean_H": 4.833333333333333,
    "mean_S": 4.8,
    "mean_D": 4.966666666666667,
    "mean_K": 4.6,
    "mean_overall": 4.819999999999999,
    "flag_rates": {
      "safety_first": 1.0,
      "escalation_present": 1.0,
      "offline_workflow_mentioned": 0.2,
      "hallucination_suspected": 0.0
    }
  },
  "S2": {
    "n": 30,
    "mean_runtime": 8.962066666666667,
    "mean_R": 4.966666666666667,
    "mean_H": 4.966666666666667,
    "mean_S": 4.9,
    "mean_D": 4.933333333333334,
    "mean_K": 4.966666666666667,
    "mean_overall": 4.946666666666667,
    "flag_rates": {
      "safety_first": 1.0,
      "escalation_present": 1.0,
      "offline_workflow_mentioned": 0.6333333333333333,
      "hallucination_suspected": 0.0
    }
  }
}