{
  "S0": {
    "n": 30,
    "mean_runtime": 6.138533333333333,
    "mean_R": 3.7666666666666666,
    "mean_H": 3.9,
    "mean_S": 4.066666666666666,
    "mean_D": 4.133333333333334,
    "mean_K": 2.7333333333333334,
    "mean_overall": 3.7199999999999998,
    "flag_rates": {
      "safety_first": 1.0,
      "escalation_present": 1.0,
      "offline_workflow_mentioned": 0.0,
      "hallucination_suspected": 0.13333333333333333
    }
  },
  "S1": {
    "n": 30,
    "mean_runtime": 8.556266666666666,
    "mean_R": 4.833333333333333,
    "mean_H": 4.766666666666667,
    "mean_S": 4.8,
    "mean_D": 4.866666666666666,
    "mean_K": 4.5,
    "mean_overall": 4.753333333333333,
    "flag_rates": {
      "safety_first": 1.0,
      "escalation_present": 1.0,
      "offline_workflow_mentioned": 0.16666666666666666,
      "hallucination_suspected": 0.03333333333333333
    }
  },
  "S2": {
    "n": 30,
    "mean_runtime": 9.4974,
    "mean_R": 4.9,
    "mean_H": 4.9,
    "mean_S": 4.866666666666666,
    "mean_D": 4.966666666666667,
    "mean_K": 4.933333333333334,
    "mean_overall": 4.913333333333333,
    "flag_rates": {
      "safety_first": 1.0,
      "escalation_present": 1.0,
      "offline_workflow_mentioned": 0.6333333333333333,
      "hallucination_suspected": 0.0
    }
  }
}