{
  "L0": {
    "n": 30,
    "mean_runtime": 6.249233333333334,
    "mean_R": 3.8333333333333335,
    "mean_H": 4.0,
    "mean_S": 3.933333333333333,
    "mean_D": 4.066666666666666,
    "mean_K": 2.6333333333333333,
    "mean_overall": 3.6933333333333334,
    "flag_rates": {
      "safety_first": 1.0,
      "escalation_present": 1.0,
      "offline_workflow_mentioned": 0.0,
      "hallucination_suspected": 0.16666666666666666
    }
  },
  "L2": {
    "n": 30,
    "mean_runtime": 8.836266666666667,
    "mean_R": 4.966666666666667,
    "mean_H": 4.933333333333334,
    "mean_S": 4.933333333333334,
    "mean_D": 5.0,
    "mean_K": 4.633333333333334,
    "mean_overall": 4.8933333333333335,
    "flag_rates": {
      "safety_first": 1.0,
      "escalation_present": 1.0,
      "offline_workflow_mentioned": 0.23333333333333334,
      "hallucination_suspected": 0.03333333333333333
    }
  },
  "L2B": {
    "n": 30,
    "mean_runtime": 9.127233333333333,
    "mean_R": 4.9,
    "mean_H": 4.933333333333334,
    "mean_S": 4.933333333333334,
    "mean_D": 4.966666666666667,
    "mean_K": 4.966666666666667,
    "mean_overall": 4.9399999999999995,
    "flag_rates": {
      "safety_first": 1.0,
      "escalation_present": 1.0,
      "offline_workflow_mentioned": 0.6333333333333333,
      "hallucination_suspected": 0.0
    }
  }
}