{
  "S0": {
    "n": 30,
    "mean_runtime": 7.086366666666667,
    "mean_R": 3.9,
    "mean_H": 3.966666666666667,
    "mean_S": 4.2,
    "mean_D": 4.333333333333333,
    "mean_K": 2.8333333333333335,
    "mean_overall": 3.8466666666666667,
    "flag_rates": {
      "safety_first": 1.0,
      "escalation_present": 1.0,
      "offline_workflow_mentioned": 0.0,
      "hallucination_suspected": 0.0
    }
  },
  "S1": {
    "n": 30,
    "mean_runtime": 8.920800000000002,
    "mean_R": 4.866666666666666,
    "mean_H": 4.833333333333333,
    "mean_S": 4.8,
    "mean_D": 4.933333333333334,
    "mean_K": 4.6,
    "mean_overall": 4.806666666666667,
    "flag_rates": {
      "safety_first": 1.0,
      "escalation_present": 1.0,
      "offline_workflow_mentioned": 0.2,
      "hallucination_suspected": 0.0
    }
  },
  "S2": {
    "n": 30,
    "mean_runtime": 9.390333333333333,
    "mean_R": 4.966666666666667,
    "mean_H": 4.933333333333334,
    "mean_S": 4.933333333333334,
    "mean_D": 4.9,
    "mean_K": 4.933333333333334,
    "mean_overall": 4.933333333333334,
    "flag_rates": {
      "safety_first": 1.0,
      "escalation_present": 1.0,
      "offline_workflow_mentioned": 0.6666666666666666,
      "hallucination_suspected": 0.0
    }
  }
}