{
  "S0": {
    "n": 30,
    "mean_runtime": 5.904566666666667,
    "mean_R": 3.8333333333333335,
    "mean_H": 3.966666666666667,
    "mean_S": 4.1,
    "mean_D": 4.233333333333333,
    "mean_K": 2.7333333333333334,
    "mean_overall": 3.7733333333333334,
    "flag_rates": {
      "safety_first": 1.0,
      "escalation_present": 1.0,
      "offline_workflow_mentioned": 0.0,
      "hallucination_suspected": 0.1
    }
  },
  "S1": {
    "n": 30,
    "mean_runtime": 8.8231,
    "mean_R": 4.966666666666667,
    "mean_H": 4.9,
    "mean_S": 4.966666666666667,
    "mean_D": 4.966666666666667,
    "mean_K": 4.666666666666667,
    "mean_overall": 4.8933333333333335,
    "flag_rates": {
      "safety_first": 1.0,
      "escalation_present": 1.0,
      "offline_workflow_mentioned": 0.06666666666666667,
      "hallucination_suspected": 0.0
    }
  },
  "S2": {
    "n": 30,
    "mean_runtime": 8.9956,
    "mean_R": 4.966666666666667,
    "mean_H": 4.933333333333334,
    "mean_S": 4.933333333333334,
    "mean_D": 4.933333333333334,
    "mean_K": 5.0,
    "mean_overall": 4.953333333333333,
    "flag_rates": {
      "safety_first": 1.0,
      "escalation_present": 1.0,
      "offline_workflow_mentioned": 0.6333333333333333,
      "hallucination_suspected": 0.0
    }
  }
}