{
  "S0": {
    "n": 30,
    "mean_runtime": 5.961200000000001,
    "mean_R": 3.9,
    "mean_H": 3.933333333333333,
    "mean_S": 4.266666666666667,
    "mean_D": 4.1,
    "mean_K": 2.7,
    "mean_overall": 3.7800000000000002,
    "flag_rates": {
      "safety_first": 1.0,
      "escalation_present": 1.0,
      "offline_workflow_mentioned": 0.0,
      "hallucination_suspected": 0.1
    }
  },
  "S1": {
    "n": 30,
    "mean_runtime": 8.619499999999999,
    "mean_R": 4.966666666666667,
    "mean_H": 4.866666666666666,
    "mean_S": 4.966666666666667,
    "mean_D": 4.933333333333334,
    "mean_K": 4.5,
    "mean_overall": 4.846666666666667,
    "flag_rates": {
      "safety_first": 1.0,
      "escalation_present": 1.0,
      "offline_workflow_mentioned": 0.03333333333333333,
      "hallucination_suspected": 0.0
    }
  },
  "S2": {
    "n": 30,
    "mean_runtime": 8.212366666666666,
    "mean_R": 4.966666666666667,
    "mean_H": 4.933333333333334,
    "mean_S": 4.966666666666667,
    "mean_D": 4.9,
    "mean_K": 5.0,
    "mean_overall": 4.953333333333333,
    "flag_rates": {
      "safety_first": 1.0,
      "escalation_present": 1.0,
      "offline_workflow_mentioned": 0.5666666666666667,
      "hallucination_suspected": 0.0
    }
  }
}