{
  "L0": {
    "n": 30,
    "mean_runtime": 6.1133999999999995,
    "mean_R": 3.8,
    "mean_H": 3.8666666666666667,
    "mean_S": 3.8666666666666667,
    "mean_D": 4.166666666666667,
    "mean_K": 2.7666666666666666,
    "mean_overall": 3.6933333333333334,
    "flag_rates": {
      "safety_first": 1.0,
      "escalation_present": 1.0,
      "offline_workflow_mentioned": 0.0,
      "hallucination_suspected": 0.03333333333333333
    }
  },
  "L2": {
    "n": 30,
    "mean_runtime": 8.281633333333334,
    "mean_R": 4.833333333333333,
    "mean_H": 4.833333333333333,
    "mean_S": 4.833333333333333,
    "mean_D": 4.9,
    "mean_K": 4.466666666666667,
    "mean_overall": 4.7733333333333325,
    "flag_rates": {
      "safety_first": 1.0,
      "escalation_present": 1.0,
      "offline_workflow_mentioned": 0.1,
      "hallucination_suspected": 0.03333333333333333
    }
  },
  "L2B": {
    "n": 30,
    "mean_runtime": 8.1765,
    "mean_R": 4.9,
    "mean_H": 4.9,
    "mean_S": 4.933333333333334,
    "mean_D": 4.933333333333334,
    "mean_K": 5.0,
    "mean_overall": 4.933333333333334,
    "flag_rates": {
      "safety_first": 1.0,
      "escalation_present": 1.0,
      "offline_workflow_mentioned": 0.6,
      "hallucination_suspected": 0.0
    }
  }
}