{
  "L0": {
    "n": 30,
    "mean_runtime": 6.427966666666666,
    "mean_R": 3.8333333333333335,
    "mean_H": 3.9,
    "mean_S": 3.966666666666667,
    "mean_D": 4.166666666666667,
    "mean_K": 2.6666666666666665,
    "mean_overall": 3.7066666666666666,
    "flag_rates": {
      "safety_first": 1.0,
      "escalation_present": 1.0,
      "offline_workflow_mentioned": 0.0,
      "hallucination_suspected": 0.13333333333333333
    }
  },
  "L2": {
    "n": 30,
    "mean_runtime": 8.722166666666668,
    "mean_R": 4.9,
    "mean_H": 4.766666666666667,
    "mean_S": 4.733333333333333,
    "mean_D": 5.0,
    "mean_K": 4.666666666666667,
    "mean_overall": 4.8133333333333335,
    "flag_rates": {
      "safety_first": 1.0,
      "escalation_present": 1.0,
      "offline_workflow_mentioned": 0.26666666666666666,
      "hallucination_suspected": 0.0
    }
  },
  "L2B": {
    "n": 30,
    "mean_runtime": 8.880066666666666,
    "mean_R": 4.966666666666667,
    "mean_H": 4.933333333333334,
    "mean_S": 4.9,
    "mean_D": 5.0,
    "mean_K": 5.0,
    "mean_overall": 4.96,
    "flag_rates": {
      "safety_first": 1.0,
      "escalation_present": 1.0,
      "offline_workflow_mentioned": 0.5333333333333333,
      "hallucination_suspected": 0.0
    }
  }
}