{
  "judge_version_filter": "judge_v1_1",
  "unweighted": true,
  "per_strategy": {
    "S0": {
      "mean_R": {
        "n_runs": 4,
        "mean_of_run_means": 3.8583333333333334,
        "min_run_mean": 3.7666666666666666,
        "max_run_mean": 3.966666666666667
      },
      "mean_H": {
        "n_runs": 4,
        "mean_of_run_means": 3.9416666666666664,
        "min_run_mean": 3.9,
        "max_run_mean": 3.966666666666667
      },
      "mean_S": {
        "n_runs": 4,
        "mean_of_run_means": 4.0249999999999995,
        "min_run_mean": 3.933333333333333,
        "max_run_mean": 4.1
      },
      "mean_D": {
        "n_runs": 4,
        "mean_of_run_means": 4.208333333333334,
        "min_run_mean": 4.1,
        "max_run_mean": 4.4
      },
      "mean_K": {
        "n_runs": 4,
        "mean_of_run_means": 2.7583333333333333,
        "min_run_mean": 2.6666666666666665,
        "max_run_mean": 2.8666666666666667
      },
      "mean_overall": {
        "n_runs": 4,
        "mean_of_run_means": 3.7583333333333333,
        "min_run_mean": 3.6866666666666665,
        "max_run_mean": 3.8466666666666667
      }
    },
    "S1": {
      "mean_R": {
        "n_runs": 4,
        "mean_of_run_means": 4.9,
        "min_run_mean": 4.833333333333333,
        "max_run_mean": 4.933333333333334
      },
      "mean_H": {
        "n_runs": 4,
        "mean_of_run_means": 4.766666666666667,
        "min_run_mean": 4.666666666666667,
        "max_run_mean": 4.866666666666666
      },
      "mean_S": {
        "n_runs": 4,
        "mean_of_run_means": 4.866666666666666,
        "min_run_mean": 4.833333333333333,
        "max_run_mean": 4.9
      },
      "mean_D": {
        "n_runs": 4,
        "mean_of_run_means": 4.941666666666666,
        "min_run_mean": 4.9,
        "max_run_mean": 4.966666666666667
      },
      "mean_K": {
        "n_runs": 4,
        "mean_of_run_means": 4.55,
        "min_run_mean": 4.366666666666666,
        "max_run_mean": 4.666666666666667
      },
      "mean_overall": {
        "n_runs": 4,
        "mean_of_run_means": 4.805,
        "min_run_mean": 4.753333333333333,
        "max_run_mean": 4.84
      }
    },
    "S2": {
      "mean_R": {
        "n_runs": 4,
        "mean_of_run_means": 4.95,
        "min_run_mean": 4.933333333333334,
        "max_run_mean": 4.966666666666667
      },
      "mean_H": {
        "n_runs": 4,
        "mean_of_run_means": 4.891666666666667,
        "min_run_mean": 4.866666666666666,
        "max_run_mean": 4.933333333333334
      },
      "mean_S": {
        "n_runs": 4,
        "mean_of_run_means": 4.891666666666667,
        "min_run_mean": 4.833333333333333,
        "max_run_mean": 4.933333333333334
      },
      "mean_D": {
        "n_runs": 4,
        "mean_of_run_means": 4.95,
        "min_run_mean": 4.933333333333334,
        "max_run_mean": 4.966666666666667
      },
      "mean_K": {
        "n_runs": 4,
        "mean_of_run_means": 4.975,
        "min_run_mean": 4.933333333333334,
        "max_run_mean": 5.0
      },
      "mean_overall": {
        "n_runs": 4,
        "mean_of_run_means": 4.931666666666667,
        "min_run_mean": 4.913333333333333,
        "max_run_mean": 4.953333333333333
      }
    }
  }
}