{
  "judge_version_filter": "judge_v1_1",
  "unweighted": true,
  "per_strategy": {
    "S0": {
      "mean_R": {
        "n_runs": 8,
        "mean_of_run_means": 3.8541666666666665,
        "min_run_mean": 3.7666666666666666,
        "max_run_mean": 3.966666666666667
      },
      "mean_H": {
        "n_runs": 8,
        "mean_of_run_means": 3.9416666666666664,
        "min_run_mean": 3.9,
        "max_run_mean": 4.0
      },
      "mean_S": {
        "n_runs": 8,
        "mean_of_run_means": 3.9833333333333334,
        "min_run_mean": 3.8666666666666667,
        "max_run_mean": 4.1
      },
      "mean_D": {
        "n_runs": 8,
        "mean_of_run_means": 4.183333333333334,
        "min_run_mean": 4.066666666666666,
        "max_run_mean": 4.4
      },
      "mean_K": {
        "n_runs": 8,
        "mean_of_run_means": 2.75,
        "min_run_mean": 2.6666666666666665,
        "max_run_mean": 2.8666666666666667
      },
      "mean_overall": {
        "n_runs": 8,
        "mean_of_run_means": 3.7425,
        "min_run_mean": 3.6866666666666665,
        "max_run_mean": 3.8466666666666667
      }
    },
    "S1": {
      "mean_R": {
        "n_runs": 8,
        "mean_of_run_means": 4.920833333333333,
        "min_run_mean": 4.833333333333333,
        "max_run_mean": 4.966666666666667
      },
      "mean_H": {
        "n_runs": 8,
        "mean_of_run_means": 4.804166666666667,
        "min_run_mean": 4.666666666666667,
        "max_run_mean": 4.9
      },
      "mean_S": {
        "n_runs": 8,
        "mean_of_run_means": 4.85,
        "min_run_mean": 4.7,
        "max_run_mean": 4.933333333333334
      },
      "mean_D": {
        "n_runs": 8,
        "mean_of_run_means": 4.954166666666667,
        "min_run_mean": 4.9,
        "max_run_mean": 5.0
      },
      "mean_K": {
        "n_runs": 8,
        "mean_of_run_means": 4.566666666666666,
        "min_run_mean": 4.366666666666666,
        "max_run_mean": 4.666666666666667
      },
      "mean_overall": {
        "n_runs": 8,
        "mean_of_run_means": 4.819166666666666,
        "min_run_mean": 4.753333333333333,
        "max_run_mean": 4.88
      }
    },
    "S2": {
      "mean_R": {
        "n_runs": 8,
        "mean_of_run_means": 4.966666666666667,
        "min_run_mean": 4.933333333333334,
        "max_run_mean": 5.0
      },
      "mean_H": {
        "n_runs": 8,
        "mean_of_run_means": 4.908333333333333,
        "min_run_mean": 4.866666666666666,
        "max_run_mean": 4.966666666666667
      },
      "mean_S": {
        "n_runs": 8,
        "mean_of_run_means": 4.895833333333334,
        "min_run_mean": 4.833333333333333,
        "max_run_mean": 4.966666666666667
      },
      "mean_D": {
        "n_runs": 8,
        "mean_of_run_means": 4.954166666666667,
        "min_run_mean": 4.933333333333334,
        "max_run_mean": 4.966666666666667
      },
      "mean_K": {
        "n_runs": 8,
        "mean_of_run_means": 4.975,
        "min_run_mean": 4.933333333333334,
        "max_run_mean": 5.0
      },
      "mean_overall": {
        "n_runs": 8,
        "mean_of_run_means": 4.94,
        "min_run_mean": 4.913333333333333,
        "max_run_mean": 4.96
      }
    }
  }
}