{
  "judge_version_filter": "judge_v1_1",
  "unweighted": true,
  "per_strategy": {
    "S0": {
      "mean_R": {
        "n_runs": 10,
        "mean_of_run_means": 3.85,
        "min_run_mean": 3.7666666666666666,
        "max_run_mean": 3.966666666666667
      },
      "mean_H": {
        "n_runs": 10,
        "mean_of_run_means": 3.943333333333333,
        "min_run_mean": 3.9,
        "max_run_mean": 4.0
      },
      "mean_S": {
        "n_runs": 10,
        "mean_of_run_means": 3.9699999999999998,
        "min_run_mean": 3.8666666666666667,
        "max_run_mean": 4.1
      },
      "mean_D": {
        "n_runs": 10,
        "mean_of_run_means": 4.176666666666667,
        "min_run_mean": 4.066666666666666,
        "max_run_mean": 4.4
      },
      "mean_K": {
        "n_runs": 10,
        "mean_of_run_means": 2.7266666666666666,
        "min_run_mean": 2.6333333333333333,
        "max_run_mean": 2.8666666666666667
      },
      "mean_overall": {
        "n_runs": 10,
        "mean_of_run_means": 3.7333333333333334,
        "min_run_mean": 3.6866666666666665,
        "max_run_mean": 3.8466666666666667
      }
    },
    "S1": {
      "mean_R": {
        "n_runs": 10,
        "mean_of_run_means": 4.906666666666667,
        "min_run_mean": 4.833333333333333,
        "max_run_mean": 4.966666666666667
      },
      "mean_H": {
        "n_runs": 10,
        "mean_of_run_means": 4.803333333333333,
        "min_run_mean": 4.666666666666667,
        "max_run_mean": 4.9
      },
      "mean_S": {
        "n_runs": 10,
        "mean_of_run_means": 4.836666666666667,
        "min_run_mean": 4.7,
        "max_run_mean": 4.933333333333334
      },
      "mean_D": {
        "n_runs": 10,
        "mean_of_run_means": 4.95,
        "min_run_mean": 4.9,
        "max_run_mean": 5.0
      },
      "mean_K": {
        "n_runs": 10,
        "mean_of_run_means": 4.55,
        "min_run_mean": 4.366666666666666,
        "max_run_mean": 4.666666666666667
      },
      "mean_overall": {
        "n_runs": 10,
        "mean_of_run_means": 4.809333333333333,
        "min_run_mean": 4.733333333333333,
        "max_run_mean": 4.88
      }
    },
    "S2": {
      "mean_R": {
        "n_runs": 10,
        "mean_of_run_means": 4.956666666666667,
        "min_run_mean": 4.9,
        "max_run_mean": 5.0
      },
      "mean_H": {
        "n_runs": 10,
        "mean_of_run_means": 4.91,
        "min_run_mean": 4.866666666666666,
        "max_run_mean": 4.966666666666667
      },
      "mean_S": {
        "n_runs": 10,
        "mean_of_run_means": 4.8966666666666665,
        "min_run_mean": 4.833333333333333,
        "max_run_mean": 4.966666666666667
      },
      "mean_D": {
        "n_runs": 10,
        "mean_of_run_means": 4.946666666666667,
        "min_run_mean": 4.9,
        "max_run_mean": 4.966666666666667
      },
      "mean_K": {
        "n_runs": 10,
        "mean_of_run_means": 4.973333333333334,
        "min_run_mean": 4.933333333333334,
        "max_run_mean": 5.0
      },
      "mean_overall": {
        "n_runs": 10,
        "mean_of_run_means": 4.9366666666666665,
        "min_run_mean": 4.913333333333333,
        "max_run_mean": 4.96
      }
    }
  }
}