{
  "judge_version_filter": "judge_v1_1",
  "unweighted": true,
  "per_strategy": {
    "S0": {
      "mean_R": {
        "n_runs": 1,
        "mean_of_run_means": 3.7666666666666666,
        "min_run_mean": 3.7666666666666666,
        "max_run_mean": 3.7666666666666666
      },
      "mean_H": {
        "n_runs": 1,
        "mean_of_run_means": 3.966666666666667,
        "min_run_mean": 3.966666666666667,
        "max_run_mean": 3.966666666666667
      },
      "mean_S": {
        "n_runs": 1,
        "mean_of_run_means": 3.933333333333333,
        "min_run_mean": 3.933333333333333,
        "max_run_mean": 3.933333333333333
      },
      "mean_D": {
        "n_runs": 1,
        "mean_of_run_means": 4.1,
        "min_run_mean": 4.1,
        "max_run_mean": 4.1
      },
      "mean_K": {
        "n_runs": 1,
        "mean_of_run_means": 2.6666666666666665,
        "min_run_mean": 2.6666666666666665,
        "max_run_mean": 2.6666666666666665
      },
      "mean_overall": {
        "n_runs": 1,
        "mean_of_run_means": 3.6866666666666665,
        "min_run_mean": 3.6866666666666665,
        "max_run_mean": 3.6866666666666665
      }
    },
    "S1": {
      "mean_R": {
        "n_runs": 1,
        "mean_of_run_means": 4.9,
        "min_run_mean": 4.9,
        "max_run_mean": 4.9
      },
      "mean_H": {
        "n_runs": 1,
        "mean_of_run_means": 4.666666666666667,
        "min_run_mean": 4.666666666666667,
        "max_run_mean": 4.666666666666667
      },
      "mean_S": {
        "n_runs": 1,
        "mean_of_run_means": 4.866666666666666,
        "min_run_mean": 4.866666666666666,
        "max_run_mean": 4.866666666666666
      },
      "mean_D": {
        "n_runs": 1,
        "mean_of_run_means": 4.966666666666667,
        "min_run_mean": 4.966666666666667,
        "max_run_mean": 4.966666666666667
      },
      "mean_K": {
        "n_runs": 1,
        "mean_of_run_means": 4.366666666666666,
        "min_run_mean": 4.366666666666666,
        "max_run_mean": 4.366666666666666
      },
      "mean_overall": {
        "n_runs": 1,
        "mean_of_run_means": 4.753333333333333,
        "min_run_mean": 4.753333333333333,
        "max_run_mean": 4.753333333333333
      }
    },
    "S2": {
      "mean_R": {
        "n_runs": 1,
        "mean_of_run_means": 4.933333333333334,
        "min_run_mean": 4.933333333333334,
        "max_run_mean": 4.933333333333334
      },
      "mean_H": {
        "n_runs": 1,
        "mean_of_run_means": 4.866666666666666,
        "min_run_mean": 4.866666666666666,
        "max_run_mean": 4.866666666666666
      },
      "mean_S": {
        "n_runs": 1,
        "mean_of_run_means": 4.9,
        "min_run_mean": 4.9,
        "max_run_mean": 4.9
      },
      "mean_D": {
        "n_runs": 1,
        "mean_of_run_means": 4.933333333333334,
        "min_run_mean": 4.933333333333334,
        "max_run_mean": 4.933333333333334
      },
      "mean_K": {
        "n_runs": 1,
        "mean_of_run_means": 4.933333333333334,
        "min_run_mean": 4.933333333333334,
        "max_run_mean": 4.933333333333334
      },
      "mean_overall": {
        "n_runs": 1,
        "mean_of_run_means": 4.913333333333333,
        "min_run_mean": 4.913333333333333,
        "max_run_mean": 4.913333333333333
      }
    }
  }
}