{
  "1": {
    "S0": {
      "n": 30,
      "mean_runtime": 7.0107,
      "mean_R": 3.7666666666666666,
      "mean_H": 3.966666666666667,
      "mean_S": 3.933333333333333,
      "mean_D": 4.1,
      "mean_K": 2.6666666666666665,
      "mean_overall": 3.6866666666666665,
      "flag_rates": {
        "safety_first": 1.0,
        "escalation_present": 1.0,
        "offline_workflow_mentioned": 0.0,
        "hallucination_suspected": 0.06666666666666667
      }
    },
    "S1": {
      "n": 30,
      "mean_runtime": 9.077466666666668,
      "mean_R": 4.9,
      "mean_H": 4.666666666666667,
      "mean_S": 4.866666666666666,
      "mean_D": 4.966666666666667,
      "mean_K": 4.366666666666666,
      "mean_overall": 4.753333333333333,
      "flag_rates": {
        "safety_first": 1.0,
        "escalation_present": 1.0,
        "offline_workflow_mentioned": 0.1,
        "hallucination_suspected": 0.03333333333333333
      }
    },
    "S2": {
      "n": 30,
      "mean_runtime": 9.264299999999999,
      "mean_R": 4.933333333333334,
      "mean_H": 4.866666666666666,
      "mean_S": 4.9,
      "mean_D": 4.933333333333334,
      "mean_K": 4.933333333333334,
      "mean_overall": 4.913333333333333,
      "flag_rates": {
        "safety_first": 1.0,
        "escalation_present": 1.0,
        "offline_workflow_mentioned": 0.6,
        "hallucination_suspected": 0.0
      }
    }
  },
  "2": {
    "S0": {
      "n": 30,
      "mean_runtime": 6.942866666666666,
      "mean_R": 3.966666666666667,
      "mean_H": 3.966666666666667,
      "mean_S": 4.1,
      "mean_D": 4.4,
      "mean_K": 2.8,
      "mean_overall": 3.8466666666666667,
      "flag_rates": {
        "safety_first": 1.0,
        "escalation_present": 1.0,
        "offline_workflow_mentioned": 0.0,
        "hallucination_suspected": 0.06666666666666667
      }
    },
    "S1": {
      "n": 30,
      "mean_runtime": 9.2522,
      "mean_R": 4.833333333333333,
      "mean_H": 4.7,
      "mean_S": 4.9,
      "mean_D": 4.933333333333334,
      "mean_K": 4.566666666666666,
      "mean_overall": 4.786666666666666,
      "flag_rates": {
        "safety_first": 1.0,
        "escalation_present": 1.0,
        "offline_workflow_mentioned": 0.1,
        "hallucination_suspected": 0.0
      }
    },
    "S2": {
      "n": 30,
      "mean_runtime": 9.278500000000001,
      "mean_R": 4.966666666666667,
      "mean_H": 4.9,
      "mean_S": 4.933333333333334,
      "mean_D": 4.966666666666667,
      "mean_K": 5.0,
      "mean_overall": 4.953333333333333,
      "flag_rates": {
        "safety_first": 1.0,
        "escalation_present": 1.0,
        "offline_workflow_mentioned": 0.5666666666666667,
        "hallucination_suspected": 0.0
      }
    }
  },
  "3": {
    "S0": {
      "n": 30,
      "mean_runtime": 6.536966666666667,
      "mean_R": 3.8333333333333335,
      "mean_H": 3.933333333333333,
      "mean_S": 4.0,
      "mean_D": 4.133333333333334,
      "mean_K": 2.7,
      "mean_overall": 3.7199999999999998,
      "flag_rates": {
        "safety_first": 1.0,
        "escalation_present": 1.0,
        "offline_workflow_mentioned": 0.0,
        "hallucination_suspected": 0.06666666666666667
      }
    },
    "S1": {
      "n": 30,
      "mean_runtime": 8.926633333333333,
      "mean_R": 4.933333333333334,
      "mean_H": 4.866666666666666,
      "mean_S": 4.833333333333333,
      "mean_D": 4.966666666666667,
      "mean_K": 4.6,
      "mean_overall": 4.84,
      "flag_rates": {
        "safety_first": 1.0,
        "escalation_present": 1.0,
        "offline_workflow_mentioned": 0.2,
        "hallucination_suspected": 0.0
      }
    },
    "S2": {
      "n": 30,
      "mean_runtime": 8.881266666666667,
      "mean_R": 4.933333333333334,
      "mean_H": 4.933333333333334,
      "mean_S": 4.9,
      "mean_D": 4.966666666666667,
      "mean_K": 5.0,
      "mean_overall": 4.946666666666667,
      "flag_rates": {
        "safety_first": 1.0,
        "escalation_present": 1.0,
        "offline_workflow_mentioned": 0.6666666666666666,
        "hallucination_suspected": 0.0
      }
    }
  },
  "4": {
    "S0": {
      "n": 30,
      "mean_runtime": 7.207,
      "mean_R": 3.8666666666666667,
      "mean_H": 3.9,
      "mean_S": 4.066666666666666,
      "mean_D": 4.2,
      "mean_K": 2.8666666666666667,
      "mean_overall": 3.7800000000000002,
      "flag_rates": {
        "safety_first": 1.0,
        "escalation_present": 1.0,
        "offline_workflow_mentioned": 0.0,
        "hallucination_suspected": 0.1
      }
    },
    "S1": {
      "n": 30,
      "mean_runtime": 8.833400000000001,
      "mean_R": 4.933333333333334,
      "mean_H": 4.833333333333333,
      "mean_S": 4.866666666666666,
      "mean_D": 4.9,
      "mean_K": 4.666666666666667,
      "mean_overall": 4.84,
      "flag_rates": {
        "safety_first": 1.0,
        "escalation_present": 1.0,
        "offline_workflow_mentioned": 0.2,
        "hallucination_suspected": 0.0
      }
    },
    "S2": {
      "n": 30,
      "mean_runtime": 9.833566666666666,
      "mean_R": 4.966666666666667,
      "mean_H": 4.866666666666666,
      "mean_S": 4.833333333333333,
      "mean_D": 4.933333333333334,
      "mean_K": 4.966666666666667,
      "mean_overall": 4.913333333333333,
      "flag_rates": {
        "safety_first": 1.0,
        "escalation_present": 1.0,
        "offline_workflow_mentioned": 0.6333333333333333,
        "hallucination_suspected": 0.0
      }
    }
  },
  "5": {
    "S0": {
      "n": 30,
      "mean_runtime": 6.926233333333333,
      "mean_R": 3.8666666666666667,
      "mean_H": 3.966666666666667,
      "mean_S": 3.933333333333333,
      "mean_D": 4.2,
      "mean_K": 2.7333333333333334,
      "mean_overall": 3.74,
      "flag_rates": {
        "safety_first": 1.0,
        "escalation_present": 1.0,
        "offline_workflow_mentioned": 0.0,
        "hallucination_suspected": 0.13333333333333333
      }
    },
    "S1": {
      "n": 30,
      "mean_runtime": 9.854066666666666,
      "mean_R": 4.966666666666667,
      "mean_H": 4.9,
      "mean_S": 4.866666666666666,
      "mean_D": 5.0,
      "mean_K": 4.666666666666667,
      "mean_overall": 4.88,
      "flag_rates": {
        "safety_first": 1.0,
        "escalation_present": 1.0,
        "offline_workflow_mentioned": 0.2,
        "hallucination_suspected": 0.0
      }
    },
    "S2": {
      "n": 30,
      "mean_runtime": 9.366466666666668,
      "mean_R": 4.966666666666667,
      "mean_H": 4.966666666666667,
      "mean_S": 4.9,
      "mean_D": 4.933333333333334,
      "mean_K": 4.966666666666667,
      "mean_overall": 4.946666666666667,
      "flag_rates": {
        "safety_first": 1.0,
        "escalation_present": 1.0,
        "offline_workflow_mentioned": 0.5666666666666667,
        "hallucination_suspected": 0.0
      }
    }
  },
  "6": {
    "S0": {
      "n": 30,
      "mean_runtime": 6.8145,
      "mean_R": 3.8666666666666667,
      "mean_H": 4.0,
      "mean_S": 4.033333333333333,
      "mean_D": 4.1,
      "mean_K": 2.8666666666666667,
      "mean_overall": 3.7733333333333334,
      "flag_rates": {
        "safety_first": 1.0,
        "escalation_present": 1.0,
        "offline_workflow_mentioned": 0.0,
        "hallucination_suspected": 0.06666666666666667
      }
    },
    "S1": {
      "n": 30,
      "mean_runtime": 8.964400000000001,
      "mean_R": 4.933333333333334,
      "mean_H": 4.833333333333333,
      "mean_S": 4.833333333333333,
      "mean_D": 4.933333333333334,
      "mean_K": 4.566666666666666,
      "mean_overall": 4.819999999999999,
      "flag_rates": {
        "safety_first": 1.0,
        "escalation_present": 1.0,
        "offline_workflow_mentioned": 0.26666666666666666,
        "hallucination_suspected": 0.0
      }
    },
    "S2": {
      "n": 30,
      "mean_runtime": 9.059333333333333,
      "mean_R": 5.0,
      "mean_H": 4.933333333333334,
      "mean_S": 4.9,
      "mean_D": 4.966666666666667,
      "mean_K": 5.0,
      "mean_overall": 4.96,