{
  "judge_version_filter": "judge_v1_1",
  "unweighted": true,
  "per_strategy": {
    "S0": {
      "mean_R": {
        "n_runs": 6,
        "mean_of_run_means": 3.861111111111111,
        "min_run_mean": 3.7666666666666666,
        "max_run_mean": 3.966666666666667
      },
      "mean_H": {
        "n_runs": 6,
        "mean_of_run_means": 3.9555555555555557,
        "min_run_mean": 3.9,
        "max_run_mean": 4.0
      },
      "mean_S": {
        "n_runs": 6,
        "mean_of_run_means": 4.011111111111111,
        "min_run_mean": 3.933333333333333,
        "max_run_mean": 4.1
      },
      "mean_D": {
        "n_runs": 6,
        "mean_of_run_means": 4.188888888888889,
        "min_run_mean": 4.1,
        "max_run_mean": 4.4
      },
      "mean_K": {
        "n_runs": 6,
        "mean_of_run_means": 2.772222222222222,
        "min_run_mean": 2.6666666666666665,
        "max_run_mean": 2.8666666666666667
      },
      "mean_overall": {
        "n_runs": 6,
        "mean_of_run_means": 3.7577777777777777,
        "min_run_mean": 3.6866666666666665,
        "max_run_mean": 3.8466666666666667
      }
    },
    "S1": {
      "mean_R": {
        "n_runs": 6,
        "mean_of_run_means": 4.916666666666667,
        "min_run_mean": 4.833333333333333,
        "max_run_mean": 4.966666666666667
      },
      "mean_H": {
        "n_runs": 6,
        "mean_of_run_means": 4.8,
        "min_run_mean": 4.666666666666667,
        "max_run_mean": 4.9
      },
      "mean_S": {
        "n_runs": 6,
        "mean_of_run_means": 4.861111111111111,
        "min_run_mean": 4.833333333333333,
        "max_run_mean": 4.9
      },
      "mean_D": {
        "n_runs": 6,
        "mean_of_run_means": 4.95,
        "min_run_mean": 4.9,
        "max_run_mean": 5.0
      },
      "mean_K": {
        "n_runs": 6,
        "mean_of_run_means": 4.572222222222222,
        "min_run_mean": 4.366666666666666,
        "max_run_mean": 4.666666666666667
      },
      "mean_overall": {
        "n_runs": 6,
        "mean_of_run_means": 4.819999999999999,
        "min_run_mean": 4.753333333333333,
        "max_run_mean": 4.88
      }
    },
    "S2": {
      "mean_R": {
        "n_runs": 6,
        "mean_of_run_means": 4.961111111111111,
        "min_run_mean": 4.933333333333334,
        "max_run_mean": 5.0
      },
      "mean_H": {
        "n_runs": 6,
        "mean_of_run_means": 4.911111111111111,
        "min_run_mean": 4.866666666666666,
        "max_run_mean": 4.966666666666667
      },
      "mean_S": {
        "n_runs": 6,
        "mean_of_run_means": 4.894444444444445,
        "min_run_mean": 4.833333333333333,
        "max_run_mean": 4.933333333333334
      },
      "mean_D": {
        "n_runs": 6,
        "mean_of_run_means": 4.95,
        "min_run_mean": 4.933333333333334,
        "max_run_mean": 4.966666666666667
      },
      "mean_K": {
        "n_runs": 6,
        "mean_of_run_means": 4.977777777777778,
        "min_run_mean": 4.933333333333334,
        "max_run_mean": 5.0
      },
      "mean_overall": {
        "n_runs": 6,
        "mean_of_run_means": 4.938888888888889,
        "min_run_mean": 4.913333333333333,
        "max_run_mean": 4.96
      }
    }
  }
}