{
  "judge_version_filter": "judge_v1_1",
  "unweighted": true,
  "per_strategy": {
    "S0": {
      "mean_R": {
        "n_runs": 9,
        "mean_of_run_means": 3.8518518518518516,
        "min_run_mean": 3.7666666666666666,
        "max_run_mean": 3.966666666666667
      },
      "mean_H": {
        "n_runs": 9,
        "mean_of_run_means": 3.9370370370370367,
        "min_run_mean": 3.9,
        "max_run_mean": 4.0
      },
      "mean_S": {
        "n_runs": 9,
        "mean_of_run_means": 3.9777777777777774,
        "min_run_mean": 3.8666666666666667,
        "max_run_mean": 4.1
      },
      "mean_D": {
        "n_runs": 9,
        "mean_of_run_means": 4.185185185185185,
        "min_run_mean": 4.066666666666666,
        "max_run_mean": 4.4
      },
      "mean_K": {
        "n_runs": 9,
        "mean_of_run_means": 2.737037037037037,
        "min_run_mean": 2.6333333333333333,
        "max_run_mean": 2.8666666666666667
      },
      "mean_overall": {
        "n_runs": 9,
        "mean_of_run_means": 3.7377777777777776,
        "min_run_mean": 3.6866666666666665,
        "max_run_mean": 3.8466666666666667
      }
    },
    "S1": {
      "mean_R": {
        "n_runs": 9,
        "mean_of_run_means": 4.911111111111111,
        "min_run_mean": 4.833333333333333,
        "max_run_mean": 4.966666666666667
      },
      "mean_H": {
        "n_runs": 9,
        "mean_of_run_means": 4.800000000000001,
        "min_run_mean": 4.666666666666667,
        "max_run_mean": 4.9
      },
      "mean_S": {
        "n_runs": 9,
        "mean_of_run_means": 4.84074074074074,
        "min_run_mean": 4.7,
        "max_run_mean": 4.933333333333334
      },
      "mean_D": {
        "n_runs": 9,
        "mean_of_run_means": 4.948148148148148,
        "min_run_mean": 4.9,
        "max_run_mean": 5.0
      },
      "mean_K": {
        "n_runs": 9,
        "mean_of_run_means": 4.548148148148147,
        "min_run_mean": 4.366666666666666,
        "max_run_mean": 4.666666666666667
      },
      "mean_overall": {
        "n_runs": 9,
        "mean_of_run_means": 4.8096296296296295,
        "min_run_mean": 4.733333333333333,
        "max_run_mean": 4.88
      }
    },
    "S2": {
      "mean_R": {
        "n_runs": 9,
        "mean_of_run_means": 4.962962962962964,
        "min_run_mean": 4.933333333333334,
        "max_run_mean": 5.0
      },
      "mean_H": {
        "n_runs": 9,
        "mean_of_run_means": 4.911111111111111,
        "min_run_mean": 4.866666666666666,
        "max_run_mean": 4.966666666666667
      },
      "mean_S": {
        "n_runs": 9,
        "mean_of_run_means": 4.896296296296296,
        "min_run_mean": 4.833333333333333,
        "max_run_mean": 4.966666666666667
      },
      "mean_D": {
        "n_runs": 9,
        "mean_of_run_means": 4.951851851851853,
        "min_run_mean": 4.933333333333334,
        "max_run_mean": 4.966666666666667
      },
      "mean_K": {
        "n_runs": 9,
        "mean_of_run_means": 4.974074074074074,
        "min_run_mean": 4.933333333333334,
        "max_run_mean": 5.0
      },
      "mean_overall": {
        "n_runs": 9,
        "mean_of_run_means": 4.939259259259259,
        "min_run_mean": 4.913333333333333,
        "max_run_mean": 4.96
      }
    }
  }
}