{
  "S0": {
    "n": 30,
    "mean_runtime": 7.482,
    "mean_R": 3.8333333333333335,
    "mean_H": 3.9,
    "mean_S": 3.933333333333333,
    "mean_D": 4.2,
    "mean_K": 2.6333333333333333,
    "mean_overall": 3.7,
    "flag_rates": {
      "safety_first": 1.0,
      "escalation_present": 1.0,
      "offline_workflow_mentioned": 0.0,
      "hallucination_suspected": 0.13333333333333333
    }
  },
  "S1": {
    "n": 30,
    "mean_runtime": 8.631333333333334,
    "mean_R": 4.833333333333333,
    "mean_H": 4.766666666666667,
    "mean_S": 4.766666666666667,
    "mean_D": 4.9,
    "mean_K": 4.4,
    "mean_overall": 4.733333333333333,
    "flag_rates": {
      "safety_first": 1.0,
      "escalation_present": 1.0,
      "offline_workflow_mentioned": 0.06666666666666667,
      "hallucination_suspected": 0.0
    }
  },
  "S2": {
    "n": 30,
    "mean_runtime": 9.334333333333332,
    "mean_R": 4.933333333333334,
    "mean_H": 4.933333333333334,
    "mean_S": 4.9,
    "mean_D": 4.933333333333334,
    "mean_K": 4.966666666666667,
    "mean_overall": 4.933333333333334,
    "flag_rates": {
      "safety_first": 1.0,
      "escalation_present": 1.0,
      "offline_workflow_mentioned": 0.6333333333333333,
      "hallucination_suspected": 0.0
    }
  }
}