{
  "L0": {
    "n": 30,
    "mean_runtime": 7.207,
    "mean_R": 3.8666666666666667,
    "mean_H": 3.9,
    "mean_S": 4.066666666666666,
    "mean_D": 4.2,
    "mean_K": 2.8666666666666667,
    "mean_overall": 3.7800000000000002,
    "flag_rates": {
      "safety_first": 1.0,
      "escalation_present": 1.0,
      "offline_workflow_mentioned": 0.0,
      "hallucination_suspected": 0.1
    }
  },
  "L2": {
    "n": 30,
    "mean_runtime": 8.833400000000001,
    "mean_R": 4.933333333333334,
    "mean_H": 4.833333333333333,
    "mean_S": 4.866666666666666,
    "mean_D": 4.9,
    "mean_K": 4.666666666666667,
    "mean_overall": 4.84,
    "flag_rates": {
      "safety_first": 1.0,
      "escalation_present": 1.0,
      "offline_workflow_mentioned": 0.2,
      "hallucination_suspected": 0.0
    }
  },
  "L2B": {
    "n": 30,
    "mean_runtime": 9.833566666666666,
    "mean_R": 4.966666666666667,
    "mean_H": 4.866666666666666,
    "mean_S": 4.833333333333333,
    "mean_D": 4.933333333333334,
    "mean_K": 4.966666666666667,
    "mean_overall": 4.913333333333333,
    "flag_rates": {
      "safety_first": 1.0,
      "escalation_present": 1.0,
      "offline_workflow_mentioned": 0.6333333333333333,
      "hallucination_suspected": 0.0
    }
  }
}