{
  "L0": {
    "n": 30,
    "mean_runtime": 6.926233333333333,
    "mean_R": 3.8666666666666667,
    "mean_H": 3.966666666666667,
    "mean_S": 3.933333333333333,
    "mean_D": 4.2,
    "mean_K": 2.7333333333333334,
    "mean_overall": 3.74,
    "flag_rates": {
      "safety_first": 1.0,
      "escalation_present": 1.0,
      "offline_workflow_mentioned": 0.0,
      "hallucination_suspected": 0.13333333333333333
    }
  },
  "L2": {
    "n": 30,
    "mean_runtime": 9.854066666666666,
    "mean_R": 4.966666666666667,
    "mean_H": 4.9,
    "mean_S": 4.866666666666666,
    "mean_D": 5.0,
    "mean_K": 4.666666666666667,
    "mean_overall": 4.88,
    "flag_rates": {
      "safety_first": 1.0,
      "escalation_present": 1.0,
      "offline_workflow_mentioned": 0.2,
      "hallucination_suspected": 0.0
    }
  },
  "L2B": {
    "n": 30,
    "mean_runtime": 9.366466666666668,
    "mean_R": 4.966666666666667,
    "mean_H": 4.966666666666667,
    "mean_S": 4.9,
    "mean_D": 4.933333333333334,
    "mean_K": 4.966666666666667,
    "mean_overall": 4.946666666666667,
    "flag_rates": {
      "safety_first": 1.0,
      "escalation_present": 1.0,
      "offline_workflow_mentioned": 0.5666666666666667,
      "hallucination_suspected": 0.0
    }
  }
}