{
  "S0": {
    "n": 30,
    "mean_runtime": 7.157733333333334,
    "mean_R": 3.8333333333333335,
    "mean_H": 4.0,
    "mean_S": 3.9,
    "mean_D": 4.1,
    "mean_K": 2.6333333333333333,
    "mean_overall": 3.6933333333333334,
    "flag_rates": {
      "safety_first": 1.0,
      "escalation_present": 1.0,
      "offline_workflow_mentioned": 0.0,
      "hallucination_suspected": 0.03333333333333333
    }
  },
  "S1": {
    "n": 30,
    "mean_runtime": 9.875200000000001,
    "mean_R": 4.866666666666666,
    "mean_H": 4.833333333333333,
    "mean_S": 4.8,
    "mean_D": 4.966666666666667,
    "mean_K": 4.566666666666666,
    "mean_overall": 4.806666666666667,
    "flag_rates": {
      "safety_first": 1.0,
      "escalation_present": 1.0,
      "offline_workflow_mentioned": 0.1,
      "hallucination_suspected": 0.0
    }
  },
  "S2": {
    "n": 30,
    "mean_runtime": 9.784500000000001,
    "mean_R": 4.9,
    "mean_H": 4.9,
    "mean_S": 4.9,
    "mean_D": 4.9,
    "mean_K": 4.966666666666667,
    "mean_overall": 4.913333333333333,
    "flag_rates": {
      "safety_first": 1.0,
      "escalation_present": 1.0,
      "offline_workflow_mentioned": 0.6,
      "hallucination_suspected": 0.0
    }
  }
}