{
  "S0": {
    "n": 30,
    "mean_runtime": 6.761933333333333,
    "mean_R": 3.8666666666666667,
    "mean_H": 3.9,
    "mean_S": 3.933333333333333,
    "mean_D": 4.066666666666666,
    "mean_K": 2.6666666666666665,
    "mean_overall": 3.6866666666666665,
    "flag_rates": {
      "safety_first": 1.0,
      "escalation_present": 1.0,
      "offline_workflow_mentioned": 0.0,
      "hallucination_suspected": 0.06666666666666667
    }
  },
  "S1": {
    "n": 30,
    "mean_runtime": 9.393733333333333,
    "mean_R": 4.966666666666667,
    "mean_H": 4.9,
    "mean_S": 4.933333333333334,
    "mean_D": 5.0,
    "mean_K": 4.5,
    "mean_overall": 4.86,
    "flag_rates": {
      "safety_first": 1.0,
      "escalation_present": 1.0,
      "offline_workflow_mentioned": 0.13333333333333333,
      "hallucination_suspected": 0.0
    }
  },
  "S2": {
    "n": 30,
    "mean_runtime": 9.3431,
    "mean_R": 5.0,
    "mean_H": 4.933333333333334,
    "mean_S": 4.966666666666667,
    "mean_D": 4.966666666666667,
    "mean_K": 4.933333333333334,
    "mean_overall": 4.96,
    "flag_rates": {
      "safety_first": 1.0,
      "escalation_present": 1.0,
      "offline_workflow_mentioned": 0.5333333333333333,
      "hallucination_suspected": 0.0
    }
  }
}