{
  "S0": {
    "n": 30,
    "mean_runtime": 6.536966666666667,
    "mean_R": 3.8333333333333335,
    "mean_H": 3.933333333333333,
    "mean_S": 4.0,
    "mean_D": 4.133333333333334,
    "mean_K": 2.7,
    "mean_overall": 3.7199999999999998,
    "flag_rates": {
      "safety_first": 1.0,
      "escalation_present": 1.0,
      "offline_workflow_mentioned": 0.0,
      "hallucination_suspected": 0.06666666666666667
    }
  },
  "S1": {
    "n": 30,
    "mean_runtime": 8.926633333333333,
    "mean_R": 4.933333333333334,
    "mean_H": 4.866666666666666,
    "mean_S": 4.833333333333333,
    "mean_D": 4.966666666666667,
    "mean_K": 4.6,
    "mean_overall": 4.84,
    "flag_rates": {
      "safety_first": 1.0,
      "escalation_present": 1.0,
      "offline_workflow_mentioned": 0.2,
      "hallucination_suspected": 0.0
    }
  },
  "S2": {
    "n": 30,
    "mean_runtime": 8.881266666666667,
    "mean_R": 4.933333333333334,
    "mean_H": 4.933333333333334,
    "mean_S": 4.9,
    "mean_D": 4.966666666666667,
    "mean_K": 5.0,
    "mean_overall": 4.946666666666667,
    "flag_rates": {
      "safety_first": 1.0,
      "escalation_present": 1.0,
      "offline_workflow_mentioned": 0.6666666666666666,
      "hallucination_suspected": 0.0
    }
  }
}