{
  "S0": {
    "n": 30,
    "mean_runtime": 6.942866666666666,
    "mean_R": 3.966666666666667,
    "mean_H": 3.966666666666667,
    "mean_S": 4.1,
    "mean_D": 4.4,
    "mean_K": 2.8,
    "mean_overall": 3.8466666666666667,
    "flag_rates": {
      "safety_first": 1.0,
      "escalation_present": 1.0,
      "offline_workflow_mentioned": 0.0,
      "hallucination_suspected": 0.06666666666666667
    }
  },
  "S1": {
    "n": 30,
    "mean_runtime": 9.2522,
    "mean_R": 4.833333333333333,
    "mean_H": 4.7,
    "mean_S": 4.9,
    "mean_D": 4.933333333333334,
    "mean_K": 4.566666666666666,
    "mean_overall": 4.786666666666666,
    "flag_rates": {
      "safety_first": 1.0,
      "escalation_present": 1.0,
      "offline_workflow_mentioned": 0.1,
      "hallucination_suspected": 0.0
    }
  },
  "S2": {
    "n": 30,
    "mean_runtime": 9.278500000000001,
    "mean_R": 4.966666666666667,
    "mean_H": 4.9,
    "mean_S": 4.933333333333334,
    "mean_D": 4.966666666666667,
    "mean_K": 5.0,
    "mean_overall": 4.953333333333333,
    "flag_rates": {
      "safety_first": 1.0,
      "escalation_present": 1.0,
      "offline_workflow_mentioned": 0.5666666666666667,
      "hallucination_suspected": 0.0
    }
  }
}