{
  "S0": {
    "n": 30,
    "mean_runtime": 6.811766666666667,
    "mean_R": 3.8,
    "mean_H": 3.9,
    "mean_S": 3.8666666666666667,
    "mean_D": 4.266666666666667,
    "mean_K": 2.7,
    "mean_overall": 3.7066666666666666,
    "flag_rates": {
      "safety_first": 1.0,
      "escalation_present": 1.0,
      "offline_workflow_mentioned": 0.0,
      "hallucination_suspected": 0.16666666666666666
    }
  },
  "S1": {
    "n": 30,
    "mean_runtime": 8.976266666666668,
    "mean_R": 4.9,
    "mean_H": 4.733333333333333,
    "mean_S": 4.7,
    "mean_D": 4.933333333333334,
    "mean_K": 4.6,
    "mean_overall": 4.7733333333333325,
    "flag_rates": {
      "safety_first": 1.0,
      "escalation_present": 1.0,
      "offline_workflow_mentioned": 0.2,
      "hallucination_suspected": 0.03333333333333333
    }
  },
  "S2": {
    "n": 30,
    "mean_runtime": 8.996533333333334,
    "mean_R": 4.966666666666667,
    "mean_H": 4.866666666666666,
    "mean_S": 4.833333333333333,
    "mean_D": 4.966666666666667,
    "mean_K": 5.0,
    "mean_overall": 4.926666666666667,
    "flag_rates": {
      "safety_first": 1.0,
      "escalation_present": 1.0,
      "offline_workflow_mentioned": 0.5333333333333333,
      "hallucination_suspected": 0.0
    }
  }
}