{
  "S0": {
    "n": 30,
    "mean_runtime": 6.8145,
    "mean_R": 3.8666666666666667,
    "mean_H": 4.0,
    "mean_S": 4.033333333333333,
    "mean_D": 4.1,
    "mean_K": 2.8666666666666667,
    "mean_overall": 3.7733333333333334,
    "flag_rates": {
      "safety_first": 1.0,
      "escalation_present": 1.0,
      "offline_workflow_mentioned": 0.0,
      "hallucination_suspected": 0.06666666666666667
    }
  },
  "S1": {
    "n": 30,
    "mean_runtime": 8.964400000000001,
    "mean_R": 4.933333333333334,
    "mean_H": 4.833333333333333,
    "mean_S": 4.833333333333333,
    "mean_D": 4.933333333333334,
    "mean_K": 4.566666666666666,
    "mean_overall": 4.819999999999999,
    "flag_rates": {
      "safety_first": 1.0,
      "escalation_present": 1.0,
      "offline_workflow_mentioned": 0.26666666666666666,
      "hallucination_suspected": 0.0
    }
  },
  "S2": {
    "n": 30,
    "mean_runtime": 9.059333333333333,
    "mean_R": 5.0,
    "mean_H": 4.933333333333334,
    "mean_S": 4.9,
    "mean_D": 4.966666666666667,
    "mean_K": 5.0,
    "mean_overall": 4.96,
    "flag_rates": {
      "safety_first": 1.0,
      "escalation_present": 1.0,
      "offline_workflow_mentioned": 0.5666666666666667,
      "hallucination_suspected": 0.0
    }
  }
}