{
  "L0": {
    "n": 30,
    "mean_runtime": 7.0107,
    "mean_R": 3.7666666666666666,
    "mean_H": 3.966666666666667,
    "mean_S": 3.933333333333333,
    "mean_D": 4.1,
    "mean_K": 2.6666666666666665,
    "mean_overall": 3.6866666666666665,
    "flag_rates": {
      "safety_first": 1.0,
      "escalation_present": 1.0,
      "offline_workflow_mentioned": 0.0,
      "hallucination_suspected": 0.06666666666666667
    }
  },
  "L2": {
    "n": 30,
    "mean_runtime": 9.077466666666668,
    "mean_R": 4.9,
    "mean_H": 4.666666666666667,
    "mean_S": 4.866666666666666,
    "mean_D": 4.966666666666667,
    "mean_K": 4.366666666666666,
    "mean_overall": 4.753333333333333,
    "flag_rates": {
      "safety_first": 1.0,
      "escalation_present": 1.0,
      "offline_workflow_mentioned": 0.1,
      "hallucination_suspected": 0.03333333333333333
    }
  },
  "L2B": {
    "n": 30,
    "mean_runtime": 9.264299999999999,
    "mean_R": 4.933333333333334,
    "mean_H": 4.866666666666666,
    "mean_S": 4.9,
    "mean_D": 4.933333333333334,
    "mean_K": 4.933333333333334,
    "mean_overall": 4.913333333333333,
    "flag_rates": {
      "safety_first": 1.0,
      "escalation_present": 1.0,
      "offline_workflow_mentioned": 0.6,
      "hallucination_suspected": 0.0
    }
  }
}