{
  "L0": {
    "n": 30,
    "mean_runtime": 5.444566666666666,
    "mean_R": 3.533333333333333,
    "mean_H": 3.6666666666666665,
    "mean_S": 3.6,
    "mean_D": 4.0,
    "mean_K": 2.9,
    "mean_overall": 3.54,
    "flag_rates": {
      "safety_first": 1.0,
      "escalation_present": 1.0,
      "offline_workflow_mentioned": 0.0,
      "hallucination_suspected": 0.1
    }
  },
  "L2": {
    "n": 30,
    "mean_runtime": 8.620433333333333,
    "mean_R": 4.8,
    "mean_H": 4.6,
    "mean_S": 4.733333333333333,
    "mean_D": 4.833333333333333,
    "mean_K": 3.8666666666666667,
    "mean_overall": 4.566666666666666,
    "flag_rates": {
      "safety_first": 0.9666666666666667,
      "escalation_present": 1.0,
      "offline_workflow_mentioned": 0.1,
      "hallucination_suspected": 0.16666666666666666
    }
  },
  "L2B": {
    "n": 29,
    "mean_runtime": 9.121103448275862,
    "mean_R": 4.931034482758621,
    "mean_H": 4.862068965517241,
    "mean_S": 4.862068965517241,
    "mean_D": 4.9655172413793105,
    "mean_K": 5.0,
    "mean_overall": 4.924137931034483,
    "flag_rates": {
      "safety_first": 1.0,
      "escalation_present": 1.0,
      "offline_workflow_mentioned": 0.5862068965517241,
      "hallucination_suspected": 0.0
    }
  },
  "unknown": {
    "n": 180,
    "mean_runtime": 9.340105555555557,
    "mean_R": 4.883333333333334,
    "mean_H": 4.872222222222222,
    "mean_S": 4.877777777777778,
    "mean_D": 4.966666666666667,
    "mean_K": 4.966666666666667,
    "mean_overall": 4.913333333333333,
    "flag_rates": {
      "safety_first": 1.0,
      "escalation_present": 1.0,
      "offline_workflow_mentioned": 0.4722222222222222,
      "hallucination_suspected": 0.0
    }
  }
}