{
  "S0": {
    "n": 30,
    "mean_runtime": 5.444566666666666,
    "mean_R": 3.533333333333333,
    "mean_H": 3.6666666666666665,
    "mean_S": 3.6,
    "mean_D": 4.0,
    "mean_K": 2.9,
    "mean_overall": 3.54,
    "flag_rates": {
      "safety_first": 1.0,
      "escalation_present": 1.0,
      "offline_workflow_mentioned": 0.0,
      "hallucination_suspected": 0.1
    }
  },
  "S0_RAW": {
    "n": 30,
    "mean_runtime": 10.484399999999999,
    "mean_R": 4.966666666666667,
    "mean_H": 4.866666666666666,
    "mean_S": 4.933333333333334,
    "mean_D": 5.0,
    "mean_K": 4.966666666666667,
    "mean_overall": 4.946666666666667,
    "flag_rates": {
      "safety_first": 1.0,
      "escalation_present": 1.0,
      "offline_workflow_mentioned": 0.6,
      "hallucination_suspected": 0.0
    }
  },
  "S0_UNSTRUCTURED": {
    "n": 30,
    "mean_runtime": 10.3628,
    "mean_R": 4.9,
    "mean_H": 4.9,
    "mean_S": 4.9,
    "mean_D": 5.0,
    "mean_K": 4.933333333333334,
    "mean_overall": 4.926666666666667,
    "flag_rates": {
      "safety_first": 1.0,
      "escalation_present": 1.0,
      "offline_workflow_mentioned": 0.26666666666666666,
      "hallucination_suspected": 0.0
    }
  },
  "S1": {
    "n": 30,
    "mean_runtime": 8.620433333333333,
    "mean_R": 4.8,
    "mean_H": 4.6,
    "mean_S": 4.733333333333333,
    "mean_D": 4.833333333333333,
    "mean_K": 3.8666666666666667,
    "mean_overall": 4.566666666666666,
    "flag_rates": {
      "safety_first": 0.9666666666666667,
      "escalation_present": 1.0,
      "offline_workflow_mentioned": 0.1,
      "hallucination_suspected": 0.16666666666666666
    }
  },
  "S2": {
    "n": 29,
    "mean_runtime": 9.121103448275862,
    "mean_R": 4.931034482758621,
    "mean_H": 4.862068965517241,
    "mean_S": 4.862068965517241,
    "mean_D": 4.9655172413793105,
    "mean_K": 5.0,
    "mean_overall": 4.924137931034483,
    "flag_rates": {
      "safety_first": 1.0,
      "escalation_present": 1.0,
      "offline_workflow_mentioned": 0.5862068965517241,
      "hallucination_suspected": 0.0
    }
  },
  "S2_ABL_NOASSET": {
    "n": 30,
    "mean_runtime": 9.7382,
    "mean_R": 4.866666666666666,
    "mean_H": 4.9,
    "mean_S": 4.866666666666666,
    "mean_D": 4.933333333333334,
    "mean_K": 4.966666666666667,
    "mean_overall": 4.906666666666666,
    "flag_rates": {
      "safety_first": 1.0,
      "escalation_present": 1.0,
      "offline_workflow_mentioned": 0.6,
      "hallucination_suspected": 0.0
    }
  },
  "S2_ABL_NODEV": {
    "n": 30,
    "mean_runtime": 9.3244,
    "mean_R": 4.966666666666667,
    "mean_H": 4.933333333333334,
    "mean_S": 4.866666666666666,
    "mean_D": 5.0,
    "mean_K": 4.966666666666667,
    "mean_overall": 4.946666666666667,
    "flag_rates": {
      "safety_first": 1.0,
      "escalation_present": 1.0,
      "offline_workflow_mentioned": 0.0,
      "hallucination_suspected": 0.0
    }
  },
  "S2_ABL_NOENV": {
    "n": 30,
    "mean_runtime": 8.850366666666668,
    "mean_R": 4.833333333333333,
    "mean_H": 4.766666666666667,
    "mean_S": 4.7,
    "mean_D": 4.9,
    "mean_K": 4.933333333333334,
    "mean_overall": 4.826666666666667,
    "flag_rates": {
      "safety_first": 1.0,
      "escalation_present": 1.0,
      "offline_workflow_mentioned": 0.6333333333333333,
      "hallucination_suspected": 0.0
    }
  },
  "S2_ABL_NOINC": {
    "n": 30,
    "mean_runtime": 8.779633333333333,
    "mean_R": 4.733333333333333,
    "mean_H": 4.833333333333333,
    "mean_S": 4.933333333333334,
    "mean_D": 4.966666666666667,
    "mean_K": 5.0,
    "mean_overall": 4.8933333333333335,
    "flag_rates": {
      "safety_first": 1.0,
      "escalation_present": 1.0,
      "offline_workflow_mentioned": 0.6333333333333333,
      "hallucination_suspected": 0.0
    }
  }
}