{
  "judge_version_filter": "judge_v1_1",
  "unweighted": true,
  "per_strategy": {
    "S0": {
      "mean_R": {
        "n_runs": 2,
        "mean_of_run_means": 3.8666666666666667,
        "min_run_mean": 3.8666666666666667,
        "max_run_mean": 3.8666666666666667
      },
      "mean_H": {
        "n_runs": 2,
        "mean_of_run_means": 3.95,
        "min_run_mean": 3.933333333333333,
        "max_run_mean": 3.966666666666667
      },
      "mean_S": {
        "n_runs": 2,
        "mean_of_run_means": 4.066666666666666,
        "min_run_mean": 4.033333333333333,
        "max_run_mean": 4.1
      },
      "mean_D": {
        "n_runs": 2,
        "mean_of_run_means": 4.15,
        "min_run_mean": 4.133333333333334,
        "max_run_mean": 4.166666666666667
      },
      "mean_K": {
        "n_runs": 2,
        "mean_of_run_means": 2.7333333333333334,
        "min_run_mean": 2.7,
        "max_run_mean": 2.7666666666666666
      },
      "mean_overall": {
        "n_runs": 2,
        "mean_of_run_means": 3.753333333333333,
        "min_run_mean": 3.753333333333333,
        "max_run_mean": 3.753333333333333
      }
    },
    "S1": {
      "mean_R": {
        "n_runs": 2,
        "mean_of_run_means": 4.933333333333334,
        "min_run_mean": 4.933333333333334,
        "max_run_mean": 4.933333333333334
      },
      "mean_H": {
        "n_runs": 2,
        "mean_of_run_means": 4.816666666666666,
        "min_run_mean": 4.8,
        "max_run_mean": 4.833333333333333
      },
      "mean_S": {
        "n_runs": 2,
        "mean_of_run_means": 4.833333333333333,
        "min_run_mean": 4.8,
        "max_run_mean": 4.866666666666666
      },
      "mean_D": {
        "n_runs": 2,
        "mean_of_run_means": 4.983333333333333,
        "min_run_mean": 4.966666666666667,
        "max_run_mean": 5.0
      },
      "mean_K": {
        "n_runs": 2,
        "mean_of_run_means": 4.55,
        "min_run_mean": 4.5,
        "max_run_mean": 4.6
      },
      "mean_overall": {
        "n_runs": 2,
        "mean_of_run_means": 4.823333333333333,
        "min_run_mean": 4.806666666666667,
        "max_run_mean": 4.84
      }
    },
    "S2": {
      "mean_R": {
        "n_runs": 2,
        "mean_of_run_means": 4.95,
        "min_run_mean": 4.933333333333334,
        "max_run_mean": 4.966666666666667
      },
      "mean_H": {
        "n_runs": 2,
        "mean_of_run_means": 4.95,
        "min_run_mean": 4.9,
        "max_run_mean": 5.0
      },
      "mean_S": {
        "n_runs": 2,
        "mean_of_run_means": 4.95,
        "min_run_mean": 4.933333333333334,
        "max_run_mean": 4.966666666666667
      },
      "mean_D": {
        "n_runs": 2,
        "mean_of_run_means": 4.9,
        "min_run_mean": 4.9,
        "max_run_mean": 4.9
      },
      "mean_K": {
        "n_runs": 2,
        "mean_of_run_means": 4.966666666666667,
        "min_run_mean": 4.966666666666667,
        "max_run_mean": 4.966666666666667
      },
      "mean_overall": {
        "n_runs": 2,
        "mean_of_run_means": 4.943333333333333,
        "min_run_mean": 4.933333333333334,
        "max_run_mean": 4.953333333333333
      }
    }
  }
}