{
  "1": {
    "S0": {
      "n": 30,
      "mean_runtime": 6.022,
      "mean_R": 3.8666666666666667,
      "mean_H": 3.966666666666667,
      "mean_S": 4.033333333333333,
      "mean_D": 4.133333333333334,
      "mean_K": 2.7666666666666666,
      "mean_overall": 3.753333333333333,
      "flag_rates": {
        "safety_first": 1.0,
        "escalation_present": 1.0,
        "offline_workflow_mentioned": 0.0,
        "hallucination_suspected": 0.1
      }
    },
    "S1": {
      "n": 30,
      "mean_runtime": 7.8635,
      "mean_R": 4.933333333333334,
      "mean_H": 4.8,
      "mean_S": 4.8,
      "mean_D": 5.0,
      "mean_K": 4.5,
      "mean_overall": 4.806666666666667,
      "flag_rates": {
        "safety_first": 1.0,
        "escalation_present": 1.0,
        "offline_workflow_mentioned": 0.16666666666666666,
        "hallucination_suspected": 0.0
      }
    },
    "S2": {
      "n": 30,
      "mean_runtime": 8.392566666666665,
      "mean_R": 4.966666666666667,
      "mean_H": 4.9,
      "mean_S": 4.933333333333334,
      "mean_D": 4.9,
      "mean_K": 4.966666666666667,
      "mean_overall": 4.933333333333334,
      "flag_rates": {
        "safety_first": 1.0,
        "escalation_present": 1.0,
        "offline_workflow_mentioned": 0.5666666666666667,
        "hallucination_suspected": 0.0
      }
    }
  },
  "2": {
    "S0": {
      "n": 30,
      "mean_runtime": 6.0534,
      "mean_R": 3.8666666666666667,
      "mean_H": 3.933333333333333,
      "mean_S": 4.1,
      "mean_D": 4.166666666666667,
      "mean_K": 2.7,
      "mean_overall": 3.753333333333333,
      "flag_rates": {
        "safety_first": 1.0,
        "escalation_present": 1.0,
        "offline_workflow_mentioned": 0.0,
        "hallucination_suspected": 0.06666666666666667
      }
    },
    "S1": {
      "n": 30,
      "mean_runtime": 9.078766666666667,
      "mean_R": 4.933333333333334,
      "mean_H": 4.833333333333333,
      "mean_S": 4.866666666666666,
      "mean_D": 4.966666666666667,
      "mean_K": 4.6,
      "mean_overall": 4.84,
      "flag_rates": {
        "safety_first": 1.0,
        "escalation_present": 1.0,
        "offline_workflow_mentioned": 0.2,
        "hallucination_suspected": 0.0
      }
    },
    "S2": {
      "n": 30,
      "mean_runtime": 8.367233333333333,
      "mean_R": 4.933333333333334,
      "mean_H": 5.0,
      "mean_S": 4.966666666666667,
      "mean_D": 4.9,
      "mean_K": 4.966666666666667,
      "mean_overall": 4.953333333333333,
      "flag_rates": {
        "safety_first": 1.0,
        "escalation_present": 1.0,
        "offline_workflow_mentioned": 0.5666666666666667,
        "hallucination_suspected": 0.0
      }
    }
  },
  "3": {
    "S0": {
      "n": 30,
      "mean_runtime": 6.344966666666666,
      "mean_R": 3.8333333333333335,
      "mean_H": 3.9,
      "mean_S": 3.966666666666667,
      "mean_D": 4.3,
      "mean_K": 2.7666666666666666,
      "mean_overall": 3.753333333333333,
      "flag_rates": {
        "safety_first": 1.0,
        "escalation_present": 1.0,
        "offline_workflow_mentioned": 0.0,
        "hallucination_suspected": 0.1
      }
    },
    "S1": {
      "n": 30,
      "mean_runtime": 7.935033333333333,
      "mean_R": 4.966666666666667,
      "mean_H": 4.8,
      "mean_S": 4.833333333333333,
      "mean_D": 5.0,
      "mean_K": 4.6,
      "mean_overall": 4.84,
      "flag_rates": {
        "safety_first": 1.0,
        "escalation_present": 1.0,
        "offline_workflow_mentioned": 0.23333333333333334,
        "hallucination_suspected": 0.0
      }
    },
    "S2": {
      "n": 30,
      "mean_runtime": 8.5548,
      "mean_R": 4.933333333333334,
      "mean_H": 4.866666666666666,
      "mean_S": 4.866666666666666,
      "mean_D": 4.933333333333334,
      "mean_K": 4.933333333333334,
      "mean_overall": 4.906666666666666,
      "flag_rates": {
        "safety_first": 1.0,
        "escalation_present": 1.0,
        "offline_workflow_mentioned": 0.6333333333333333,
        "hallucination_suspected": 0.0
      }
    }
  },
  "4": {
    "S0": {
      "n": 30,
      "mean_runtime": 6.4619333333333335,
      "mean_R": 3.8666666666666667,
      "mean_H": 3.9,
      "mean_S": 4.0,
      "mean_D": 4.2,
      "mean_K": 2.7666666666666666,
      "mean_overall": 3.746666666666667,
      "flag_rates": {
        "safety_first": 1.0,
        "escalation_present": 1.0,
        "offline_workflow_mentioned": 0.0,
        "hallucination_suspected": 0.1
      }
    },
    "S1": {
      "n": 30,
      "mean_runtime": 8.420166666666667,
      "mean_R": 4.866666666666666,
      "mean_H": 4.8,
      "mean_S": 4.866666666666666,
      "mean_D": 4.933333333333334,
      "mean_K": 4.533333333333333,
      "mean_overall": 4.8,
      "flag_rates": {
        "safety_first": 1.0,
        "escalation_present": 1.0,
        "offline_workflow_mentioned": 0.16666666666666666,
        "hallucination_suspected": 0.0
      }
    },
    "S2": {
      "n": 30,
      "mean_runtime": 9.351666666666667,
      "mean_R": 4.933333333333334,
      "mean_H": 4.933333333333334,
      "mean_S": 4.9,
      "mean_D": 5.0,
      "mean_K": 4.966666666666667,
      "mean_overall": 4.946666666666667,
      "flag_rates": {
        "safety_first": 1.0,
        "escalation_present": 1.0,
        "offline_workflow_mentioned": 0.6333333333333333,
        "hallucination_suspected": 0.0
      }
    }
  },
  "5": {
    "S0": {
      "n": 30,
      "mean_runtime": 6.092633333333334,
      "mean_R": 3.8666666666666667,
      "mean_H": 3.966666666666667,
      "mean_S": 4.233333333333333,
      "mean_D": 4.266666666666667,
      "mean_K": 2.566666666666667,
      "mean_overall": 3.7800000000000002,
      "flag_rates": {
        "safety_first": 1.0,
        "escalation_present": 1.0,
        "offline_workflow_mentioned": 0.0,
        "hallucination_suspected": 0.13333333333333333
      }
    },
    "S1": {
      "n": 30,
      "mean_runtime": 8.565666666666667,
      "mean_R": 4.9,
      "mean_H": 4.7,
      "mean_S": 4.866666666666666,
      "mean_D": 4.9,
      "mean_K": 4.5,
      "mean_overall": 4.7733333333333325,
      "flag_rates": {
        "safety_first": 1.0,
        "escalation_present": 1.0,
        "offline_workflow_mentioned": 0.13333333333333333,
        "hallucination_suspected": 0.03333333333333333
      }
    },
    "S2": {
      "n": 30,
      "mean_runtime": 8.390466666666667,
      "mean_R": 4.9,
      "mean_H": 4.866666666666666,
      "mean_S": 4.9,
      "mean_D": 4.866666666666666,
      "mean_K": 4.966666666666667,
      "mean_overall": 4.9,
      "flag_rates": {
        "safety_first": 1.0,
        "escalation_present": 1.0,
        "offline_workflow_mentioned": 0.6,
        "hallucination_suspected": 0.0
      }
    }
  },
  "6": {
    "S0": {
      "n": 30,
      "mean_runtime": 6.309933333333333,
      "mean_R": 3.9,
      "mean_H": 3.966666666666667,
      "mean_S": 3.966666666666667,
      "mean_D": 4.166666666666667,
      "mean_K": 2.9,
      "mean_overall": 3.7800000000000002,
      "flag_rates": {
        "safety_first": 1.0,
        "escalation_present": 1.0,
        "offline_workflow_mentioned": 0.0,
        "hallucination_suspected": 0.1
      }
    },
    "S1": {
      "n": 30,
      "mean_runtime": 8.665566666666667,
      "mean_R": 4.933333333333334,
      "mean_H": 4.833333333333333,
      "mean_S": 4.866666666666666,
      "mean_D": 4.966666666666667,
      "mean_K": 4.533333333333333,
      "mean_overall": 4.826666666666667,
      "flag_rates": {
        "safety_first": 1.0,
        "escalation_present": 1.0,
        "offline_workflow_mentioned": 0.2,
        "hallucination_suspected": 0.0
      }
    },
    "S2": {
      "n": 30,
      "mean_runtime": 8.3345,
      "mean_R": 4.966666666666667,
      "mean_H": 4.9,
      "mean_S": 4.933333333333334,
      "mean_D": 4.866666666666666,
      "mean_K": 5.0,
      "mean_overall": 4.933333333333334,
      "flag_rates": {
        "safety_first": 1.0,