{
  "judge_version_filter": "judge_v1_1",
  "unweighted": true,
  "per_strategy": {
    "S0": {
      "mean_R": {
        "n_runs": 7,
        "mean_of_run_means": 3.857142857142857,
        "min_run_mean": 3.8,
        "max_run_mean": 3.9
      },
      "mean_H": {
        "n_runs": 7,
        "mean_of_run_means": 3.933333333333333,
        "min_run_mean": 3.9,
        "max_run_mean": 3.966666666666667
      },
      "mean_S": {
        "n_runs": 7,
        "mean_of_run_means": 4.042857142857143,
        "min_run_mean": 3.966666666666667,
        "max_run_mean": 4.233333333333333
      },
      "mean_D": {
        "n_runs": 7,
        "mean_of_run_means": 4.204761904761905,
        "min_run_mean": 4.133333333333334,
        "max_run_mean": 4.3
      },
      "mean_K": {
        "n_runs": 7,
        "mean_of_run_means": 2.7523809523809524,
        "min_run_mean": 2.566666666666667,
        "max_run_mean": 2.9
      },
      "mean_overall": {
        "n_runs": 7,
        "mean_of_run_means": 3.7580952380952377,
        "min_run_mean": 3.74,
        "max_run_mean": 3.7800000000000002
      }
    },
    "S1": {
      "mean_R": {
        "n_runs": 7,
        "mean_of_run_means": 4.90952380952381,
        "min_run_mean": 4.833333333333333,
        "max_run_mean": 4.966666666666667
      },
      "mean_H": {
        "n_runs": 7,
        "mean_of_run_means": 4.79047619047619,
        "min_run_mean": 4.7,
        "max_run_mean": 4.833333333333333
      },
      "mean_S": {
        "n_runs": 7,
        "mean_of_run_means": 4.852380952380952,
        "min_run_mean": 4.8,
        "max_run_mean": 4.866666666666666
      },
      "mean_D": {
        "n_runs": 7,
        "mean_of_run_means": 4.961904761904762,
        "min_run_mean": 4.9,
        "max_run_mean": 5.0
      },
      "mean_K": {
        "n_runs": 7,
        "mean_of_run_means": 4.519047619047619,
        "min_run_mean": 4.366666666666666,
        "max_run_mean": 4.6
      },
      "mean_overall": {
        "n_runs": 7,
        "mean_of_run_means": 4.806666666666667,
        "min_run_mean": 4.760000000000001,
        "max_run_mean": 4.84
      }
    },
    "S2": {
      "mean_R": {
        "n_runs": 7,
        "mean_of_run_means": 4.928571428571429,
        "min_run_mean": 4.866666666666666,
        "max_run_mean": 4.966666666666667
      },
      "mean_H": {
        "n_runs": 7,
        "mean_of_run_means": 4.890476190476191,
        "min_run_mean": 4.766666666666667,
        "max_run_mean": 5.0
      },
      "mean_S": {
        "n_runs": 7,
        "mean_of_run_means": 4.90952380952381,
        "min_run_mean": 4.866666666666666,
        "max_run_mean": 4.966666666666667
      },
      "mean_D": {
        "n_runs": 7,
        "mean_of_run_means": 4.914285714285714,
        "min_run_mean": 4.866666666666666,
        "max_run_mean": 5.0
      },
      "mean_K": {
        "n_runs": 7,
        "mean_of_run_means": 4.971428571428571,
        "min_run_mean": 4.933333333333334,
        "max_run_mean": 5.0
      },
      "mean_overall": {
        "n_runs": 7,
        "mean_of_run_means": 4.922857142857143,
        "min_run_mean": 4.886666666666667,
        "max_run_mean": 4.953333333333333
      }
    }
  }
}