{
  "judge_version_filter": "judge_v1_1",
  "unweighted": true,
  "per_strategy": {
    "S0": {
      "mean_R": {
        "n_runs": 1,
        "mean_of_run_means": 3.8666666666666667,
        "min_run_mean": 3.8666666666666667,
        "max_run_mean": 3.8666666666666667
      },
      "mean_H": {
        "n_runs": 1,
        "mean_of_run_means": 3.966666666666667,
        "min_run_mean": 3.966666666666667,
        "max_run_mean": 3.966666666666667
      },
      "mean_S": {
        "n_runs": 1,
        "mean_of_run_means": 4.033333333333333,
        "min_run_mean": 4.033333333333333,
        "max_run_mean": 4.033333333333333
      },
      "mean_D": {
        "n_runs": 1,
        "mean_of_run_means": 4.133333333333334,
        "min_run_mean": 4.133333333333334,
        "max_run_mean": 4.133333333333334
      },
      "mean_K": {
        "n_runs": 1,
        "mean_of_run_means": 2.7666666666666666,
        "min_run_mean": 2.7666666666666666,
        "max_run_mean": 2.7666666666666666
      },
      "mean_overall": {
        "n_runs": 1,
        "mean_of_run_means": 3.753333333333333,
        "min_run_mean": 3.753333333333333,
        "max_run_mean": 3.753333333333333
      }
    },
    "S1": {
      "mean_R": {
        "n_runs": 1,
        "mean_of_run_means": 4.933333333333334,
        "min_run_mean": 4.933333333333334,
        "max_run_mean": 4.933333333333334
      },
      "mean_H": {
        "n_runs": 1,
        "mean_of_run_means": 4.8,
        "min_run_mean": 4.8,
        "max_run_mean": 4.8
      },
      "mean_S": {
        "n_runs": 1,
        "mean_of_run_means": 4.8,
        "min_run_mean": 4.8,
        "max_run_mean": 4.8
      },
      "mean_D": {
        "n_runs": 1,
        "mean_of_run_means": 5.0,
        "min_run_mean": 5.0,
        "max_run_mean": 5.0
      },
      "mean_K": {
        "n_runs": 1,
        "mean_of_run_means": 4.5,
        "min_run_mean": 4.5,
        "max_run_mean": 4.5
      },
      "mean_overall": {
        "n_runs": 1,
        "mean_of_run_means": 4.806666666666667,
        "min_run_mean": 4.806666666666667,
        "max_run_mean": 4.806666666666667
      }
    },
    "S2": {
      "mean_R": {
        "n_runs": 1,
        "mean_of_run_means": 4.966666666666667,
        "min_run_mean": 4.966666666666667,
        "max_run_mean": 4.966666666666667
      },
      "mean_H": {
        "n_runs": 1,
        "mean_of_run_means": 4.9,
        "min_run_mean": 4.9,
        "max_run_mean": 4.9
      },
      "mean_S": {
        "n_runs": 1,
        "mean_of_run_means": 4.933333333333334,
        "min_run_mean": 4.933333333333334,
        "max_run_mean": 4.933333333333334
      },
      "mean_D": {
        "n_runs": 1,
        "mean_of_run_means": 4.9,
        "min_run_mean": 4.9,
        "max_run_mean": 4.9
      },
      "mean_K": {
        "n_runs": 1,
        "mean_of_run_means": 4.966666666666667,
        "min_run_mean": 4.966666666666667,
        "max_run_mean": 4.966666666666667
      },
      "mean_overall": {
        "n_runs": 1,
        "mean_of_run_means": 4.933333333333334,
        "min_run_mean": 4.933333333333334,
        "max_run_mean": 4.933333333333334
      }
    }
  }
}