{
  "judge_version_filter": "judge_v1_1",
  "unweighted": true,
  "per_strategy": {
    "S0": {
      "mean_R": {
        "n_runs": 10,
        "mean_of_run_means": 3.836666666666667,
        "min_run_mean": 3.7333333333333334,
        "max_run_mean": 3.9
      },
      "mean_H": {
        "n_runs": 10,
        "mean_of_run_means": 3.9333333333333336,
        "min_run_mean": 3.8666666666666667,
        "max_run_mean": 4.0
      },
      "mean_S": {
        "n_runs": 10,
        "mean_of_run_means": 4.046666666666667,
        "min_run_mean": 3.933333333333333,
        "max_run_mean": 4.233333333333333
      },
      "mean_D": {
        "n_runs": 10,
        "mean_of_run_means": 4.193333333333333,
        "min_run_mean": 4.1,
        "max_run_mean": 4.3
      },
      "mean_K": {
        "n_runs": 10,
        "mean_of_run_means": 2.7466666666666666,
        "min_run_mean": 2.566666666666667,
        "max_run_mean": 2.9
      },
      "mean_overall": {
        "n_runs": 10,
        "mean_of_run_means": 3.7513333333333336,
        "min_run_mean": 3.7199999999999998,
        "max_run_mean": 3.7800000000000002
      }
    },
    "S1": {
      "mean_R": {
        "n_runs": 10,
        "mean_of_run_means": 4.903333333333333,
        "min_run_mean": 4.833333333333333,
        "max_run_mean": 4.966666666666667
      },
      "mean_H": {
        "n_runs": 10,
        "mean_of_run_means": 4.779999999999999,
        "min_run_mean": 4.7,
        "max_run_mean": 4.833333333333333
      },
      "mean_S": {
        "n_runs": 10,
        "mean_of_run_means": 4.833333333333333,
        "min_run_mean": 4.733333333333333,
        "max_run_mean": 4.866666666666666
      },
      "mean_D": {
        "n_runs": 10,
        "mean_of_run_means": 4.953333333333333,
        "min_run_mean": 4.9,
        "max_run_mean": 5.0
      },
      "mean_K": {
        "n_runs": 10,
        "mean_of_run_means": 4.513333333333334,
        "min_run_mean": 4.366666666666666,
        "max_run_mean": 4.6
      },
      "mean_overall": {
        "n_runs": 10,
        "mean_of_run_means": 4.796666666666667,
        "min_run_mean": 4.733333333333333,
        "max_run_mean": 4.84
      }
    },
    "S2": {
      "mean_R": {
        "n_runs": 10,
        "mean_of_run_means": 4.926666666666667,
        "min_run_mean": 4.866666666666666,
        "max_run_mean": 4.966666666666667
      },
      "mean_H": {
        "n_runs": 10,
        "mean_of_run_means": 4.883333333333334,
        "min_run_mean": 4.766666666666667,
        "max_run_mean": 5.0
      },
      "mean_S": {
        "n_runs": 10,
        "mean_of_run_means": 4.88,
        "min_run_mean": 4.733333333333333,
        "max_run_mean": 4.966666666666667
      },
      "mean_D": {
        "n_runs": 10,
        "mean_of_run_means": 4.913333333333333,
        "min_run_mean": 4.833333333333333,
        "max_run_mean": 5.0
      },
      "mean_K": {
        "n_runs": 10,
        "mean_of_run_means": 4.966666666666667,
        "min_run_mean": 4.933333333333334,
        "max_run_mean": 5.0
      },
      "mean_overall": {
        "n_runs": 10,
        "mean_of_run_means": 4.914,
        "min_run_mean": 4.833333333333333,
        "max_run_mean": 4.953333333333333
      }
    }
  }
}