{
  "judge_version_filter": "judge_v1_1",
  "unweighted": true,
  "per_strategy": {
    "S0": {
      "mean_R": {
        "n_runs": 6,
        "mean_of_run_means": 3.8666666666666667,
        "min_run_mean": 3.8333333333333335,
        "max_run_mean": 3.9
      },
      "mean_H": {
        "n_runs": 6,
        "mean_of_run_means": 3.9388888888888887,
        "min_run_mean": 3.9,
        "max_run_mean": 3.966666666666667
      },
      "mean_S": {
        "n_runs": 6,
        "mean_of_run_means": 4.05,
        "min_run_mean": 3.966666666666667,
        "max_run_mean": 4.233333333333333
      },
      "mean_D": {
        "n_runs": 6,
        "mean_of_run_means": 4.205555555555556,
        "min_run_mean": 4.133333333333334,
        "max_run_mean": 4.3
      },
      "mean_K": {
        "n_runs": 6,
        "mean_of_run_means": 2.744444444444445,
        "min_run_mean": 2.566666666666667,
        "max_run_mean": 2.9
      },
      "mean_overall": {
        "n_runs": 6,
        "mean_of_run_means": 3.761111111111111,
        "min_run_mean": 3.746666666666667,
        "max_run_mean": 3.7800000000000002
      }
    },
    "S1": {
      "mean_R": {
        "n_runs": 6,
        "mean_of_run_means": 4.9222222222222225,
        "min_run_mean": 4.866666666666666,
        "max_run_mean": 4.966666666666667
      },
      "mean_H": {
        "n_runs": 6,
        "mean_of_run_means": 4.794444444444444,
        "min_run_mean": 4.7,
        "max_run_mean": 4.833333333333333
      },
      "mean_S": {
        "n_runs": 6,
        "mean_of_run_means": 4.85,
        "min_run_mean": 4.8,
        "max_run_mean": 4.866666666666666
      },
      "mean_D": {
        "n_runs": 6,
        "mean_of_run_means": 4.961111111111111,
        "min_run_mean": 4.9,
        "max_run_mean": 5.0
      },
      "mean_K": {
        "n_runs": 6,
        "mean_of_run_means": 4.544444444444444,
        "min_run_mean": 4.5,
        "max_run_mean": 4.6
      },
      "mean_overall": {
        "n_runs": 6,
        "mean_of_run_means": 4.814444444444445,
        "min_run_mean": 4.7733333333333325,
        "max_run_mean": 4.84
      }
    },
    "S2": {
      "mean_R": {
        "n_runs": 6,
        "mean_of_run_means": 4.938888888888889,
        "min_run_mean": 4.9,
        "max_run_mean": 4.966666666666667
      },
      "mean_H": {
        "n_runs": 6,
        "mean_of_run_means": 4.911111111111111,
        "min_run_mean": 4.866666666666666,
        "max_run_mean": 5.0
      },
      "mean_S": {
        "n_runs": 6,
        "mean_of_run_means": 4.916666666666667,
        "min_run_mean": 4.866666666666666,
        "max_run_mean": 4.966666666666667
      },
      "mean_D": {
        "n_runs": 6,
        "mean_of_run_means": 4.911111111111111,
        "min_run_mean": 4.866666666666666,
        "max_run_mean": 5.0
      },
      "mean_K": {
        "n_runs": 6,
        "mean_of_run_means": 4.966666666666667,
        "min_run_mean": 4.933333333333334,
        "max_run_mean": 5.0
      },
      "mean_overall": {
        "n_runs": 6,
        "mean_of_run_means": 4.928888888888889,
        "min_run_mean": 4.9,
        "max_run_mean": 4.953333333333333
      }
    }
  }
}