{
  "judge_version_filter": "judge_v1_1",
  "unweighted": true,
  "per_strategy": {
    "S0": {
      "mean_R": {
        "n_runs": 9,
        "mean_of_run_means": 3.8444444444444446,
        "min_run_mean": 3.7333333333333334,
        "max_run_mean": 3.9
      },
      "mean_H": {
        "n_runs": 9,
        "mean_of_run_means": 3.940740740740741,
        "min_run_mean": 3.9,
        "max_run_mean": 4.0
      },
      "mean_S": {
        "n_runs": 9,
        "mean_of_run_means": 4.033333333333333,
        "min_run_mean": 3.933333333333333,
        "max_run_mean": 4.233333333333333
      },
      "mean_D": {
        "n_runs": 9,
        "mean_of_run_means": 4.203703703703704,
        "min_run_mean": 4.133333333333334,
        "max_run_mean": 4.3
      },
      "mean_K": {
        "n_runs": 9,
        "mean_of_run_means": 2.740740740740741,
        "min_run_mean": 2.566666666666667,
        "max_run_mean": 2.9
      },
      "mean_overall": {
        "n_runs": 9,
        "mean_of_run_means": 3.7525925925925927,
        "min_run_mean": 3.7199999999999998,
        "max_run_mean": 3.7800000000000002
      }
    },
    "S1": {
      "mean_R": {
        "n_runs": 9,
        "mean_of_run_means": 4.911111111111111,
        "min_run_mean": 4.833333333333333,
        "max_run_mean": 4.966666666666667
      },
      "mean_H": {
        "n_runs": 9,
        "mean_of_run_means": 4.785185185185185,
        "min_run_mean": 4.7,
        "max_run_mean": 4.833333333333333
      },
      "mean_S": {
        "n_runs": 9,
        "mean_of_run_means": 4.84074074074074,
        "min_run_mean": 4.733333333333333,
        "max_run_mean": 4.866666666666666
      },
      "mean_D": {
        "n_runs": 9,
        "mean_of_run_means": 4.959259259259259,
        "min_run_mean": 4.9,
        "max_run_mean": 5.0
      },
      "mean_K": {
        "n_runs": 9,
        "mean_of_run_means": 4.522222222222222,
        "min_run_mean": 4.366666666666666,
        "max_run_mean": 4.6
      },
      "mean_overall": {
        "n_runs": 9,
        "mean_of_run_means": 4.803703703703704,
        "min_run_mean": 4.753333333333333,
        "max_run_mean": 4.84
      }
    },
    "S2": {
      "mean_R": {
        "n_runs": 9,
        "mean_of_run_means": 4.9259259259259265,
        "min_run_mean": 4.866666666666666,
        "max_run_mean": 4.966666666666667
      },
      "mean_H": {
        "n_runs": 9,
        "mean_of_run_means": 4.881481481481482,
        "min_run_mean": 4.766666666666667,
        "max_run_mean": 5.0
      },
      "mean_S": {
        "n_runs": 9,
        "mean_of_run_means": 4.888888888888889,
        "min_run_mean": 4.733333333333333,
        "max_run_mean": 4.966666666666667
      },
      "mean_D": {
        "n_runs": 9,
        "mean_of_run_means": 4.911111111111111,
        "min_run_mean": 4.833333333333333,
        "max_run_mean": 5.0
      },
      "mean_K": {
        "n_runs": 9,
        "mean_of_run_means": 4.966666666666667,
        "min_run_mean": 4.933333333333334,
        "max_run_mean": 5.0
      },
      "mean_overall": {
        "n_runs": 9,
        "mean_of_run_means": 4.9148148148148145,
        "min_run_mean": 4.833333333333333,
        "max_run_mean": 4.953333333333333
      }
    }
  }
}