{
  "judge_version_filter": "judge_v1_1",
  "unweighted": true,
  "per_strategy": {
    "S0": {
      "mean_R": {
        "n_runs": 3,
        "mean_of_run_means": 3.8555555555555556,
        "min_run_mean": 3.8333333333333335,
        "max_run_mean": 3.8666666666666667
      },
      "mean_H": {
        "n_runs": 3,
        "mean_of_run_means": 3.9333333333333336,
        "min_run_mean": 3.9,
        "max_run_mean": 3.966666666666667
      },
      "mean_S": {
        "n_runs": 3,
        "mean_of_run_means": 4.033333333333333,
        "min_run_mean": 3.966666666666667,
        "max_run_mean": 4.1
      },
      "mean_D": {
        "n_runs": 3,
        "mean_of_run_means": 4.2,
        "min_run_mean": 4.133333333333334,
        "max_run_mean": 4.3
      },
      "mean_K": {
        "n_runs": 3,
        "mean_of_run_means": 2.744444444444445,
        "min_run_mean": 2.7,
        "max_run_mean": 2.7666666666666666
      },
      "mean_overall": {
        "n_runs": 3,
        "mean_of_run_means": 3.7533333333333325,
        "min_run_mean": 3.753333333333333,
        "max_run_mean": 3.753333333333333
      }
    },
    "S1": {
      "mean_R": {
        "n_runs": 3,
        "mean_of_run_means": 4.944444444444445,
        "min_run_mean": 4.933333333333334,
        "max_run_mean": 4.966666666666667
      },
      "mean_H": {
        "n_runs": 3,
        "mean_of_run_means": 4.811111111111111,
        "min_run_mean": 4.8,
        "max_run_mean": 4.833333333333333
      },
      "mean_S": {
        "n_runs": 3,
        "mean_of_run_means": 4.833333333333333,
        "min_run_mean": 4.8,
        "max_run_mean": 4.866666666666666
      },
      "mean_D": {
        "n_runs": 3,
        "mean_of_run_means": 4.988888888888889,
        "min_run_mean": 4.966666666666667,
        "max_run_mean": 5.0
      },
      "mean_K": {
        "n_runs": 3,
        "mean_of_run_means": 4.566666666666666,
        "min_run_mean": 4.5,
        "max_run_mean": 4.6
      },
      "mean_overall": {
        "n_runs": 3,
        "mean_of_run_means": 4.828888888888889,
        "min_run_mean": 4.806666666666667,
        "max_run_mean": 4.84
      }
    },
    "S2": {
      "mean_R": {
        "n_runs": 3,
        "mean_of_run_means": 4.944444444444445,
        "min_run_mean": 4.933333333333334,
        "max_run_mean": 4.966666666666667
      },
      "mean_H": {
        "n_runs": 3,
        "mean_of_run_means": 4.922222222222222,
        "min_run_mean": 4.866666666666666,
        "max_run_mean": 5.0
      },
      "mean_S": {
        "n_runs": 3,
        "mean_of_run_means": 4.922222222222222,
        "min_run_mean": 4.866666666666666,
        "max_run_mean": 4.966666666666667
      },
      "mean_D": {
        "n_runs": 3,
        "mean_of_run_means": 4.911111111111111,
        "min_run_mean": 4.9,
        "max_run_mean": 4.933333333333334
      },
      "mean_K": {
        "n_runs": 3,
        "mean_of_run_means": 4.955555555555556,
        "min_run_mean": 4.933333333333334,
        "max_run_mean": 4.966666666666667
      },
      "mean_overall": {
        "n_runs": 3,
        "mean_of_run_means": 4.931111111111111,
        "min_run_mean": 4.906666666666666,
        "max_run_mean": 4.953333333333333
      }
    }
  }
}