{
  "judge_version_filter": "judge_v1_1",
  "unweighted": true,
  "per_strategy": {
    "S0": {
      "mean_R": {
        "n_runs": 5,
        "mean_of_run_means": 3.8600000000000003,
        "min_run_mean": 3.8333333333333335,
        "max_run_mean": 3.8666666666666667
      },
      "mean_H": {
        "n_runs": 5,
        "mean_of_run_means": 3.9333333333333336,
        "min_run_mean": 3.9,
        "max_run_mean": 3.966666666666667
      },
      "mean_S": {
        "n_runs": 5,
        "mean_of_run_means": 4.066666666666666,
        "min_run_mean": 3.966666666666667,
        "max_run_mean": 4.233333333333333
      },
      "mean_D": {
        "n_runs": 5,
        "mean_of_run_means": 4.213333333333333,
        "min_run_mean": 4.133333333333334,
        "max_run_mean": 4.3
      },
      "mean_K": {
        "n_runs": 5,
        "mean_of_run_means": 2.7133333333333334,
        "min_run_mean": 2.566666666666667,
        "max_run_mean": 2.7666666666666666
      },
      "mean_overall": {
        "n_runs": 5,
        "mean_of_run_means": 3.757333333333333,
        "min_run_mean": 3.746666666666667,
        "max_run_mean": 3.7800000000000002
      }
    },
    "S1": {
      "mean_R": {
        "n_runs": 5,
        "mean_of_run_means": 4.92,
        "min_run_mean": 4.866666666666666,
        "max_run_mean": 4.966666666666667
      },
      "mean_H": {
        "n_runs": 5,
        "mean_of_run_means": 4.786666666666667,
        "min_run_mean": 4.7,
        "max_run_mean": 4.833333333333333
      },
      "mean_S": {
        "n_runs": 5,
        "mean_of_run_means": 4.846666666666666,
        "min_run_mean": 4.8,
        "max_run_mean": 4.866666666666666
      },
      "mean_D": {
        "n_runs": 5,
        "mean_of_run_means": 4.96,
        "min_run_mean": 4.9,
        "max_run_mean": 5.0
      },
      "mean_K": {
        "n_runs": 5,
        "mean_of_run_means": 4.546666666666667,
        "min_run_mean": 4.5,
        "max_run_mean": 4.6
      },
      "mean_overall": {
        "n_runs": 5,
        "mean_of_run_means": 4.811999999999999,
        "min_run_mean": 4.7733333333333325,
        "max_run_mean": 4.84
      }
    },
    "S2": {
      "mean_R": {
        "n_runs": 5,
        "mean_of_run_means": 4.933333333333334,
        "min_run_mean": 4.9,
        "max_run_mean": 4.966666666666667
      },
      "mean_H": {
        "n_runs": 5,
        "mean_of_run_means": 4.913333333333333,
        "min_run_mean": 4.866666666666666,
        "max_run_mean": 5.0
      },
      "mean_S": {
        "n_runs": 5,
        "mean_of_run_means": 4.913333333333333,
        "min_run_mean": 4.866666666666666,
        "max_run_mean": 4.966666666666667
      },
      "mean_D": {
        "n_runs": 5,
        "mean_of_run_means": 4.92,
        "min_run_mean": 4.866666666666666,
        "max_run_mean": 5.0
      },
      "mean_K": {
        "n_runs": 5,
        "mean_of_run_means": 4.96,
        "min_run_mean": 4.933333333333334,
        "max_run_mean": 4.966666666666667
      },
      "mean_overall": {
        "n_runs": 5,
        "mean_of_run_means": 4.928,
        "min_run_mean": 4.9,
        "max_run_mean": 4.953333333333333
      }
    }
  }
}