{
  "S0": {
    "n": 30,
    "mean_runtime": 6.326766666666667,
    "mean_R": 3.8666666666666667,
    "mean_H": 3.933333333333333,
    "mean_S": 4.066666666666666,
    "mean_D": 4.133333333333334,
    "mean_K": 2.7333333333333334,
    "mean_overall": 3.746666666666667,
    "flag_rates": {
      "safety_first": 1.0,
      "escalation_present": 1.0,
      "offline_workflow_mentioned": 0.0,
      "hallucination_suspected": 0.06666666666666667
    }
  },
  "S1": {
    "n": 30,
    "mean_runtime": 9.402633333333334,
    "mean_R": 4.966666666666667,
    "mean_H": 4.833333333333333,
    "mean_S": 4.866666666666666,
    "mean_D": 5.0,
    "mean_K": 4.5,
    "mean_overall": 4.833333333333333,
    "flag_rates": {
      "safety_first": 1.0,
      "escalation_present": 1.0,
      "offline_workflow_mentioned": 0.1,
      "hallucination_suspected": 0.0
    }
  },
  "S2": {
    "n": 30,
    "mean_runtime": 8.531,
    "mean_R": 4.966666666666667,
    "mean_H": 4.9,
    "mean_S": 4.9,
    "mean_D": 4.966666666666667,
    "mean_K": 4.966666666666667,
    "mean_overall": 4.9399999999999995,
    "flag_rates": {
      "safety_first": 1.0,
      "escalation_present": 1.0,
      "offline_workflow_mentioned": 0.6333333333333333,
      "hallucination_suspected": 0.0
    }
  }
}