{
  "L0": {
    "n": 30,
    "mean_runtime": 6.169366666666666,
    "mean_R": 3.7666666666666666,
    "mean_H": 3.8666666666666667,
    "mean_S": 4.166666666666667,
    "mean_D": 4.1,
    "mean_K": 2.8,
    "mean_overall": 3.74,
    "flag_rates": {
      "safety_first": 1.0,
      "escalation_present": 1.0,
      "offline_workflow_mentioned": 0.0,
      "hallucination_suspected": 0.03333333333333333
    }
  },
  "L2": {
    "n": 30,
    "mean_runtime": 8.329633333333334,
    "mean_R": 4.833333333333333,
    "mean_H": 4.733333333333333,
    "mean_S": 4.766666666666667,
    "mean_D": 4.9,
    "mean_K": 4.433333333333334,
    "mean_overall": 4.733333333333333,
    "flag_rates": {
      "safety_first": 1.0,
      "escalation_present": 1.0,
      "offline_workflow_mentioned": 0.16666666666666666,
      "hallucination_suspected": 0.03333333333333333
    }
  },
  "L2B": {
    "n": 30,
    "mean_runtime": 8.270999999999999,
    "mean_R": 4.933333333333334,
    "mean_H": 4.9,
    "mean_S": 4.8,
    "mean_D": 4.933333333333334,
    "mean_K": 4.966666666666667,
    "mean_overall": 4.906666666666666,
    "flag_rates": {
      "safety_first": 1.0,
      "escalation_present": 1.0,
      "offline_workflow_mentioned": 0.5333333333333333,
      "hallucination_suspected": 0.0
    }
  }
}