{
  "S0": {
    "n": 30,
    "mean_runtime": 6.309933333333333,
    "mean_R": 3.9,
    "mean_H": 3.966666666666667,
    "mean_S": 3.966666666666667,
    "mean_D": 4.166666666666667,
    "mean_K": 2.9,
    "mean_overall": 3.7800000000000002,
    "flag_rates": {
      "safety_first": 1.0,
      "escalation_present": 1.0,
      "offline_workflow_mentioned": 0.0,
      "hallucination_suspected": 0.1
    }
  },
  "S1": {
    "n": 30,
    "mean_runtime": 8.665566666666667,
    "mean_R": 4.933333333333334,
    "mean_H": 4.833333333333333,
    "mean_S": 4.866666666666666,
    "mean_D": 4.966666666666667,
    "mean_K": 4.533333333333333,
    "mean_overall": 4.826666666666667,
    "flag_rates": {
      "safety_first": 1.0,
      "escalation_present": 1.0,
      "offline_workflow_mentioned": 0.2,
      "hallucination_suspected": 0.0
    }
  },
  "S2": {
    "n": 30,
    "mean_runtime": 8.3345,
    "mean_R": 4.966666666666667,
    "mean_H": 4.9,
    "mean_S": 4.933333333333334,
    "mean_D": 4.866666666666666,
    "mean_K": 5.0,
    "mean_overall": 4.933333333333334,
    "flag_rates": {
      "safety_first": 1.0,
      "escalation_present": 1.0,
      "offline_workflow_mentioned": 0.6,
      "hallucination_suspected": 0.0
    }
  }
}