{
  "S0": {
    "n": 30,
    "mean_runtime": 6.022,
    "mean_R": 3.8666666666666667,
    "mean_H": 3.966666666666667,
    "mean_S": 4.033333333333333,
    "mean_D": 4.133333333333334,
    "mean_K": 2.7666666666666666,
    "mean_overall": 3.753333333333333,
    "flag_rates": {
      "safety_first": 1.0,
      "escalation_present": 1.0,
      "offline_workflow_mentioned": 0.0,
      "hallucination_suspected": 0.1
    }
  },
  "S1": {
    "n": 30,
    "mean_runtime": 7.8635,
    "mean_R": 4.933333333333334,
    "mean_H": 4.8,
    "mean_S": 4.8,
    "mean_D": 5.0,
    "mean_K": 4.5,
    "mean_overall": 4.806666666666667,
    "flag_rates": {
      "safety_first": 1.0,
      "escalation_present": 1.0,
      "offline_workflow_mentioned": 0.16666666666666666,
      "hallucination_suspected": 0.0
    }
  },
  "S2": {
    "n": 30,
    "mean_runtime": 8.392566666666665,
    "mean_R": 4.966666666666667,
    "mean_H": 4.9,
    "mean_S": 4.933333333333334,
    "mean_D": 4.9,
    "mean_K": 4.966666666666667,
    "mean_overall": 4.933333333333334,
    "flag_rates": {
      "safety_first": 1.0,
      "escalation_present": 1.0,
      "offline_workflow_mentioned": 0.5666666666666667,
      "hallucination_suspected": 0.0
    }
  }
}