{
  "L0": {
    "n": 30,
    "mean_runtime": 6.4619333333333335,
    "mean_R": 3.8666666666666667,
    "mean_H": 3.9,
    "mean_S": 4.0,
    "mean_D": 4.2,
    "mean_K": 2.7666666666666666,
    "mean_overall": 3.746666666666667,
    "flag_rates": {
      "safety_first": 1.0,
      "escalation_present": 1.0,
      "offline_workflow_mentioned": 0.0,
      "hallucination_suspected": 0.1
    }
  },
  "L2": {
    "n": 30,
    "mean_runtime": 8.420166666666667,
    "mean_R": 4.866666666666666,
    "mean_H": 4.8,
    "mean_S": 4.866666666666666,
    "mean_D": 4.933333333333334,
    "mean_K": 4.533333333333333,
    "mean_overall": 4.8,
    "flag_rates": {
      "safety_first": 1.0,
      "escalation_present": 1.0,
      "offline_workflow_mentioned": 0.16666666666666666,
      "hallucination_suspected": 0.0
    }
  },
  "L2B": {
    "n": 30,
    "mean_runtime": 9.351666666666667,
    "mean_R": 4.933333333333334,
    "mean_H": 4.933333333333334,
    "mean_S": 4.9,
    "mean_D": 5.0,
    "mean_K": 4.966666666666667,
    "mean_overall": 4.946666666666667,
    "flag_rates": {
      "safety_first": 1.0,
      "escalation_present": 1.0,
      "offline_workflow_mentioned": 0.6333333333333333,
      "hallucination_suspected": 0.0
    }
  }
}