{
  "S0": {
    "n": 30,
    "mean_runtime": 6.0412,
    "mean_R": 3.8,
    "mean_H": 3.9,
    "mean_S": 4.0,
    "mean_D": 4.2,
    "mean_K": 2.8,
    "mean_overall": 3.74,
    "flag_rates": {
      "safety_first": 0.9666666666666667,
      "escalation_present": 1.0,
      "offline_workflow_mentioned": 0.0,
      "hallucination_suspected": 0.16666666666666666
    }
  },
  "S1": {
    "n": 30,
    "mean_runtime": 8.681199999999999,
    "mean_R": 4.833333333333333,
    "mean_H": 4.766666666666667,
    "mean_S": 4.866666666666666,
    "mean_D": 4.966666666666667,
    "mean_K": 4.366666666666666,
    "mean_overall": 4.760000000000001,
    "flag_rates": {
      "safety_first": 1.0,
      "escalation_present": 1.0,
      "offline_workflow_mentioned": 0.1,
      "hallucination_suspected": 0.0
    }
  },
  "S2": {
    "n": 30,
    "mean_runtime": 8.1175,
    "mean_R": 4.866666666666666,
    "mean_H": 4.766666666666667,
    "mean_S": 4.866666666666666,
    "mean_D": 4.933333333333334,
    "mean_K": 5.0,
    "mean_overall": 4.886666666666667,
    "flag_rates": {
      "safety_first": 1.0,
      "escalation_present": 1.0,
      "offline_workflow_mentioned": 0.6333333333333333,
      "hallucination_suspected": 0.0
    }
  }
}