{
  "S0": {
    "n": 30,
    "mean_runtime": 6.344966666666666,
    "mean_R": 3.8333333333333335,
    "mean_H": 3.9,
    "mean_S": 3.966666666666667,
    "mean_D": 4.3,
    "mean_K": 2.7666666666666666,
    "mean_overall": 3.753333333333333,
    "flag_rates": {
      "safety_first": 1.0,
      "escalation_present": 1.0,
      "offline_workflow_mentioned": 0.0,
      "hallucination_suspected": 0.1
    }
  },
  "S1": {
    "n": 30,
    "mean_runtime": 7.935033333333333,
    "mean_R": 4.966666666666667,
    "mean_H": 4.8,
    "mean_S": 4.833333333333333,
    "mean_D": 5.0,
    "mean_K": 4.6,
    "mean_overall": 4.84,
    "flag_rates": {
      "safety_first": 1.0,
      "escalation_present": 1.0,
      "offline_workflow_mentioned": 0.23333333333333334,
      "hallucination_suspected": 0.0
    }
  },
  "S2": {
    "n": 30,
    "mean_runtime": 8.5548,
    "mean_R": 4.933333333333334,
    "mean_H": 4.866666666666666,
    "mean_S": 4.866666666666666,
    "mean_D": 4.933333333333334,
    "mean_K": 4.933333333333334,
    "mean_overall": 4.906666666666666,
    "flag_rates": {
      "safety_first": 1.0,
      "escalation_present": 1.0,
      "offline_workflow_mentioned": 0.6333333333333333,
      "hallucination_suspected": 0.0
    }
  }
}