{
  "L0": {
    "n": 30,
    "mean_runtime": 6.351533333333333,
    "mean_R": 3.7333333333333334,
    "mean_H": 4.0,
    "mean_S": 3.933333333333333,
    "mean_D": 4.266666666666667,
    "mean_K": 2.6666666666666665,
    "mean_overall": 3.7199999999999998,
    "flag_rates": {
      "safety_first": 1.0,
      "escalation_present": 1.0,
      "offline_workflow_mentioned": 0.0,
      "hallucination_suspected": 0.16666666666666666
    }
  },
  "L2": {
    "n": 30,
    "mean_runtime": 8.646433333333333,
    "mean_R": 4.866666666666666,
    "mean_H": 4.7,
    "mean_S": 4.733333333333333,
    "mean_D": 4.9,
    "mean_K": 4.566666666666666,
    "mean_overall": 4.753333333333333,
    "flag_rates": {
      "safety_first": 1.0,
      "escalation_present": 1.0,
      "offline_workflow_mentioned": 0.1,
      "hallucination_suspected": 0.0
    }
  },
  "L2B": {
    "n": 30,
    "mean_runtime": 8.375966666666667,
    "mean_R": 4.866666666666666,
    "mean_H": 4.8,
    "mean_S": 4.733333333333333,
    "mean_D": 4.833333333333333,
    "mean_K": 4.933333333333334,
    "mean_overall": 4.833333333333333,
    "flag_rates": {
      "safety_first": 0.9666666666666667,
      "escalation_present": 1.0,
      "offline_workflow_mentioned": 0.6,
      "hallucination_suspected": 0.0
    }
  }
}