{
  "S0": {
    "n": 30,
    "mean_runtime": 6.092633333333334,
    "mean_R": 3.8666666666666667,
    "mean_H": 3.966666666666667,
    "mean_S": 4.233333333333333,
    "mean_D": 4.266666666666667,
    "mean_K": 2.566666666666667,
    "mean_overall": 3.7800000000000002,
    "flag_rates": {
      "safety_first": 1.0,
      "escalation_present": 1.0,
      "offline_workflow_mentioned": 0.0,
      "hallucination_suspected": 0.13333333333333333
    }
  },
  "S1": {
    "n": 30,
    "mean_runtime": 8.565666666666667,
    "mean_R": 4.9,
    "mean_H": 4.7,
    "mean_S": 4.866666666666666,
    "mean_D": 4.9,
    "mean_K": 4.5,
    "mean_overall": 4.7733333333333325,
    "flag_rates": {
      "safety_first": 1.0,
      "escalation_present": 1.0,
      "offline_workflow_mentioned": 0.13333333333333333,
      "hallucination_suspected": 0.03333333333333333
    }
  },
  "S2": {
    "n": 30,
    "mean_runtime": 8.390466666666667,
    "mean_R": 4.9,
    "mean_H": 4.866666666666666,
    "mean_S": 4.9,
    "mean_D": 4.866666666666666,
    "mean_K": 4.966666666666667,
    "mean_overall": 4.9,
    "flag_rates": {
      "safety_first": 1.0,
      "escalation_present": 1.0,
      "offline_workflow_mentioned": 0.6,
      "hallucination_suspected": 0.0
    }
  }
}