{
  "judge_version_filter": "judge_v1_1",
  "unweighted": true,
  "per_strategy": {
    "S0": {
      "mean_R": {
        "n_runs": 10,
        "mean_of_run_means": 3.6416666666666666,
        "min_run_mean": 3.5833333333333335,
        "max_run_mean": 3.7333333333333334
      },
      "mean_H": {
        "n_runs": 10,
        "mean_of_run_means": 3.711666666666667,
        "min_run_mean": 3.6666666666666665,
        "max_run_mean": 3.75
      },
      "mean_S": {
        "n_runs": 10,
        "mean_of_run_means": 3.5100000000000002,
        "min_run_mean": 3.4,
        "max_run_mean": 3.65
      },
      "mean_D": {
        "n_runs": 10,
        "mean_of_run_means": 3.9383333333333335,
        "min_run_mean": 3.8333333333333335,
        "max_run_mean": 4.066666666666666
      },
      "mean_K": {
        "n_runs": 10,
        "mean_of_run_means": 2.725,
        "min_run_mean": 2.6166666666666667,
        "max_run_mean": 2.816666666666667
      },
      "mean_overall": {
        "n_runs": 10,
        "mean_of_run_means": 3.5053333333333336,
        "min_run_mean": 3.43,
        "max_run_mean": 3.603333333333333
      }
    },
    "S1": {
      "mean_R": {
        "n_runs": 10,
        "mean_of_run_means": 4.75,
        "min_run_mean": 4.65,
        "max_run_mean": 4.833333333333333
      },
      "mean_H": {
        "n_runs": 10,
        "mean_of_run_means": 4.58,
        "min_run_mean": 4.45,
        "max_run_mean": 4.666666666666667
      },
      "mean_S": {
        "n_runs": 10,
        "mean_of_run_means": 4.528333333333333,
        "min_run_mean": 4.433333333333334,
        "max_run_mean": 4.666666666666667
      },
      "mean_D": {
        "n_runs": 10,
        "mean_of_run_means": 4.691666666666667,
        "min_run_mean": 4.616666666666666,
        "max_run_mean": 4.766666666666667
      },
      "mean_K": {
        "n_runs": 10,
        "mean_of_run_means": 4.158333333333333,
        "min_run_mean": 3.933333333333333,
        "max_run_mean": 4.3
      },
      "mean_overall": {
        "n_runs": 10,
        "mean_of_run_means": 4.541666666666666,
        "min_run_mean": 4.433333333333334,
        "max_run_mean": 4.6033333333333335
      }
    },
    "S2": {
      "mean_R": {
        "n_runs": 10,
        "mean_of_run_means": 4.92,
        "min_run_mean": 4.85,
        "max_run_mean": 4.966666666666667
      },
      "mean_H": {
        "n_runs": 10,
        "mean_of_run_means": 4.871666666666667,
        "min_run_mean": 4.816666666666666,
        "max_run_mean": 4.933333333333334
      },
      "mean_S": {
        "n_runs": 10,
        "mean_of_run_means": 4.681666666666667,
        "min_run_mean": 4.633333333333334,
        "max_run_mean": 4.766666666666667
      },
      "mean_D": {
        "n_runs": 10,
        "mean_of_run_means": 4.898333333333333,
        "min_run_mean": 4.85,
        "max_run_mean": 4.95
      },
      "mean_K": {
        "n_runs": 10,
        "mean_of_run_means": 4.966666666666667,
        "min_run_mean": 4.9,
        "max_run_mean": 5.0
      },
      "mean_overall": {
        "n_runs": 10,
        "mean_of_run_means": 4.867666666666667,
        "min_run_mean": 4.819999999999999,
        "max_run_mean": 4.913333333333333
      }
    },
    "S2_ABL_NOASSET": {
      "mean_R": {
        "n_runs": 3,
        "mean_of_run_means": 4.911111111111111,
        "min_run_mean": 4.866666666666666,
        "max_run_mean": 4.966666666666667
      },
      "mean_H": {
        "n_runs": 3,
        "mean_of_run_means": 4.8999999999999995,
        "min_run_mean": 4.866666666666666,
        "max_run_mean": 4.933333333333334
      },
      "mean_S": {
        "n_runs": 3,
        "mean_of_run_means": 4.911111111111111,
        "min_run_mean": 4.866666666666666,
        "max_run_mean": 4.933333333333334
      },
      "mean_D": {
        "n_runs": 3,
        "mean_of_run_means": 4.944444444444445,
        "min_run_mean": 4.9,
        "max_run_mean": 4.966666666666667
      },
      "mean_K": {
        "n_runs": 3,
        "mean_of_run_means": 4.977777777777778,
        "min_run_mean": 4.966666666666667,
        "max_run_mean": 5.0
      },
      "mean_overall": {
        "n_runs": 3,
        "mean_of_run_means": 4.928888888888888,
        "min_run_mean": 4.906666666666666,
        "max_run_mean": 4.953333333333333
      }
    },
    "S2_ABL_NODEV": {
      "mean_R": {
        "n_runs": 3,
        "mean_of_run_means": 4.955555555555556,
        "min_run_mean": 4.933333333333334,
        "max_run_mean": 4.966666666666667
      },
      "mean_H": {
        "n_runs": 3,
        "mean_of_run_means": 4.855555555555555,
        "min_run_mean": 4.8,
        "max_run_mean": 4.9
      },
      "mean_S": {
        "n_runs": 3,
        "mean_of_run_means": 4.833333333333333,
        "min_run_mean": 4.766666666666667,
        "max_run_mean": 4.9
      },
      "mean_D": {
        "n_runs": 3,
        "mean_of_run_means": 4.966666666666667,
        "min_run_mean": 4.933333333333334,
        "max_run_mean": 5.0
      },
      "mean_K": {
        "n_runs": 3,
        "mean_of_run_means": 4.966666666666667,
        "min_run_mean": 4.966666666666667,
        "max_run_mean": 4.966666666666667
      },
      "mean_overall": {
        "n_runs": 3,
        "mean_of_run_means": 4.915555555555556,
        "min_run_mean": 4.88,
        "max_run_mean": 4.9399999999999995
      }
    },
    "S2_ABL_NOENV": {
      "mean_R": {
        "n_runs": 3,
        "mean_of_run_means": 4.844444444444444,
        "min_run_mean": 4.8,
        "max_run_mean": 4.9
      },
      "mean_H": {
        "n_runs": 3,
        "mean_of_run_means": 4.711111111111111,
        "min_run_mean": 4.666666666666667,
        "max_run_mean": 4.733333333333333
      },
      "mean_S": {
        "n_runs": 3,
        "mean_of_run_means": 4.7,
        "min_run_mean": 4.7,
        "max_run_mean": 4.7
      },
      "mean_D": {
        "n_runs": 3,
        "mean_of_run_means": 4.944444444444445,
        "min_run_mean": 4.9,
        "max_run_mean": 5.0
      },
      "mean_K": {
        "n_runs": 3,
        "mean_of_run_means": 4.966666666666667,
        "min_run_mean": 4.966666666666667,
        "max_run_mean": 4.966666666666667
      },
      "mean_overall": {
        "n_runs": 3,
        "mean_of_run_means": 4.833333333333333,
        "min_run_mean": 4.806666666666667,
        "max_run_mean": 4.846666666666667
      }
    },
    "S2_ABL_NOINC": {
      "mean_R": {
        "n_runs": 3,
        "mean_of_run_means": 4.822222222222222,
        "min_run_mean": 4.8,
        "max_run_mean": 4.833333333333333
      },
      "mean_H": {
        "n_runs": 3,
        "mean_of_run_means": 4.888888888888889,
        "min_run_mean": 4.833333333333333,
        "max_run_mean": 4.933333333333334
      },
      "mean_S": {
        "n_runs": 3,
        "mean_of_run_means": 4.944444444444445,
        "min_run_mean": 4.9,
        "max_run_mean": 4.966666666666667
      },
      "mean_D": {
        "n_runs": 3,
        "mean_of_run_means": 4.977777777777778,
        "min_run_mean": 4.966666666666667,
        "max_run_mean": 5.0
      },
      "mean_K": {
        "n_runs": 3,
        "mean_of_run_means": 4.977777777777778,
        "min_run_mean": 4.966666666666667,
        "max_run_mean": 5.0
      },
      "mean_overall": {
        "n_runs": 3,
        "mean_of_run_means": 4.922222222222222,
        "min_run_mean": 4.906666666666666,
        "max_run_mean": 4.9399999999999995
      }
    }
  }
}