{
  "judge_version_filter": "judge_v1_1",
  "unweighted": true,
  "per_strategy": {
    "S0": {
      "mean_R": {
        "n_runs": 10,
        "mean_of_run_means": 3.518333333333333,
        "min_run_mean": 3.4,
        "max_run_mean": 3.7333333333333334
      },
      "mean_H": {
        "n_runs": 10,
        "mean_of_run_means": 3.5733333333333333,
        "min_run_mean": 3.433333333333333,
        "max_run_mean": 3.75
      },
      "mean_S": {
        "n_runs": 10,
        "mean_of_run_means": 3.246666666666667,
        "min_run_mean": 2.8666666666666667,
        "max_run_mean": 3.65
      },
      "mean_D": {
        "n_runs": 10,
        "mean_of_run_means": 3.8083333333333336,
        "min_run_mean": 3.6,
        "max_run_mean": 4.066666666666666
      },
      "mean_K": {
        "n_runs": 10,
        "mean_of_run_means": 2.7266666666666666,
        "min_run_mean": 2.6166666666666667,
        "max_run_mean": 2.8333333333333335
      },
      "mean_overall": {
        "n_runs": 10,
        "mean_of_run_means": 3.374666666666667,
        "min_run_mean": 3.253333333333333,
        "max_run_mean": 3.603333333333333
      }
    },
    "S1": {
      "mean_R": {
        "n_runs": 10,
        "mean_of_run_means": 4.663333333333333,
        "min_run_mean": 4.533333333333333,
        "max_run_mean": 4.783333333333333
      },
      "mean_H": {
        "n_runs": 10,
        "mean_of_run_means": 4.448333333333333,
        "min_run_mean": 4.333333333333333,
        "max_run_mean": 4.616666666666666
      },
      "mean_S": {
        "n_runs": 10,
        "mean_of_run_means": 4.356666666666667,
        "min_run_mean": 4.133333333333334,
        "max_run_mean": 4.55
      },
      "mean_D": {
        "n_runs": 10,
        "mean_of_run_means": 4.54,
        "min_run_mean": 4.333333333333333,
        "max_run_mean": 4.716666666666667
      },
      "mean_K": {
        "n_runs": 10,
        "mean_of_run_means": 3.91,
        "min_run_mean": 3.566666666666667,
        "max_run_mean": 4.3
      },
      "mean_overall": {
        "n_runs": 10,
        "mean_of_run_means": 4.383666666666667,
        "min_run_mean": 4.233333333333333,
        "max_run_mean": 4.576666666666667
      }
    },
    "S2": {
      "mean_R": {
        "n_runs": 10,
        "mean_of_run_means": 4.901666666666666,
        "min_run_mean": 4.833333333333333,
        "max_run_mean": 4.95
      },
      "mean_H": {
        "n_runs": 10,
        "mean_of_run_means": 4.85,
        "min_run_mean": 4.766666666666667,
        "max_run_mean": 4.933333333333334
      },
      "mean_S": {
        "n_runs": 10,
        "mean_of_run_means": 4.551666666666667,
        "min_run_mean": 4.366666666666666,
        "max_run_mean": 4.716666666666667
      },
      "mean_D": {
        "n_runs": 10,
        "mean_of_run_means": 4.875,
        "min_run_mean": 4.8,
        "max_run_mean": 4.933333333333334
      },
      "mean_K": {
        "n_runs": 10,
        "mean_of_run_means": 4.966666666666667,
        "min_run_mean": 4.9,
        "max_run_mean": 5.0
      },
      "mean_overall": {
        "n_runs": 10,
        "mean_of_run_means": 4.829,
        "min_run_mean": 4.746666666666667,
        "max_run_mean": 4.876666666666667
      }
    },
    "S2_ABL_NOASSET": {
      "mean_R": {
        "n_runs": 3,
        "mean_of_run_means": 4.911111111111111,
        "min_run_mean": 4.866666666666666,
        "max_run_mean": 4.966666666666667
      },
      "mean_H": {
        "n_runs": 3,
        "mean_of_run_means": 4.8999999999999995,
        "min_run_mean": 4.866666666666666,
        "max_run_mean": 4.933333333333334
      },
      "mean_S": {
        "n_runs": 3,
        "mean_of_run_means": 4.911111111111111,
        "min_run_mean": 4.866666666666666,
        "max_run_mean": 4.933333333333334
      },
      "mean_D": {
        "n_runs": 3,
        "mean_of_run_means": 4.944444444444445,
        "min_run_mean": 4.9,
        "max_run_mean": 4.966666666666667
      },
      "mean_K": {
        "n_runs": 3,
        "mean_of_run_means": 4.977777777777778,
        "min_run_mean": 4.966666666666667,
        "max_run_mean": 5.0
      },
      "mean_overall": {
        "n_runs": 3,
        "mean_of_run_means": 4.928888888888888,
        "min_run_mean": 4.906666666666666,
        "max_run_mean": 4.953333333333333
      }
    },
    "S2_ABL_NODEV": {
      "mean_R": {
        "n_runs": 3,
        "mean_of_run_means": 4.955555555555556,
        "min_run_mean": 4.933333333333334,
        "max_run_mean": 4.966666666666667
      },
      "mean_H": {
        "n_runs": 3,
        "mean_of_run_means": 4.855555555555555,
        "min_run_mean": 4.8,
        "max_run_mean": 4.9
      },
      "mean_S": {
        "n_runs": 3,
        "mean_of_run_means": 4.833333333333333,
        "min_run_mean": 4.766666666666667,
        "max_run_mean": 4.9
      },
      "mean_D": {
        "n_runs": 3,
        "mean_of_run_means": 4.966666666666667,
        "min_run_mean": 4.933333333333334,
        "max_run_mean": 5.0
      },
      "mean_K": {
        "n_runs": 3,
        "mean_of_run_means": 4.966666666666667,
        "min_run_mean": 4.966666666666667,
        "max_run_mean": 4.966666666666667
      },
      "mean_overall": {
        "n_runs": 3,
        "mean_of_run_means": 4.915555555555556,
        "min_run_mean": 4.88,
        "max_run_mean": 4.9399999999999995
      }
    },
    "S2_ABL_NOENV": {
      "mean_R": {
        "n_runs": 3,
        "mean_of_run_means": 4.844444444444444,
        "min_run_mean": 4.8,
        "max_run_mean": 4.9
      },
      "mean_H": {
        "n_runs": 3,
        "mean_of_run_means": 4.711111111111111,
        "min_run_mean": 4.666666666666667,
        "max_run_mean": 4.733333333333333
      },
      "mean_S": {
        "n_runs": 3,
        "mean_of_run_means": 4.7,
        "min_run_mean": 4.7,
        "max_run_mean": 4.7
      },
      "mean_D": {
        "n_runs": 3,
        "mean_of_run_means": 4.944444444444445,
        "min_run_mean": 4.9,
        "max_run_mean": 5.0
      },
      "mean_K": {
        "n_runs": 3,
        "mean_of_run_means": 4.966666666666667,
        "min_run_mean": 4.966666666666667,
        "max_run_mean": 4.966666666666667
      },
      "mean_overall": {
        "n_runs": 3,
        "mean_of_run_means": 4.833333333333333,
        "min_run_mean": 4.806666666666667,
        "max_run_mean": 4.846666666666667
      }
    },
    "S2_ABL_NOINC": {
      "mean_R": {
        "n_runs": 3,
        "mean_of_run_means": 4.822222222222222,
        "min_run_mean": 4.8,
        "max_run_mean": 4.833333333333333
      },
      "mean_H": {
        "n_runs": 3,
        "mean_of_run_means": 4.888888888888889,
        "min_run_mean": 4.833333333333333,
        "max_run_mean": 4.933333333333334
      },
      "mean_S": {
        "n_runs": 3,
        "mean_of_run_means": 4.944444444444445,
        "min_run_mean": 4.9,
        "max_run_mean": 4.966666666666667
      },
      "mean_D": {
        "n_runs": 3,
        "mean_of_run_means": 4.977777777777778,
        "min_run_mean": 4.966666666666667,
        "max_run_mean": 5.0
      },
      "mean_K": {
        "n_runs": 3,
        "mean_of_run_means": 4.977777777777778,
        "min_run_mean": 4.966666666666667,
        "max_run_mean": 5.0
      },
      "mean_overall": {
        "n_runs": 3,
        "mean_of_run_means": 4.922222222222222,
        "min_run_mean": 4.906666666666666,
        "max_run_mean": 4.9399999999999995
      }
    }
  }
}