{
  "1": {
    "S0": {
      "n": 60,
      "mean_runtime": 5.6034,
      "mean_R": 3.5833333333333335,
      "mean_H": 3.716666666666667,
      "mean_S": 3.4,
      "mean_D": 3.8333333333333335,
      "mean_K": 2.6166666666666667,
      "mean_overall": 3.43,
      "flag_rates": {
        "safety_first": 0.9666666666666667,
        "escalation_present": 1.0,
        "offline_workflow_mentioned": 0.0,
        "hallucination_suspected": 0.08333333333333333
      }
    },
    "S1": {
      "n": 60,
      "mean_runtime": 6.866483333333333,
      "mean_R": 4.65,
      "mean_H": 4.45,
      "mean_S": 4.483333333333333,
      "mean_D": 4.65,
      "mean_K": 3.933333333333333,
      "mean_overall": 4.433333333333334,
      "flag_rates": {
        "safety_first": 1.0,
        "escalation_present": 1.0,
        "offline_workflow_mentioned": 0.11666666666666667,
        "hallucination_suspected": 0.11666666666666667
      }
    },
    "S2": {
      "n": 60,
      "mean_runtime": 7.2143,
      "mean_R": 4.85,
      "mean_H": 4.816666666666666,
      "mean_S": 4.683333333333334,
      "mean_D": 4.85,
      "mean_K": 4.9,
      "mean_overall": 4.819999999999999,
      "flag_rates": {
        "safety_first": 1.0,
        "escalation_present": 1.0,
        "offline_workflow_mentioned": 0.65,
        "hallucination_suspected": 0.03333333333333333
      }
    },
    "S2_ABL_NOASSET": {
      "n": 30,
      "mean_runtime": 10.189533333333333,
      "mean_R": 4.866666666666666,
      "mean_H": 4.866666666666666,
      "mean_S": 4.866666666666666,
      "mean_D": 4.966666666666667,
      "mean_K": 4.966666666666667,
      "mean_overall": 4.906666666666666,
      "flag_rates": {
        "safety_first": 1.0,
        "escalation_present": 1.0,
        "offline_workflow_mentioned": 0.6,
        "hallucination_suspected": 0.0
      }
    },
    "S2_ABL_NODEV": {
      "n": 30,
      "mean_runtime": 9.4254,
      "mean_R": 4.966666666666667,
      "mean_H": 4.9,
      "mean_S": 4.9,
      "mean_D": 4.966666666666667,
      "mean_K": 4.966666666666667,
      "mean_overall": 4.9399999999999995,
      "flag_rates": {
        "safety_first": 1.0,
        "escalation_present": 1.0,
        "offline_workflow_mentioned": 0.0,
        "hallucination_suspected": 0.0
      }
    },
    "S2_ABL_NOENV": {
      "n": 30,
      "mean_runtime": 10.315233333333333,
      "mean_R": 4.9,
      "mean_H": 4.733333333333333,
      "mean_S": 4.7,
      "mean_D": 4.933333333333334,
      "mean_K": 4.966666666666667,
      "mean_overall": 4.846666666666667,
      "flag_rates": {
        "safety_first": 1.0,
        "escalation_present": 1.0,
        "offline_workflow_mentioned": 0.6,
        "hallucination_suspected": 0.0
      }
    },
    "S2_ABL_NOINC": {
      "n": 30,
      "mean_runtime": 10.068333333333333,
      "mean_R": 4.8,
      "mean_H": 4.833333333333333,
      "mean_S": 4.966666666666667,
      "mean_D": 4.966666666666667,
      "mean_K": 4.966666666666667,
      "mean_overall": 4.906666666666666,
      "flag_rates": {
        "safety_first": 1.0,
        "escalation_present": 1.0,
        "offline_workflow_mentioned": 0.6,
        "hallucination_suspected": 0.0
      }
    }
  },
  "2": {
    "S0": {
      "n": 60,
      "mean_runtime": 5.285716666666667,
      "mean_R": 3.7333333333333334,
      "mean_H": 3.75,
      "mean_S": 3.65,
      "mean_D": 4.066666666666666,
      "mean_K": 2.816666666666667,
      "mean_overall": 3.603333333333333,
      "flag_rates": {
        "safety_first": 1.0,
        "escalation_present": 1.0,
        "offline_workflow_mentioned": 0.0,
        "hallucination_suspected": 0.05
      }
    },
    "S1": {
      "n": 60,
      "mean_runtime": 6.662616666666667,
      "mean_R": 4.716666666666667,
      "mean_H": 4.533333333333333,
      "mean_S": 4.55,
      "mean_D": 4.666666666666667,
      "mean_K": 4.3,
      "mean_overall": 4.553333333333333,
      "flag_rates": {
        "safety_first": 1.0,
        "escalation_present": 1.0,
        "offline_workflow_mentioned": 0.15,
        "hallucination_suspected": 0.0
      }
    },
    "S2": {
      "n": 60,
      "mean_runtime": 6.773166666666667,
      "mean_R": 4.916666666666667,
      "mean_H": 4.866666666666666,
      "mean_S": 4.716666666666667,
      "mean_D": 4.9,
      "mean_K": 4.966666666666667,
      "mean_overall": 4.873333333333333,
      "flag_rates": {
        "safety_first": 1.0,
        "escalation_present": 1.0,
        "offline_workflow_mentioned": 0.6,
        "hallucination_suspected": 0.0
      }
    },
    "S2_ABL_NOASSET": {
      "n": 30,
      "mean_runtime": 10.498533333333334,
      "mean_R": 4.966666666666667,
      "mean_H": 4.9,
      "mean_S": 4.933333333333334,
      "mean_D": 4.966666666666667,
      "mean_K": 5.0,
      "mean_overall": 4.953333333333333,
      "flag_rates": {
        "safety_first": 1.0,
        "escalation_present": 1.0,
        "offline_workflow_mentioned": 0.6,
        "hallucination_suspected": 0.0
      }
    },
    "S2_ABL_NODEV": {
      "n": 30,
      "mean_runtime": 9.087066666666667,
      "mean_R": 4.966666666666667,
      "mean_H": 4.866666666666666,
      "mean_S": 4.833333333333333,
      "mean_D": 5.0,
      "mean_K": 4.966666666666667,
      "mean_overall": 4.926666666666667,
      "flag_rates": {
        "safety_first": 1.0,
        "escalation_present": 1.0,
        "offline_workflow_mentioned": 0.0,
        "hallucination_suspected": 0.0
      }
    },
    "S2_ABL_NOENV": {
      "n": 30,
      "mean_runtime": 9.396433333333334,
      "mean_R": 4.833333333333333,
      "mean_H": 4.733333333333333,
      "mean_S": 4.7,
      "mean_D": 5.0,
      "mean_K": 4.966666666666667,
      "mean_overall": 4.846666666666667,
      "flag_rates": {
        "safety_first": 1.0,
        "escalation_present": 1.0,
        "offline_workflow_mentioned": 0.6,
        "hallucination_suspected": 0.0
      }
    },
    "S2_ABL_NOINC": {
      "n": 30,
      "mean_runtime": 9.0673,
      "mean_R": 4.833333333333333,
      "mean_H": 4.933333333333334,
      "mean_S": 4.966666666666667,
      "mean_D": 4.966666666666667,
      "mean_K": 5.0,
      "mean_overall": 4.9399999999999995,
      "flag_rates": {
        "safety_first": 1.0,
        "escalation_present": 1.0,
        "offline_workflow_mentioned": 0.6333333333333333,
        "hallucination_suspected": 0.0
      }
    }
  },
  "3": {
    "S0": {
      "n": 60,
      "mean_runtime": 5.485666666666666,
      "mean_R": 3.6166666666666667,
      "mean_H": 3.7,
      "mean_S": 3.5166666666666666,
      "mean_D": 3.9,
      "mean_K": 2.75,
      "mean_overall": 3.4966666666666666,
      "flag_rates": {
        "safety_first": 0.9666666666666667,
        "escalation_present": 1.0,
        "offline_workflow_mentioned": 0.0,
        "hallucination_suspected": 0.03333333333333333
      }
    },
    "S1": {
      "n": 60,
      "mean_runtime": 6.710716666666666,
      "mean_R": 4.75,
      "mean_H": 4.616666666666666,
      "mean_S": 4.533333333333333,
      "mean_D": 4.666666666666667,
      "mean_K": 4.233333333333333,
      "mean_overall": 4.5600000000000005,
      "flag_rates": {
        "safety_first": 1.0,
        "escalation_present": 1.0,
        "offline_workflow_mentioned": 0.2,
        "hallucination_suspected": 0.016666666666666666
      }
    },
    "S2": {
      "n": 60,
      "mean_runtime": 6.8796,
      "mean_R": 4.9,
      "mean_H": 4.866666666666666,
      "mean_S": 4.683333333333334,
      "mean_D": 4.933333333333334,
      "mean_K": 5.0,
      "mean_overall": 4.876666666666667,
      "flag_rates": {
        "safety_first": 1.0,
        "escalation_present": 1.0,
        "offline_workflow_mentioned": 0.65,
        "hallucination_suspected": 0.0
      }
    },
    "S2_ABL_NOASSET": {
      "n": 30,
      "mean_runtime": 10.9962,
      "mean_R": 4.9,
      "mean_H": 4.933333333333334,
      "mean_S": 4.933333333333334,
      "mean_D": 4.9,
      "mean_K": 4.966666666666667,