{
  "L0": {
    "n": 60,
    "mean_runtime": 5.3046,
    "mean_R": 3.6166666666666667,
    "mean_H": 3.7,
    "mean_S": 3.4833333333333334,
    "mean_D": 4.033333333333333,
    "mean_K": 2.6666666666666665,
    "mean_overall": 3.5,
    "flag_rates": {
      "safety_first": 1.0,
      "escalation_present": 1.0,
      "offline_workflow_mentioned": 0.0,
      "hallucination_suspected": 0.11666666666666667
    }
  },
  "L2": {
    "n": 60,
    "mean_runtime": 6.7119,
    "mean_R": 4.766666666666667,
    "mean_H": 4.55,
    "mean_S": 4.45,
    "mean_D": 4.666666666666667,
    "mean_K": 4.083333333333333,
    "mean_overall": 4.503333333333333,
    "flag_rates": {
      "safety_first": 1.0,
      "escalation_present": 1.0,
      "offline_workflow_mentioned": 0.13333333333333333,
      "hallucination_suspected": 0.06666666666666667
    }
  },
  "L2B": {
    "n": 60,
    "mean_runtime": 6.568,
    "mean_R": 4.9,
    "mean_H": 4.816666666666666,
    "mean_S": 4.6,
    "mean_D": 4.883333333333334,
    "mean_K": 4.983333333333333,
    "mean_overall": 4.836666666666667,
    "flag_rates": {
      "safety_first": 1.0,
      "escalation_present": 1.0,
      "offline_workflow_mentioned": 0.6166666666666667,
      "hallucination_suspected": 0.0
    }
  },
  "unknown": {
    "n": 120,
    "mean_runtime": 11.180733333333334,
    "mean_R": 4.866666666666666,
    "mean_H": 4.825,
    "mean_S": 4.825,
    "mean_D": 4.933333333333334,
    "mean_K": 4.966666666666667,
    "mean_overall": 4.883333333333334,
    "flag_rates": {
      "safety_first": 1.0,
      "escalation_present": 1.0,
      "offline_workflow_mentioned": 0.4583333333333333,
      "hallucination_suspected": 0.0
    }
  }
}