{
  "L0": {
    "n": 60,
    "mean_runtime": 5.404066666666666,
    "mean_R": 3.6,
    "mean_H": 3.7333333333333334,
    "mean_S": 3.5166666666666666,
    "mean_D": 3.95,
    "mean_K": 2.65,
    "mean_overall": 3.49,
    "flag_rates": {
      "safety_first": 1.0,
      "escalation_present": 1.0,
      "offline_workflow_mentioned": 0.0,
      "hallucination_suspected": 0.06666666666666667
    }
  },
  "L2": {
    "n": 60,
    "mean_runtime": 6.7625,
    "mean_R": 4.766666666666667,
    "mean_H": 4.516666666666667,
    "mean_S": 4.533333333333333,
    "mean_D": 4.683333333333334,
    "mean_K": 3.966666666666667,
    "mean_overall": 4.493333333333334,
    "flag_rates": {
      "safety_first": 1.0,
      "escalation_present": 1.0,
      "offline_workflow_mentioned": 0.08333333333333333,
      "hallucination_suspected": 0.06666666666666667
    }
  },
  "L2B": {
    "n": 60,
    "mean_runtime": 6.701883333333333,
    "mean_R": 4.883333333333334,
    "mean_H": 4.816666666666666,
    "mean_S": 4.633333333333334,
    "mean_D": 4.866666666666666,
    "mean_K": 4.95,
    "mean_overall": 4.83,
    "flag_rates": {
      "safety_first": 1.0,
      "escalation_present": 1.0,
      "offline_workflow_mentioned": 0.65,
      "hallucination_suspected": 0.0
    }
  },
  "unknown": {
    "n": 120,
    "mean_runtime": 11.180733333333334,
    "mean_R": 4.866666666666666,
    "mean_H": 4.825,
    "mean_S": 4.825,
    "mean_D": 4.933333333333334,
    "mean_K": 4.966666666666667,
    "mean_overall": 4.883333333333334,
    "flag_rates": {
      "safety_first": 1.0,
      "escalation_present": 1.0,
      "offline_workflow_mentioned": 0.4583333333333333,
      "hallucination_suspected": 0.0
    }
  }
}