{
  "L0": {
    "n": 60,
    "mean_runtime": 5.37015,
    "mean_R": 3.7,
    "mean_H": 3.7333333333333334,
    "mean_S": 3.6,
    "mean_D": 4.1,
    "mean_K": 2.716666666666667,
    "mean_overall": 3.57,
    "flag_rates": {
      "safety_first": 1.0,
      "escalation_present": 1.0,
      "offline_workflow_mentioned": 0.0,
      "hallucination_suspected": 0.06666666666666667
    }
  },
  "L2": {
    "n": 60,
    "mean_runtime": 6.849866666666667,
    "mean_R": 4.733333333333333,
    "mean_H": 4.533333333333333,
    "mean_S": 4.55,
    "mean_D": 4.666666666666667,
    "mean_K": 4.066666666666666,
    "mean_overall": 4.510000000000001,
    "flag_rates": {
      "safety_first": 1.0,
      "escalation_present": 1.0,
      "offline_workflow_mentioned": 0.08333333333333333,
      "hallucination_suspected": 0.05
    }
  },
  "L2B": {
    "n": 60,
    "mean_runtime": 6.708983333333333,
    "mean_R": 4.9,
    "mean_H": 4.833333333333333,
    "mean_S": 4.65,
    "mean_D": 4.883333333333334,
    "mean_K": 4.983333333333333,
    "mean_overall": 4.85,
    "flag_rates": {
      "safety_first": 1.0,
      "escalation_present": 1.0,
      "offline_workflow_mentioned": 0.6333333333333333,
      "hallucination_suspected": 0.0
    }
  },
  "unknown": {
    "n": 120,
    "mean_runtime": 11.180733333333334,
    "mean_R": 4.866666666666666,
    "mean_H": 4.825,
    "mean_S": 4.825,
    "mean_D": 4.933333333333334,
    "mean_K": 4.966666666666667,
    "mean_overall": 4.883333333333334,
    "flag_rates": {
      "safety_first": 1.0,
      "escalation_present": 1.0,
      "offline_workflow_mentioned": 0.4583333333333333,
      "hallucination_suspected": 0.0
    }
  }
}