{
  "L0": {
    "n": 60,
    "mean_runtime": 5.3059666666666665,
    "mean_R": 3.65,
    "mean_H": 3.75,
    "mean_S": 3.566666666666667,
    "mean_D": 3.95,
    "mean_K": 2.75,
    "mean_overall": 3.533333333333333,
    "flag_rates": {
      "safety_first": 1.0,
      "escalation_present": 1.0,
      "offline_workflow_mentioned": 0.0,
      "hallucination_suspected": 0.06666666666666667
    }
  },
  "L2": {
    "n": 60,
    "mean_runtime": 6.705966666666667,
    "mean_R": 4.783333333333333,
    "mean_H": 4.6,
    "mean_S": 4.516666666666667,
    "mean_D": 4.666666666666667,
    "mean_K": 4.066666666666666,
    "mean_overall": 4.526666666666667,
    "flag_rates": {
      "safety_first": 1.0,
      "escalation_present": 1.0,
      "offline_workflow_mentioned": 0.16666666666666666,
      "hallucination_suspected": 0.05
    }
  },
  "L2B": {
    "n": 60,
    "mean_runtime": 6.5994,
    "mean_R": 4.916666666666667,
    "mean_H": 4.85,
    "mean_S": 4.633333333333334,
    "mean_D": 4.883333333333334,
    "mean_K": 4.983333333333333,
    "mean_overall": 4.8533333333333335,
    "flag_rates": {
      "safety_first": 1.0,
      "escalation_present": 1.0,
      "offline_workflow_mentioned": 0.6333333333333333,
      "hallucination_suspected": 0.0
    }
  },
  "unknown": {
    "n": 120,
    "mean_runtime": 11.180733333333334,
    "mean_R": 4.866666666666666,
    "mean_H": 4.825,
    "mean_S": 4.825,
    "mean_D": 4.933333333333334,
    "mean_K": 4.966666666666667,
    "mean_overall": 4.883333333333334,
    "flag_rates": {
      "safety_first": 1.0,
      "escalation_present": 1.0,
      "offline_workflow_mentioned": 0.4583333333333333,
      "hallucination_suspected": 0.0
    }
  }
}