{
  "S0": {
    "n": 30,
    "mean_runtime": 3.797433333333333,
    "mean_R": 3.433333333333333,
    "mean_H": 3.5,
    "mean_S": 3.1,
    "mean_D": 3.8,
    "mean_K": 2.6333333333333333,
    "mean_overall": 3.2933333333333334,
    "flag_rates": {
      "safety_first": 1.0,
      "escalation_present": 1.0,
      "offline_workflow_mentioned": 0.0,
      "hallucination_suspected": 0.06666666666666667
    }
  },
  "S1": {
    "n": 30,
    "mean_runtime": 4.447533333333333,
    "mean_R": 4.633333333333334,
    "mean_H": 4.366666666666666,
    "mean_S": 4.2,
    "mean_D": 4.4,
    "mean_K": 3.566666666666667,
    "mean_overall": 4.233333333333333,
    "flag_rates": {
      "safety_first": 1.0,
      "escalation_present": 1.0,
      "offline_workflow_mentioned": 0.06666666666666667,
      "hallucination_suspected": 0.1
    }
  },
  "S2": {
    "n": 30,
    "mean_runtime": 4.139466666666666,
    "mean_R": 4.833333333333333,
    "mean_H": 4.766666666666667,
    "mean_S": 4.366666666666666,
    "mean_D": 4.8,
    "mean_K": 4.966666666666667,
    "mean_overall": 4.746666666666667,
    "flag_rates": {
      "safety_first": 1.0,
      "escalation_present": 1.0,
      "offline_workflow_mentioned": 0.7,
      "hallucination_suspected": 0.0
    }
  }
}