{
  "L0": {
    "n": 60,
    "mean_runtime": 5.639716666666667,
    "mean_R": 3.6333333333333333,
    "mean_H": 3.7,
    "mean_S": 3.5166666666666666,
    "mean_D": 4.0,
    "mean_K": 2.6333333333333333,
    "mean_overall": 3.496666666666667,
    "flag_rates": {
      "safety_first": 1.0,
      "escalation_present": 1.0,
      "offline_workflow_mentioned": 0.0,
      "hallucination_suspected": 0.1
    }
  },
  "L2": {
    "n": 60,
    "mean_runtime": 6.539433333333333,
    "mean_R": 4.733333333333333,
    "mean_H": 4.566666666666666,
    "mean_S": 4.483333333333333,
    "mean_D": 4.65,
    "mean_K": 3.9833333333333334,
    "mean_overall": 4.483333333333333,
    "flag_rates": {
      "safety_first": 1.0,
      "escalation_present": 1.0,
      "offline_workflow_mentioned": 0.06666666666666667,
      "hallucination_suspected": 0.05
    }
  },
  "L2B": {
    "n": 60,
    "mean_runtime": 6.7369,
    "mean_R": 4.883333333333334,
    "mean_H": 4.85,
    "mean_S": 4.633333333333334,
    "mean_D": 4.866666666666666,
    "mean_K": 4.966666666666667,
    "mean_overall": 4.84,
    "flag_rates": {
      "safety_first": 1.0,
      "escalation_present": 1.0,
      "offline_workflow_mentioned": 0.6666666666666666,
      "hallucination_suspected": 0.0
    }
  },
  "unknown": {
    "n": 120,
    "mean_runtime": 11.180733333333334,
    "mean_R": 4.866666666666666,
    "mean_H": 4.825,
    "mean_S": 4.825,
    "mean_D": 4.933333333333334,
    "mean_K": 4.966666666666667,
    "mean_overall": 4.883333333333334,
    "flag_rates": {
      "safety_first": 1.0,
      "escalation_present": 1.0,
      "offline_workflow_mentioned": 0.4583333333333333,
      "hallucination_suspected": 0.0
    }
  }
}