{
  "L0": {
    "n": 60,
    "mean_runtime": 5.279683333333334,
    "mean_R": 3.65,
    "mean_H": 3.7,
    "mean_S": 3.5166666666666666,
    "mean_D": 3.933333333333333,
    "mean_K": 2.65,
    "mean_overall": 3.49,
    "flag_rates": {
      "safety_first": 1.0,
      "escalation_present": 1.0,
      "offline_workflow_mentioned": 0.0,
      "hallucination_suspected": 0.06666666666666667
    }
  },
  "L2": {
    "n": 60,
    "mean_runtime": 6.920633333333333,
    "mean_R": 4.8,
    "mean_H": 4.633333333333334,
    "mean_S": 4.566666666666666,
    "mean_D": 4.7,
    "mean_K": 4.033333333333333,
    "mean_overall": 4.546666666666667,
    "flag_rates": {
      "safety_first": 1.0,
      "escalation_present": 1.0,
      "offline_workflow_mentioned": 0.1,
      "hallucination_suspected": 0.05
    }
  },
  "L2B": {
    "n": 60,
    "mean_runtime": 6.7412833333333335,
    "mean_R": 4.916666666666667,
    "mean_H": 4.85,
    "mean_S": 4.666666666666667,
    "mean_D": 4.883333333333334,
    "mean_K": 4.95,
    "mean_overall": 4.8533333333333335,
    "flag_rates": {
      "safety_first": 1.0,
      "escalation_present": 1.0,
      "offline_workflow_mentioned": 0.6166666666666667,
      "hallucination_suspected": 0.0
    }
  },
  "unknown": {
    "n": 120,
    "mean_runtime": 11.180733333333334,
    "mean_R": 4.866666666666666,
    "mean_H": 4.825,
    "mean_S": 4.825,
    "mean_D": 4.933333333333334,
    "mean_K": 4.966666666666667,
    "mean_overall": 4.883333333333334,
    "flag_rates": {
      "safety_first": 1.0,
      "escalation_present": 1.0,
      "offline_workflow_mentioned": 0.4583333333333333,
      "hallucination_suspected": 0.0
    }
  }
}