{
  "S0": {
    "n": 60,
    "mean_runtime": 5.639716666666667,
    "mean_R": 3.6333333333333333,
    "mean_H": 3.7,
    "mean_S": 3.5166666666666666,
    "mean_D": 4.0,
    "mean_K": 2.6333333333333333,
    "mean_overall": 3.496666666666667,
    "flag_rates": {
      "safety_first": 1.0,
      "escalation_present": 1.0,
      "offline_workflow_mentioned": 0.0,
      "hallucination_suspected": 0.1
    }
  },
  "S1": {
    "n": 60,
    "mean_runtime": 6.539433333333333,
    "mean_R": 4.733333333333333,
    "mean_H": 4.566666666666666,
    "mean_S": 4.483333333333333,
    "mean_D": 4.65,
    "mean_K": 3.9833333333333334,
    "mean_overall": 4.483333333333333,
    "flag_rates": {
      "safety_first": 1.0,
      "escalation_present": 1.0,
      "offline_workflow_mentioned": 0.06666666666666667,
      "hallucination_suspected": 0.05
    }
  },
  "S2": {
    "n": 60,
    "mean_runtime": 6.7369,
    "mean_R": 4.883333333333334,
    "mean_H": 4.85,
    "mean_S": 4.633333333333334,
    "mean_D": 4.866666666666666,
    "mean_K": 4.966666666666667,
    "mean_overall": 4.84,
    "flag_rates": {
      "safety_first": 1.0,
      "escalation_present": 1.0,
      "offline_workflow_mentioned": 0.6666666666666666,
      "hallucination_suspected": 0.0
    }
  },
  "S2_ABL_NOASSET": {
    "n": 30,
    "mean_runtime": 10.9962,
    "mean_R": 4.9,
    "mean_H": 4.933333333333334,
    "mean_S": 4.933333333333334,
    "mean_D": 4.9,
    "mean_K": 4.966666666666667,
    "mean_overall": 4.926666666666667,
    "flag_rates": {
      "safety_first": 1.0,
      "escalation_present": 1.0,
      "offline_workflow_mentioned": 0.6,
      "hallucination_suspected": 0.0
    }
  },
  "S2_ABL_NODEV": {
    "n": 30,
    "mean_runtime": 10.410633333333333,
    "mean_R": 4.933333333333334,
    "mean_H": 4.8,
    "mean_S": 4.766666666666667,
    "mean_D": 4.933333333333334,
    "mean_K": 4.966666666666667,
    "mean_overall": 4.88,
    "flag_rates": {
      "safety_first": 1.0,
      "escalation_present": 1.0,
      "offline_workflow_mentioned": 0.0,
      "hallucination_suspected": 0.0
    }
  },
  "S2_ABL_NOENV": {
    "n": 30,
    "mean_runtime": 11.9838,
    "mean_R": 4.8,
    "mean_H": 4.666666666666667,
    "mean_S": 4.7,
    "mean_D": 4.9,
    "mean_K": 4.966666666666667,
    "mean_overall": 4.806666666666667,
    "flag_rates": {
      "safety_first": 1.0,
      "escalation_present": 1.0,
      "offline_workflow_mentioned": 0.6,
      "hallucination_suspected": 0.0
    }
  },
  "S2_ABL_NOINC": {
    "n": 30,
    "mean_runtime": 11.3323,
    "mean_R": 4.833333333333333,
    "mean_H": 4.9,
    "mean_S": 4.9,
    "mean_D": 5.0,
    "mean_K": 4.966666666666667,
    "mean_overall": 4.92,
    "flag_rates": {
      "safety_first": 1.0,
      "escalation_present": 1.0,
      "offline_workflow_mentioned": 0.6333333333333333,
      "hallucination_suspected": 0.0
    }
  }
}