{
  "L0": {
    "n": 60,
    "mean_runtime": 5.361833333333333,
    "mean_R": 3.65,
    "mean_H": 3.7333333333333334,
    "mean_S": 3.5166666666666666,
    "mean_D": 4.0,
    "mean_K": 2.683333333333333,
    "mean_overall": 3.5166666666666666,
    "flag_rates": {
      "safety_first": 1.0,
      "escalation_present": 1.0,
      "offline_workflow_mentioned": 0.0,
      "hallucination_suspected": 0.1
    }
  },
  "L2": {
    "n": 60,
    "mean_runtime": 7.1508,
    "mean_R": 4.8,
    "mean_H": 4.633333333333334,
    "mean_S": 4.533333333333333,
    "mean_D": 4.7,
    "mean_K": 4.116666666666666,
    "mean_overall": 4.556666666666667,
    "flag_rates": {
      "safety_first": 1.0,
      "escalation_present": 1.0,
      "offline_workflow_mentioned": 0.13333333333333333,
      "hallucination_suspected": 0.05
    }
  },
  "L2B": {
    "n": 60,
    "mean_runtime": 6.752966666666667,
    "mean_R": 4.9,
    "mean_H": 4.866666666666666,
    "mean_S": 4.633333333333334,
    "mean_D": 4.866666666666666,
    "mean_K": 4.966666666666667,
    "mean_overall": 4.846666666666667,
    "flag_rates": {
      "safety_first": 1.0,
      "escalation_present": 1.0,
      "offline_workflow_mentioned": 0.6333333333333333,
      "hallucination_suspected": 0.0
    }
  },
  "unknown": {
    "n": 120,
    "mean_runtime": 11.180733333333334,
    "mean_R": 4.866666666666666,
    "mean_H": 4.825,
    "mean_S": 4.825,
    "mean_D": 4.933333333333334,
    "mean_K": 4.966666666666667,
    "mean_overall": 4.883333333333334,
    "flag_rates": {
      "safety_first": 1.0,
      "escalation_present": 1.0,
      "offline_workflow_mentioned": 0.4583333333333333,
      "hallucination_suspected": 0.0
    }
  }
}