{
  "L0": {
    "n": 60,
    "mean_runtime": 5.5022166666666665,
    "mean_R": 3.65,
    "mean_H": 3.7,
    "mean_S": 3.5833333333333335,
    "mean_D": 4.0,
    "mean_K": 2.75,
    "mean_overall": 3.5366666666666666,
    "flag_rates": {
      "safety_first": 1.0,
      "escalation_present": 1.0,
      "offline_workflow_mentioned": 0.0,
      "hallucination_suspected": 0.08333333333333333
    }
  },
  "L2": {
    "n": 60,
    "mean_runtime": 6.640466666666667,
    "mean_R": 4.783333333333333,
    "mean_H": 4.6,
    "mean_S": 4.533333333333333,
    "mean_D": 4.65,
    "mean_K": 4.116666666666666,
    "mean_overall": 4.536666666666666,
    "flag_rates": {
      "safety_first": 1.0,
      "escalation_present": 1.0,
      "offline_workflow_mentioned": 0.13333333333333333,
      "hallucination_suspected": 0.05
    }
  },
  "L2B": {
    "n": 60,
    "mean_runtime": 6.986516666666666,
    "mean_R": 4.9,
    "mean_H": 4.816666666666666,
    "mean_S": 4.6,
    "mean_D": 4.866666666666666,
    "mean_K": 4.966666666666667,
    "mean_overall": 4.83,
    "flag_rates": {
      "safety_first": 1.0,
      "escalation_present": 1.0,
      "offline_workflow_mentioned": 0.6666666666666666,
      "hallucination_suspected": 0.0
    }
  },
  "unknown": {
    "n": 120,
    "mean_runtime": 11.180733333333334,
    "mean_R": 4.866666666666666,
    "mean_H": 4.825,
    "mean_S": 4.825,
    "mean_D": 4.933333333333334,
    "mean_K": 4.966666666666667,
    "mean_overall": 4.883333333333334,
    "flag_rates": {
      "safety_first": 1.0,
      "escalation_present": 1.0,
      "offline_workflow_mentioned": 0.4583333333333333,
      "hallucination_suspected": 0.0
    }
  }
}