{
  "judge_version_filter": "judge_v1_1",
  "unweighted": true,
  "per_strategy": {
    "S0": {
      "mean_R": {
        "n_runs": 10,
        "mean_of_run_means": 3.4333333333333327,
        "min_run_mean": 3.4,
        "max_run_mean": 3.5
      },
      "mean_H": {
        "n_runs": 10,
        "mean_of_run_means": 3.4799999999999995,
        "min_run_mean": 3.433333333333333,
        "max_run_mean": 3.533333333333333
      },
      "mean_S": {
        "n_runs": 10,
        "mean_of_run_means": 3.05,
        "min_run_mean": 2.8666666666666667,
        "max_run_mean": 3.2
      },
      "mean_D": {
        "n_runs": 10,
        "mean_of_run_means": 3.7,
        "min_run_mean": 3.566666666666667,
        "max_run_mean": 3.8
      },
      "mean_K": {
        "n_runs": 10,
        "mean_of_run_means": 2.7233333333333336,
        "min_run_mean": 2.566666666666667,
        "max_run_mean": 2.8333333333333335
      },
      "mean_overall": {
        "n_runs": 10,
        "mean_of_run_means": 3.2773333333333334,
        "min_run_mean": 3.1733333333333333,
        "max_run_mean": 3.36
      }
    },
    "S1": {
      "mean_R": {
        "n_runs": 10,
        "mean_of_run_means": 4.593333333333334,
        "min_run_mean": 4.4,
        "max_run_mean": 4.7
      },
      "mean_H": {
        "n_runs": 10,
        "mean_of_run_means": 4.3566666666666665,
        "min_run_mean": 4.233333333333333,
        "max_run_mean": 4.433333333333334
      },
      "mean_S": {
        "n_runs": 10,
        "mean_of_run_means": 4.220000000000001,
        "min_run_mean": 4.1,
        "max_run_mean": 4.4
      },
      "mean_D": {
        "n_runs": 10,
        "mean_of_run_means": 4.433333333333334,
        "min_run_mean": 4.333333333333333,
        "max_run_mean": 4.533333333333333
      },
      "mean_K": {
        "n_runs": 10,
        "mean_of_run_means": 3.7666666666666666,
        "min_run_mean": 3.5,
        "max_run_mean": 4.033333333333333
      },
      "mean_overall": {
        "n_runs": 10,
        "mean_of_run_means": 4.274,
        "min_run_mean": 4.113333333333333,
        "max_run_mean": 4.346666666666667
      }
    },
    "S2": {
      "mean_R": {
        "n_runs": 10,
        "mean_of_run_means": 4.883333333333334,
        "min_run_mean": 4.766666666666667,
        "max_run_mean": 4.933333333333334
      },
      "mean_H": {
        "n_runs": 10,
        "mean_of_run_means": 4.833333333333333,
        "min_run_mean": 4.766666666666667,
        "max_run_mean": 4.933333333333334
      },
      "mean_S": {
        "n_runs": 10,
        "mean_of_run_means": 4.466666666666667,
        "min_run_mean": 4.366666666666666,
        "max_run_mean": 4.566666666666666
      },
      "mean_D": {
        "n_runs": 10,
        "mean_of_run_means": 4.85,
        "min_run_mean": 4.766666666666667,
        "max_run_mean": 4.933333333333334
      },
      "mean_K": {
        "n_runs": 10,
        "mean_of_run_means": 4.96,
        "min_run_mean": 4.866666666666666,
        "max_run_mean": 5.0
      },
      "mean_overall": {
        "n_runs": 10,
        "mean_of_run_means": 4.798666666666667,
        "min_run_mean": 4.7266666666666675,
        "max_run_mean": 4.866666666666666
      }
    },
    "S2_ABL_NOASSET": {
      "mean_R": {
        "n_runs": 3,
        "mean_of_run_means": 4.911111111111111,
        "min_run_mean": 4.866666666666666,
        "max_run_mean": 4.966666666666667
      },
      "mean_H": {
        "n_runs": 3,
        "mean_of_run_means": 4.8999999999999995,
        "min_run_mean": 4.866666666666666,
        "max_run_mean": 4.933333333333334
      },
      "mean_S": {
        "n_runs": 3,
        "mean_of_run_means": 4.911111111111111,
        "min_run_mean": 4.866666666666666,
        "max_run_mean": 4.933333333333334
      },
      "mean_D": {
        "n_runs": 3,
        "mean_of_run_means": 4.944444444444445,
        "min_run_mean": 4.9,
        "max_run_mean": 4.966666666666667
      },
      "mean_K": {
        "n_runs": 3,
        "mean_of_run_means": 4.977777777777778,
        "min_run_mean": 4.966666666666667,
        "max_run_mean": 5.0
      },
      "mean_overall": {
        "n_runs": 3,
        "mean_of_run_means": 4.928888888888888,
        "min_run_mean": 4.906666666666666,
        "max_run_mean": 4.953333333333333
      }
    },
    "S2_ABL_NODEV": {
      "mean_R": {
        "n_runs": 3,
        "mean_of_run_means": 4.955555555555556,
        "min_run_mean": 4.933333333333334,
        "max_run_mean": 4.966666666666667
      },
      "mean_H": {
        "n_runs": 3,
        "mean_of_run_means": 4.855555555555555,
        "min_run_mean": 4.8,
        "max_run_mean": 4.9
      },
      "mean_S": {
        "n_runs": 3,
        "mean_of_run_means": 4.833333333333333,
        "min_run_mean": 4.766666666666667,
        "max_run_mean": 4.9
      },
      "mean_D": {
        "n_runs": 3,
        "mean_of_run_means": 4.966666666666667,
        "min_run_mean": 4.933333333333334,
        "max_run_mean": 5.0
      },
      "mean_K": {
        "n_runs": 3,
        "mean_of_run_means": 4.966666666666667,
        "min_run_mean": 4.966666666666667,
        "max_run_mean": 4.966666666666667
      },
      "mean_overall": {
        "n_runs": 3,
        "mean_of_run_means": 4.915555555555556,
        "min_run_mean": 4.88,
        "max_run_mean": 4.9399999999999995
      }
    },
    "S2_ABL_NOENV": {
      "mean_R": {
        "n_runs": 3,
        "mean_of_run_means": 4.844444444444444,
        "min_run_mean": 4.8,
        "max_run_mean": 4.9
      },
      "mean_H": {
        "n_runs": 3,
        "mean_of_run_means": 4.711111111111111,
        "min_run_mean": 4.666666666666667,
        "max_run_mean": 4.733333333333333
      },
      "mean_S": {
        "n_runs": 3,
        "mean_of_run_means": 4.7,
        "min_run_mean": 4.7,
        "max_run_mean": 4.7
      },
      "mean_D": {
        "n_runs": 3,
        "mean_of_run_means": 4.944444444444445,
        "min_run_mean": 4.9,
        "max_run_mean": 5.0
      },
      "mean_K": {
        "n_runs": 3,
        "mean_of_run_means": 4.966666666666667,
        "min_run_mean": 4.966666666666667,
        "max_run_mean": 4.966666666666667
      },
      "mean_overall": {
        "n_runs": 3,
        "mean_of_run_means": 4.833333333333333,
        "min_run_mean": 4.806666666666667,
        "max_run_mean": 4.846666666666667
      }
    },
    "S2_ABL_NOINC": {
      "mean_R": {
        "n_runs": 3,
        "mean_of_run_means": 4.822222222222222,
        "min_run_mean": 4.8,
        "max_run_mean": 4.833333333333333
      },
      "mean_H": {
        "n_runs": 3,
        "mean_of_run_means": 4.888888888888889,
        "min_run_mean": 4.833333333333333,
        "max_run_mean": 4.933333333333334
      },
      "mean_S": {
        "n_runs": 3,
        "mean_of_run_means": 4.944444444444445,
        "min_run_mean": 4.9,
        "max_run_mean": 4.966666666666667
      },
      "mean_D": {
        "n_runs": 3,
        "mean_of_run_means": 4.977777777777778,
        "min_run_mean": 4.966666666666667,
        "max_run_mean": 5.0
      },
      "mean_K": {
        "n_runs": 3,
        "mean_of_run_means": 4.977777777777778,
        "min_run_mean": 4.966666666666667,
        "max_run_mean": 5.0
      },
      "mean_overall": {
        "n_runs": 3,
        "mean_of_run_means": 4.922222222222222,
        "min_run_mean": 4.906666666666666,
        "max_run_mean": 4.9399999999999995
      }
    }
  }
}