{
  "S0": {
    "n": 30,
    "mean_runtime": 3.797433333333333,
    "mean_R": 3.433333333333333,
    "mean_H": 3.5,
    "mean_S": 3.1,
    "mean_D": 3.8,
    "mean_K": 2.6333333333333333,
    "mean_overall": 3.2933333333333334,
    "flag_rates": {
      "safety_first": 1.0,
      "escalation_present": 1.0,
      "offline_workflow_mentioned": 0.0,
      "hallucination_suspected": 0.06666666666666667
    }
  },
  "S0_RAW": {
    "n": 30,
    "mean_runtime": 9.518333333333334,
    "mean_R": 4.966666666666667,
    "mean_H": 4.966666666666667,
    "mean_S": 4.933333333333334,
    "mean_D": 4.9,
    "mean_K": 4.966666666666667,
    "mean_overall": 4.946666666666667,
    "flag_rates": {
      "safety_first": 0.9666666666666667,
      "escalation_present": 1.0,
      "offline_workflow_mentioned": 0.6,
      "hallucination_suspected": 0.0
    }
  },
  "S0_UNSTRUCTURED": {
    "n": 30,
    "mean_runtime": 9.691066666666666,
    "mean_R": 4.9,
    "mean_H": 4.8,
    "mean_S": 4.933333333333334,
    "mean_D": 5.0,
    "mean_K": 4.9,
    "mean_overall": 4.906666666666666,
    "flag_rates": {
      "safety_first": 1.0,
      "escalation_present": 1.0,
      "offline_workflow_mentioned": 0.2,
      "hallucination_suspected": 0.0
    }
  },
  "S1": {
    "n": 30,
    "mean_runtime": 4.447533333333333,
    "mean_R": 4.633333333333334,
    "mean_H": 4.366666666666666,
    "mean_S": 4.2,
    "mean_D": 4.4,
    "mean_K": 3.566666666666667,
    "mean_overall": 4.233333333333333,
    "flag_rates": {
      "safety_first": 1.0,
      "escalation_present": 1.0,
      "offline_workflow_mentioned": 0.06666666666666667,
      "hallucination_suspected": 0.1
    }
  },
  "S2": {
    "n": 30,
    "mean_runtime": 4.139466666666666,
    "mean_R": 4.833333333333333,
    "mean_H": 4.766666666666667,
    "mean_S": 4.366666666666666,
    "mean_D": 4.8,
    "mean_K": 4.966666666666667,
    "mean_overall": 4.746666666666667,
    "flag_rates": {
      "safety_first": 1.0,
      "escalation_present": 1.0,
      "offline_workflow_mentioned": 0.7,
      "hallucination_suspected": 0.0
    }
  },
  "S2_ABL_NOASSET": {
    "n": 30,
    "mean_runtime": 10.9962,
    "mean_R": 4.9,
    "mean_H": 4.933333333333334,
    "mean_S": 4.933333333333334,
    "mean_D": 4.9,
    "mean_K": 4.966666666666667,
    "mean_overall": 4.926666666666667,
    "flag_rates": {
      "safety_first": 1.0,
      "escalation_present": 1.0,
      "offline_workflow_mentioned": 0.6,
      "hallucination_suspected": 0.0
    }
  },
  "S2_ABL_NODEV": {
    "n": 30,
    "mean_runtime": 10.410633333333333,
    "mean_R": 4.933333333333334,
    "mean_H": 4.8,
    "mean_S": 4.766666666666667,
    "mean_D": 4.933333333333334,
    "mean_K": 4.966666666666667,
    "mean_overall": 4.88,
    "flag_rates": {
      "safety_first": 1.0,
      "escalation_present": 1.0,
      "offline_workflow_mentioned": 0.0,
      "hallucination_suspected": 0.0
    }
  },
  "S2_ABL_NOENV": {
    "n": 30,
    "mean_runtime": 11.9838,
    "mean_R": 4.8,
    "mean_H": 4.666666666666667,
    "mean_S": 4.7,
    "mean_D": 4.9,
    "mean_K": 4.966666666666667,
    "mean_overall": 4.806666666666667,
    "flag_rates": {
      "safety_first": 1.0,
      "escalation_present": 1.0,
      "offline_workflow_mentioned": 0.6,
      "hallucination_suspected": 0.0
    }
  },
  "S2_ABL_NOINC": {
    "n": 30,
    "mean_runtime": 11.3323,
    "mean_R": 4.833333333333333,
    "mean_H": 4.9,
    "mean_S": 4.9,
    "mean_D": 5.0,
    "mean_K": 4.966666666666667,
    "mean_overall": 4.92,
    "flag_rates": {
      "safety_first": 1.0,
      "escalation_present": 1.0,
      "offline_workflow_mentioned": 0.6333333333333333,
      "hallucination_suspected": 0.0
    }
  }
}