{
  "1": {
    "S0": {
      "n": 30,
      "mean_runtime": 4.1960999999999995,
      "mean_R": 3.4,
      "mean_H": 3.466666666666667,
      "mean_S": 2.8666666666666667,
      "mean_D": 3.566666666666667,
      "mean_K": 2.566666666666667,
      "mean_overall": 3.1733333333333333,
      "flag_rates": {
        "safety_first": 0.9333333333333333,
        "escalation_present": 1.0,
        "offline_workflow_mentioned": 0.0,
        "hallucination_suspected": 0.1
      }
    },
    "S1": {
      "n": 30,
      "mean_runtime": 4.6555,
      "mean_R": 4.4,
      "mean_H": 4.233333333333333,
      "mean_S": 4.1,
      "mean_D": 4.333333333333333,
      "mean_K": 3.5,
      "mean_overall": 4.113333333333333,
      "flag_rates": {
        "safety_first": 1.0,
        "escalation_present": 1.0,
        "offline_workflow_mentioned": 0.13333333333333333,
        "hallucination_suspected": 0.2
      }
    },
    "S2": {
      "n": 30,
      "mean_runtime": 5.1643,
      "mean_R": 4.766666666666667,
      "mean_H": 4.766666666666667,
      "mean_S": 4.466666666666667,
      "mean_D": 4.766666666666667,
      "mean_K": 4.866666666666666,
      "mean_overall": 4.7266666666666675,
      "flag_rates": {
        "safety_first": 1.0,
        "escalation_present": 1.0,
        "offline_workflow_mentioned": 0.7,
        "hallucination_suspected": 0.06666666666666667
      }
    }
  }
}