{
  "judge_version_filter": "judge_v1_1",
  "unweighted": true,
  "per_strategy": {
    "S0": {
      "mean_R": {
        "n_runs": 1,
        "mean_of_run_means": 3.4,
        "min_run_mean": 3.4,
        "max_run_mean": 3.4
      },
      "mean_H": {
        "n_runs": 1,
        "mean_of_run_means": 3.466666666666667,
        "min_run_mean": 3.466666666666667,
        "max_run_mean": 3.466666666666667
      },
      "mean_S": {
        "n_runs": 1,
        "mean_of_run_means": 2.8666666666666667,
        "min_run_mean": 2.8666666666666667,
        "max_run_mean": 2.8666666666666667
      },
      "mean_D": {
        "n_runs": 1,
        "mean_of_run_means": 3.566666666666667,
        "min_run_mean": 3.566666666666667,
        "max_run_mean": 3.566666666666667
      },
      "mean_K": {
        "n_runs": 1,
        "mean_of_run_means": 2.566666666666667,
        "min_run_mean": 2.566666666666667,
        "max_run_mean": 2.566666666666667
      },
      "mean_overall": {
        "n_runs": 1,
        "mean_of_run_means": 3.1733333333333333,
        "min_run_mean": 3.1733333333333333,
        "max_run_mean": 3.1733333333333333
      }
    },
    "S1": {
      "mean_R": {
        "n_runs": 1,
        "mean_of_run_means": 4.4,
        "min_run_mean": 4.4,
        "max_run_mean": 4.4
      },
      "mean_H": {
        "n_runs": 1,
        "mean_of_run_means": 4.233333333333333,
        "min_run_mean": 4.233333333333333,
        "max_run_mean": 4.233333333333333
      },
      "mean_S": {
        "n_runs": 1,
        "mean_of_run_means": 4.1,
        "min_run_mean": 4.1,
        "max_run_mean": 4.1
      },
      "mean_D": {
        "n_runs": 1,
        "mean_of_run_means": 4.333333333333333,
        "min_run_mean": 4.333333333333333,
        "max_run_mean": 4.333333333333333
      },
      "mean_K": {
        "n_runs": 1,
        "mean_of_run_means": 3.5,
        "min_run_mean": 3.5,
        "max_run_mean": 3.5
      },
      "mean_overall": {
        "n_runs": 1,
        "mean_of_run_means": 4.113333333333333,
        "min_run_mean": 4.113333333333333,
        "max_run_mean": 4.113333333333333
      }
    },
    "S2": {
      "mean_R": {
        "n_runs": 1,
        "mean_of_run_means": 4.766666666666667,
        "min_run_mean": 4.766666666666667,
        "max_run_mean": 4.766666666666667
      },
      "mean_H": {
        "n_runs": 1,
        "mean_of_run_means": 4.766666666666667,
        "min_run_mean": 4.766666666666667,
        "max_run_mean": 4.766666666666667
      },
      "mean_S": {
        "n_runs": 1,
        "mean_of_run_means": 4.466666666666667,
        "min_run_mean": 4.466666666666667,
        "max_run_mean": 4.466666666666667
      },
      "mean_D": {
        "n_runs": 1,
        "mean_of_run_means": 4.766666666666667,
        "min_run_mean": 4.766666666666667,
        "max_run_mean": 4.766666666666667
      },
      "mean_K": {
        "n_runs": 1,
        "mean_of_run_means": 4.866666666666666,
        "min_run_mean": 4.866666666666666,
        "max_run_mean": 4.866666666666666
      },
      "mean_overall": {
        "n_runs": 1,
        "mean_of_run_means": 4.7266666666666675,
        "min_run_mean": 4.7266666666666675,
        "max_run_mean": 4.7266666666666675
      }
    }
  }
}