{
  "judge_version_filter": "judge_v1_1",
  "unweighted": true,
  "per_strategy": {
    "S0": {
      "mean_R": {
        "n_runs": 7,
        "mean_of_run_means": 3.433333333333333,
        "min_run_mean": 3.4,
        "max_run_mean": 3.5
      },
      "mean_H": {
        "n_runs": 7,
        "mean_of_run_means": 3.476190476190476,
        "min_run_mean": 3.433333333333333,
        "max_run_mean": 3.533333333333333
      },
      "mean_S": {
        "n_runs": 7,
        "mean_of_run_means": 3.038095238095238,
        "min_run_mean": 2.8666666666666667,
        "max_run_mean": 3.2
      },
      "mean_D": {
        "n_runs": 7,
        "mean_of_run_means": 3.6904761904761902,
        "min_run_mean": 3.566666666666667,
        "max_run_mean": 3.7666666666666666
      },
      "mean_K": {
        "n_runs": 7,
        "mean_of_run_means": 2.738095238095238,
        "min_run_mean": 2.566666666666667,
        "max_run_mean": 2.8333333333333335
      },
      "mean_overall": {
        "n_runs": 7,
        "mean_of_run_means": 3.275238095238095,
        "min_run_mean": 3.1733333333333333,
        "max_run_mean": 3.36
      }
    },
    "S1": {
      "mean_R": {
        "n_runs": 7,
        "mean_of_run_means": 4.576190476190476,
        "min_run_mean": 4.4,
        "max_run_mean": 4.7
      },
      "mean_H": {
        "n_runs": 7,
        "mean_of_run_means": 4.338095238095238,
        "min_run_mean": 4.233333333333333,
        "max_run_mean": 4.4
      },
      "mean_S": {
        "n_runs": 7,
        "mean_of_run_means": 4.195238095238095,
        "min_run_mean": 4.1,
        "max_run_mean": 4.333333333333333
      },
      "mean_D": {
        "n_runs": 7,
        "mean_of_run_means": 4.438095238095238,
        "min_run_mean": 4.333333333333333,
        "max_run_mean": 4.533333333333333
      },
      "mean_K": {
        "n_runs": 7,
        "mean_of_run_means": 3.8095238095238098,
        "min_run_mean": 3.5,
        "max_run_mean": 4.033333333333333
      },
      "mean_overall": {
        "n_runs": 7,
        "mean_of_run_means": 4.271428571428571,
        "min_run_mean": 4.113333333333333,
        "max_run_mean": 4.319999999999999
      }
    },
    "S2": {
      "mean_R": {
        "n_runs": 7,
        "mean_of_run_means": 4.8809523809523805,
        "min_run_mean": 4.766666666666667,
        "max_run_mean": 4.933333333333334
      },
      "mean_H": {
        "n_runs": 7,
        "mean_of_run_means": 4.8238095238095235,
        "min_run_mean": 4.766666666666667,
        "max_run_mean": 4.866666666666666
      },
      "mean_S": {
        "n_runs": 7,
        "mean_of_run_means": 4.466666666666667,
        "min_run_mean": 4.433333333333334,
        "max_run_mean": 4.5
      },
      "mean_D": {
        "n_runs": 7,
        "mean_of_run_means": 4.852380952380953,
        "min_run_mean": 4.766666666666667,
        "max_run_mean": 4.933333333333334
      },
      "mean_K": {
        "n_runs": 7,
        "mean_of_run_means": 4.947619047619048,
        "min_run_mean": 4.866666666666666,
        "max_run_mean": 5.0
      },
      "mean_overall": {
        "n_runs": 7,
        "mean_of_run_means": 4.7942857142857145,
        "min_run_mean": 4.7266666666666675,
        "max_run_mean": 4.819999999999999
      }
    }
  }
}