{
  "judge_version_filter": "judge_v1_1",
  "unweighted": true,
  "per_strategy": {
    "S0": {
      "mean_R": {
        "n_runs": 6,
        "mean_of_run_means": 3.4333333333333336,
        "min_run_mean": 3.4,
        "max_run_mean": 3.5
      },
      "mean_H": {
        "n_runs": 6,
        "mean_of_run_means": 3.483333333333333,
        "min_run_mean": 3.433333333333333,
        "max_run_mean": 3.533333333333333
      },
      "mean_S": {
        "n_runs": 6,
        "mean_of_run_means": 3.033333333333333,
        "min_run_mean": 2.8666666666666667,
        "max_run_mean": 3.2
      },
      "mean_D": {
        "n_runs": 6,
        "mean_of_run_means": 3.6777777777777776,
        "min_run_mean": 3.566666666666667,
        "max_run_mean": 3.7333333333333334
      },
      "mean_K": {
        "n_runs": 6,
        "mean_of_run_means": 2.744444444444445,
        "min_run_mean": 2.566666666666667,
        "max_run_mean": 2.8333333333333335
      },
      "mean_overall": {
        "n_runs": 6,
        "mean_of_run_means": 3.2744444444444447,
        "min_run_mean": 3.1733333333333333,
        "max_run_mean": 3.36
      }
    },
    "S1": {
      "mean_R": {
        "n_runs": 6,
        "mean_of_run_means": 4.572222222222222,
        "min_run_mean": 4.4,
        "max_run_mean": 4.7
      },
      "mean_H": {
        "n_runs": 6,
        "mean_of_run_means": 4.338888888888889,
        "min_run_mean": 4.233333333333333,
        "max_run_mean": 4.4
      },
      "mean_S": {
        "n_runs": 6,
        "mean_of_run_means": 4.2,
        "min_run_mean": 4.1,
        "max_run_mean": 4.333333333333333
      },
      "mean_D": {
        "n_runs": 6,
        "mean_of_run_means": 4.427777777777778,
        "min_run_mean": 4.333333333333333,
        "max_run_mean": 4.533333333333333
      },
      "mean_K": {
        "n_runs": 6,
        "mean_of_run_means": 3.7944444444444443,
        "min_run_mean": 3.5,
        "max_run_mean": 4.033333333333333
      },
      "mean_overall": {
        "n_runs": 6,
        "mean_of_run_means": 4.266666666666667,
        "min_run_mean": 4.113333333333333,
        "max_run_mean": 4.319999999999999
      }
    },
    "S2": {
      "mean_R": {
        "n_runs": 6,
        "mean_of_run_means": 4.872222222222223,
        "min_run_mean": 4.766666666666667,
        "max_run_mean": 4.933333333333334
      },
      "mean_H": {
        "n_runs": 6,
        "mean_of_run_means": 4.822222222222222,
        "min_run_mean": 4.766666666666667,
        "max_run_mean": 4.866666666666666
      },
      "mean_S": {
        "n_runs": 6,
        "mean_of_run_means": 4.466666666666667,
        "min_run_mean": 4.433333333333334,
        "max_run_mean": 4.5
      },
      "mean_D": {
        "n_runs": 6,
        "mean_of_run_means": 4.838888888888889,
        "min_run_mean": 4.766666666666667,
        "max_run_mean": 4.9
      },
      "mean_K": {
        "n_runs": 6,
        "mean_of_run_means": 4.95,
        "min_run_mean": 4.866666666666666,
        "max_run_mean": 5.0
      },
      "mean_overall": {
        "n_runs": 6,
        "mean_of_run_means": 4.79,
        "min_run_mean": 4.7266666666666675,
        "max_run_mean": 4.819999999999999
      }
    }
  }
}