{
  "judge_version_filter": "judge_v1_1",
  "unweighted": true,
  "per_strategy": {
    "S0": {
      "mean_R": {
        "n_runs": 3,
        "mean_of_run_means": 3.4333333333333336,
        "min_run_mean": 3.4,
        "max_run_mean": 3.5
      },
      "mean_H": {
        "n_runs": 3,
        "mean_of_run_means": 3.488888888888889,
        "min_run_mean": 3.466666666666667,
        "max_run_mean": 3.533333333333333
      },
      "mean_S": {
        "n_runs": 3,
        "mean_of_run_means": 3.033333333333333,
        "min_run_mean": 2.8666666666666667,
        "max_run_mean": 3.2
      },
      "mean_D": {
        "n_runs": 3,
        "mean_of_run_means": 3.6555555555555554,
        "min_run_mean": 3.566666666666667,
        "max_run_mean": 3.7333333333333334
      },
      "mean_K": {
        "n_runs": 3,
        "mean_of_run_means": 2.733333333333333,
        "min_run_mean": 2.566666666666667,
        "max_run_mean": 2.8333333333333335
      },
      "mean_overall": {
        "n_runs": 3,
        "mean_of_run_means": 3.2688888888888887,
        "min_run_mean": 3.1733333333333333,
        "max_run_mean": 3.36
      }
    },
    "S1": {
      "mean_R": {
        "n_runs": 3,
        "mean_of_run_means": 4.522222222222222,
        "min_run_mean": 4.4,
        "max_run_mean": 4.6
      },
      "mean_H": {
        "n_runs": 3,
        "mean_of_run_means": 4.322222222222222,
        "min_run_mean": 4.233333333333333,
        "max_run_mean": 4.366666666666666
      },
      "mean_S": {
        "n_runs": 3,
        "mean_of_run_means": 4.177777777777778,
        "min_run_mean": 4.1,
        "max_run_mean": 4.233333333333333
      },
      "mean_D": {
        "n_runs": 3,
        "mean_of_run_means": 4.366666666666666,
        "min_run_mean": 4.333333333333333,
        "max_run_mean": 4.4
      },
      "mean_K": {
        "n_runs": 3,
        "mean_of_run_means": 3.8000000000000003,
        "min_run_mean": 3.5,
        "max_run_mean": 4.033333333333333
      },
      "mean_overall": {
        "n_runs": 3,
        "mean_of_run_means": 4.237777777777778,
        "min_run_mean": 4.113333333333333,
        "max_run_mean": 4.319999999999999
      }
    },
    "S2": {
      "mean_R": {
        "n_runs": 3,
        "mean_of_run_means": 4.833333333333333,
        "min_run_mean": 4.766666666666667,
        "max_run_mean": 4.866666666666666
      },
      "mean_H": {
        "n_runs": 3,
        "mean_of_run_means": 4.8,
        "min_run_mean": 4.766666666666667,
        "max_run_mean": 4.833333333333333
      },
      "mean_S": {
        "n_runs": 3,
        "mean_of_run_means": 4.477777777777778,
        "min_run_mean": 4.466666666666667,
        "max_run_mean": 4.5
      },
      "mean_D": {
        "n_runs": 3,
        "mean_of_run_means": 4.833333333333333,
        "min_run_mean": 4.766666666666667,
        "max_run_mean": 4.9
      },
      "mean_K": {
        "n_runs": 3,
        "mean_of_run_means": 4.933333333333334,
        "min_run_mean": 4.866666666666666,
        "max_run_mean": 5.0
      },
      "mean_overall": {
        "n_runs": 3,
        "mean_of_run_means": 4.775555555555556,
        "min_run_mean": 4.7266666666666675,
        "max_run_mean": 4.806666666666667
      }
    }
  }
}