{
  "S0": {
    "n": 30,
    "mean_runtime": 4.074133333333333,
    "mean_R": 3.466666666666667,
    "mean_H": 3.5,
    "mean_S": 2.8666666666666667,
    "mean_D": 3.6666666666666665,
    "mean_K": 2.8333333333333335,
    "mean_overall": 3.2666666666666666,
    "flag_rates": {
      "safety_first": 0.9333333333333333,
      "escalation_present": 1.0,
      "offline_workflow_mentioned": 0.0,
      "hallucination_suspected": 0.03333333333333333
    }
  },
  "S1": {
    "n": 30,
    "mean_runtime": 4.419833333333333,
    "mean_R": 4.7,
    "mean_H": 4.4,
    "mean_S": 4.133333333333334,
    "mean_D": 4.5,
    "mean_K": 3.7333333333333334,
    "mean_overall": 4.293333333333334,
    "flag_rates": {
      "safety_first": 1.0,
      "escalation_present": 1.0,
      "offline_workflow_mentioned": 0.1,
      "hallucination_suspected": 0.1
    }
  },
  "S2": {
    "n": 30,
    "mean_runtime": 4.4808666666666666,
    "mean_R": 4.9,
    "mean_H": 4.866666666666666,
    "mean_S": 4.433333333333334,
    "mean_D": 4.9,
    "mean_K": 5.0,
    "mean_overall": 4.819999999999999,
    "flag_rates": {
      "safety_first": 1.0,
      "escalation_present": 1.0,
      "offline_workflow_mentioned": 0.7,
      "hallucination_suspected": 0.0
    }
  }
}