{
  "S0": {
    "n": 30,
    "mean_runtime": 3.9913000000000003,
    "mean_R": 3.4,
    "mean_H": 3.5,
    "mean_S": 3.1666666666666665,
    "mean_D": 3.7333333333333334,
    "mean_K": 2.6666666666666665,
    "mean_overall": 3.2933333333333334,
    "flag_rates": {
      "safety_first": 0.9666666666666667,
      "escalation_present": 1.0,
      "offline_workflow_mentioned": 0.0,
      "hallucination_suspected": 0.03333333333333333
    }
  },
  "S1": {
    "n": 30,
    "mean_runtime": 4.322100000000001,
    "mean_R": 4.533333333333333,
    "mean_H": 4.4,
    "mean_S": 4.333333333333333,
    "mean_D": 4.433333333333334,
    "mean_K": 3.7,
    "mean_overall": 4.28,
    "flag_rates": {
      "safety_first": 1.0,
      "escalation_present": 1.0,
      "offline_workflow_mentioned": 0.23333333333333334,
      "hallucination_suspected": 0.0
    }
  },
  "S2": {
    "n": 30,
    "mean_runtime": 4.2818000000000005,
    "mean_R": 4.9,
    "mean_H": 4.833333333333333,
    "mean_S": 4.5,
    "mean_D": 4.833333333333333,
    "mean_K": 4.933333333333334,
    "mean_overall": 4.8,
    "flag_rates": {
      "safety_first": 1.0,
      "escalation_present": 1.0,
      "offline_workflow_mentioned": 0.6666666666666666,
      "hallucination_suspected": 0.0
    }
  }
}