{
  "S0": {
    "n": 30,
    "mean_runtime": 4.020966666666667,
    "mean_R": 3.433333333333333,
    "mean_H": 3.466666666666667,
    "mean_S": 3.1666666666666665,
    "mean_D": 3.7666666666666666,
    "mean_K": 2.6666666666666665,
    "mean_overall": 3.3,
    "flag_rates": {
      "safety_first": 1.0,
      "escalation_present": 1.0,
      "offline_workflow_mentioned": 0.0,
      "hallucination_suspected": 0.06666666666666667
    }
  },
  "S1": {
    "n": 30,
    "mean_runtime": 4.362366666666667,
    "mean_R": 4.7,
    "mean_H": 4.433333333333334,
    "mean_S": 4.4,
    "mean_D": 4.533333333333333,
    "mean_K": 3.6666666666666665,
    "mean_overall": 4.346666666666667,
    "flag_rates": {
      "safety_first": 1.0,
      "escalation_present": 1.0,
      "offline_workflow_mentioned": 0.1,
      "hallucination_suspected": 0.1
    }
  },
  "S2": {
    "n": 30,
    "mean_runtime": 4.768866666666667,
    "mean_R": 4.933333333333334,
    "mean_H": 4.933333333333334,
    "mean_S": 4.566666666666666,
    "mean_D": 4.9,
    "mean_K": 5.0,
    "mean_overall": 4.866666666666666,
    "flag_rates": {
      "safety_first": 1.0,
      "escalation_present": 1.0,
      "offline_workflow_mentioned": 0.6,
      "hallucination_suspected": 0.0
    }
  }
}