{
  "S0": {
    "n": 30,
    "mean_runtime": 4.081933333333334,
    "mean_R": 3.433333333333333,
    "mean_H": 3.433333333333333,
    "mean_S": 3.066666666666667,
    "mean_D": 3.7,
    "mean_K": 2.7666666666666666,
    "mean_overall": 3.2800000000000002,
    "flag_rates": {
      "safety_first": 0.9666666666666667,
      "escalation_present": 1.0,
      "offline_workflow_mentioned": 0.0,
      "hallucination_suspected": 0.0
    }
  },
  "S1": {
    "n": 30,
    "mean_runtime": 4.565033333333333,
    "mean_R": 4.633333333333334,
    "mean_H": 4.266666666666667,
    "mean_S": 4.2,
    "mean_D": 4.533333333333333,
    "mean_K": 3.933333333333333,
    "mean_overall": 4.3133333333333335,
    "flag_rates": {
      "safety_first": 1.0,
      "escalation_present": 1.0,
      "offline_workflow_mentioned": 0.2,
      "hallucination_suspected": 0.03333333333333333
    }
  },
  "S2": {
    "n": 30,
    "mean_runtime": 4.873866666666667,
    "mean_R": 4.933333333333334,
    "mean_H": 4.833333333333333,
    "mean_S": 4.433333333333334,
    "mean_D": 4.8,
    "mean_K": 4.966666666666667,
    "mean_overall": 4.793333333333334,
    "flag_rates": {
      "safety_first": 1.0,
      "escalation_present": 1.0,
      "offline_workflow_mentioned": 0.6666666666666666,
      "hallucination_suspected": 0.0
    }
  }
}