{
  "L0": {
    "n": 30,
    "mean_runtime": 3.6285666666666665,
    "mean_R": 3.5,
    "mean_H": 3.533333333333333,
    "mean_S": 3.2,
    "mean_D": 3.7333333333333334,
    "mean_K": 2.8333333333333335,
    "mean_overall": 3.36,
    "flag_rates": {
      "safety_first": 1.0,
      "escalation_present": 1.0,
      "offline_workflow_mentioned": 0.0,
      "hallucination_suspected": 0.03333333333333333
    }
  },
  "L2": {
    "n": 30,
    "mean_runtime": 4.073033333333333,
    "mean_R": 4.6,
    "mean_H": 4.366666666666666,
    "mean_S": 4.2,
    "mean_D": 4.4,
    "mean_K": 4.033333333333333,
    "mean_overall": 4.319999999999999,
    "flag_rates": {
      "safety_first": 1.0,
      "escalation_present": 1.0,
      "offline_workflow_mentioned": 0.2,
      "hallucination_suspected": 0.0
    }
  },
  "L2B": {
    "n": 30,
    "mean_runtime": 4.267833333333333,
    "mean_R": 4.866666666666666,
    "mean_H": 4.833333333333333,
    "mean_S": 4.5,
    "mean_D": 4.833333333333333,
    "mean_K": 4.933333333333334,
    "mean_overall": 4.793333333333334,
    "flag_rates": {
      "safety_first": 1.0,
      "escalation_present": 1.0,
      "offline_workflow_mentioned": 0.6333333333333333,
      "hallucination_suspected": 0.0
    }
  }
}