{
  "S0": {
    "n": 30,
    "mean_runtime": 3.6509666666666667,
    "mean_R": 3.433333333333333,
    "mean_H": 3.433333333333333,
    "mean_S": 3.066666666666667,
    "mean_D": 3.7666666666666666,
    "mean_K": 2.7,
    "mean_overall": 3.2800000000000002,
    "flag_rates": {
      "safety_first": 0.9333333333333333,
      "escalation_present": 1.0,
      "offline_workflow_mentioned": 0.0,
      "hallucination_suspected": 0.0
    }
  },
  "S1": {
    "n": 30,
    "mean_runtime": 4.198766666666667,
    "mean_R": 4.6,
    "mean_H": 4.333333333333333,
    "mean_S": 4.166666666666667,
    "mean_D": 4.5,
    "mean_K": 3.9,
    "mean_overall": 4.3,
    "flag_rates": {
      "safety_first": 1.0,
      "escalation_present": 1.0,
      "offline_workflow_mentioned": 0.26666666666666666,
      "hallucination_suspected": 0.03333333333333333
    }
  },
  "S2": {
    "n": 30,
    "mean_runtime": 4.468933333333334,
    "mean_R": 4.933333333333334,
    "mean_H": 4.833333333333333,
    "mean_S": 4.466666666666667,
    "mean_D": 4.933333333333334,
    "mean_K": 4.933333333333334,
    "mean_overall": 4.819999999999999,
    "flag_rates": {
      "safety_first": 1.0,
      "escalation_present": 1.0,
      "offline_workflow_mentioned": 0.6333333333333333,
      "hallucination_suspected": 0.0
    }
  }
}