{
  "S0": {
    "n": 30,
    "mean_runtime": 4.434366666666667,
    "mean_R": 3.4,
    "mean_H": 3.466666666666667,
    "mean_S": 3.033333333333333,
    "mean_D": 3.6666666666666665,
    "mean_K": 2.8,
    "mean_overall": 3.2733333333333334,
    "flag_rates": {
      "safety_first": 0.9333333333333333,
      "escalation_present": 1.0,
      "offline_workflow_mentioned": 0.0,
      "hallucination_suspected": 0.0
    }
  },
  "S1": {
    "n": 30,
    "mean_runtime": 4.4948,
    "mean_R": 4.566666666666666,
    "mean_H": 4.366666666666666,
    "mean_S": 4.233333333333333,
    "mean_D": 4.366666666666666,
    "mean_K": 3.8666666666666667,
    "mean_overall": 4.28,
    "flag_rates": {
      "safety_first": 1.0,
      "escalation_present": 1.0,
      "offline_workflow_mentioned": 0.2,
      "hallucination_suspected": 0.03333333333333333
    }
  },
  "S2": {
    "n": 30,
    "mean_runtime": 4.877933333333333,
    "mean_R": 4.866666666666666,
    "mean_H": 4.8,
    "mean_S": 4.466666666666667,
    "mean_D": 4.9,
    "mean_K": 5.0,
    "mean_overall": 4.806666666666667,
    "flag_rates": {
      "safety_first": 1.0,
      "escalation_present": 1.0,
      "offline_workflow_mentioned": 0.6333333333333333,
      "hallucination_suspected": 0.0
    }
  }
}