{
  "S0": {
    "n": 30,
    "mean_runtime": 3.6592333333333333,
    "mean_R": 3.433333333333333,
    "mean_H": 3.5,
    "mean_S": 2.966666666666667,
    "mean_D": 3.6,
    "mean_K": 2.7666666666666666,
    "mean_overall": 3.253333333333333,
    "flag_rates": {
      "safety_first": 0.9333333333333333,
      "escalation_present": 1.0,
      "offline_workflow_mentioned": 0.0,
      "hallucination_suspected": 0.0
    }
  },
  "S1": {
    "n": 30,
    "mean_runtime": 3.9622666666666664,
    "mean_R": 4.566666666666666,
    "mean_H": 4.4,
    "mean_S": 4.233333333333333,
    "mean_D": 4.333333333333333,
    "mean_K": 3.7666666666666666,
    "mean_overall": 4.26,
    "flag_rates": {
      "safety_first": 1.0,
      "escalation_present": 1.0,
      "offline_workflow_mentioned": 0.23333333333333334,
      "hallucination_suspected": 0.03333333333333333
    }
  },
  "S2": {
    "n": 30,
    "mean_runtime": 4.3512,
    "mean_R": 4.9,
    "mean_H": 4.866666666666666,
    "mean_S": 4.466666666666667,
    "mean_D": 4.833333333333333,
    "mean_K": 5.0,
    "mean_overall": 4.8133333333333335,
    "flag_rates": {
      "safety_first": 1.0,
      "escalation_present": 1.0,
      "offline_workflow_mentioned": 0.6666666666666666,
      "hallucination_suspected": 0.0
    }
  }
}