{
  "judge_version_filter": "judge_v1_1",
  "unweighted": true,
  "per_strategy": {
    "S0": {
      "mean_R": {
        "n_runs": 7,
        "mean_of_run_means": 3.5714285714285716,
        "min_run_mean": 3.533333333333333,
        "max_run_mean": 3.6
      },
      "mean_H": {
        "n_runs": 7,
        "mean_of_run_means": 3.852380952380952,
        "min_run_mean": 3.7,
        "max_run_mean": 3.933333333333333
      },
      "mean_S": {
        "n_runs": 7,
        "mean_of_run_means": 3.8095238095238098,
        "min_run_mean": 3.6,
        "max_run_mean": 3.933333333333333
      },
      "mean_D": {
        "n_runs": 7,
        "mean_of_run_means": 4.0476190476190474,
        "min_run_mean": 3.966666666666667,
        "max_run_mean": 4.1
      },
      "mean_K": {
        "n_runs": 7,
        "mean_of_run_means": 2.8666666666666667,
        "min_run_mean": 2.7333333333333334,
        "max_run_mean": 2.966666666666667
      },
      "mean_overall": {
        "n_runs": 7,
        "mean_of_run_means": 3.6295238095238096,
        "min_run_mean": 3.54,
        "max_run_mean": 3.6733333333333333
      }
    },
    "S1": {
      "mean_R": {
        "n_runs": 7,
        "mean_of_run_means": 4.747619047619048,
        "min_run_mean": 4.6,
        "max_run_mean": 4.833333333333333
      },
      "mean_H": {
        "n_runs": 7,
        "mean_of_run_means": 4.623809523809524,
        "min_run_mean": 4.5,
        "max_run_mean": 4.8
      },
      "mean_S": {
        "n_runs": 7,
        "mean_of_run_means": 4.661904761904762,
        "min_run_mean": 4.566666666666666,
        "max_run_mean": 4.733333333333333
      },
      "mean_D": {
        "n_runs": 7,
        "mean_of_run_means": 4.876190476190476,
        "min_run_mean": 4.8,
        "max_run_mean": 4.966666666666667
      },
      "mean_K": {
        "n_runs": 7,
        "mean_of_run_means": 3.861904761904762,
        "min_run_mean": 3.7,
        "max_run_mean": 4.066666666666666
      },
      "mean_overall": {
        "n_runs": 7,
        "mean_of_run_means": 4.554285714285714,
        "min_run_mean": 4.48,
        "max_run_mean": 4.66
      }
    },
    "S2": {
      "mean_R": {
        "n_runs": 7,
        "mean_of_run_means": 4.952380952380953,
        "min_run_mean": 4.933333333333334,
        "max_run_mean": 4.966666666666667
      },
      "mean_H": {
        "n_runs": 7,
        "mean_of_run_means": 4.90952380952381,
        "min_run_mean": 4.833333333333333,
        "max_run_mean": 4.966666666666667
      },
      "mean_S": {
        "n_runs": 7,
        "mean_of_run_means": 4.828571428571428,
        "min_run_mean": 4.766666666666667,
        "max_run_mean": 4.866666666666666
      },
      "mean_D": {
        "n_runs": 7,
        "mean_of_run_means": 4.976190476190476,
        "min_run_mean": 4.9,
        "max_run_mean": 5.0
      },
      "mean_K": {
        "n_runs": 7,
        "mean_of_run_means": 4.980952380952381,
        "min_run_mean": 4.966666666666667,
        "max_run_mean": 5.0
      },
      "mean_overall": {
        "n_runs": 7,
        "mean_of_run_means": 4.929523809523809,
        "min_run_mean": 4.9,
        "max_run_mean": 4.946666666666667
      }
    }
  }
}