{
  "judge_version_filter": "judge_v1_1",
  "unweighted": true,
  "per_strategy": {
    "S0": {
      "mean_R": {
        "n_runs": 5,
        "mean_of_run_means": 3.5666666666666664,
        "min_run_mean": 3.533333333333333,
        "max_run_mean": 3.6
      },
      "mean_H": {
        "n_runs": 5,
        "mean_of_run_means": 3.8600000000000003,
        "min_run_mean": 3.7,
        "max_run_mean": 3.933333333333333
      },
      "mean_S": {
        "n_runs": 5,
        "mean_of_run_means": 3.8,
        "min_run_mean": 3.6,
        "max_run_mean": 3.933333333333333
      },
      "mean_D": {
        "n_runs": 5,
        "mean_of_run_means": 4.053333333333333,
        "min_run_mean": 4.0,
        "max_run_mean": 4.1
      },
      "mean_K": {
        "n_runs": 5,
        "mean_of_run_means": 2.9066666666666667,
        "min_run_mean": 2.8666666666666667,
        "max_run_mean": 2.966666666666667
      },
      "mean_overall": {
        "n_runs": 5,
        "mean_of_run_means": 3.6373333333333333,
        "min_run_mean": 3.54,
        "max_run_mean": 3.6733333333333333
      }
    },
    "S1": {
      "mean_R": {
        "n_runs": 5,
        "mean_of_run_means": 4.76,
        "min_run_mean": 4.7,
        "max_run_mean": 4.8
      },
      "mean_H": {
        "n_runs": 5,
        "mean_of_run_means": 4.613333333333333,
        "min_run_mean": 4.5,
        "max_run_mean": 4.7
      },
      "mean_S": {
        "n_runs": 5,
        "mean_of_run_means": 4.6466666666666665,
        "min_run_mean": 4.566666666666666,
        "max_run_mean": 4.7
      },
      "mean_D": {
        "n_runs": 5,
        "mean_of_run_means": 4.873333333333333,
        "min_run_mean": 4.8,
        "max_run_mean": 4.966666666666667
      },
      "mean_K": {
        "n_runs": 5,
        "mean_of_run_means": 3.8,
        "min_run_mean": 3.7,
        "max_run_mean": 3.966666666666667
      },
      "mean_overall": {
        "n_runs": 5,
        "mean_of_run_means": 4.538666666666666,
        "min_run_mean": 4.48,
        "max_run_mean": 4.613333333333333
      }
    },
    "S2": {
      "mean_R": {
        "n_runs": 5,
        "mean_of_run_means": 4.946666666666667,
        "min_run_mean": 4.933333333333334,
        "max_run_mean": 4.966666666666667
      },
      "mean_H": {
        "n_runs": 5,
        "mean_of_run_means": 4.9,
        "min_run_mean": 4.833333333333333,
        "max_run_mean": 4.966666666666667
      },
      "mean_S": {
        "n_runs": 5,
        "mean_of_run_means": 4.833333333333333,
        "min_run_mean": 4.8,
        "max_run_mean": 4.866666666666666
      },
      "mean_D": {
        "n_runs": 5,
        "mean_of_run_means": 4.973333333333334,
        "min_run_mean": 4.9,
        "max_run_mean": 5.0
      },
      "mean_K": {
        "n_runs": 5,
        "mean_of_run_means": 4.9799999999999995,
        "min_run_mean": 4.966666666666667,
        "max_run_mean": 5.0
      },
      "mean_overall": {
        "n_runs": 5,
        "mean_of_run_means": 4.926666666666667,
        "min_run_mean": 4.9,
        "max_run_mean": 4.946666666666667
      }
    }
  }
}