{
  "judge_version_filter": "judge_v1_1",
  "unweighted": true,
  "per_strategy": {
    "S0": {
      "mean_R": {
        "n_runs": 6,
        "mean_of_run_means": 3.5666666666666664,
        "min_run_mean": 3.533333333333333,
        "max_run_mean": 3.6
      },
      "mean_H": {
        "n_runs": 6,
        "mean_of_run_means": 3.8444444444444446,
        "min_run_mean": 3.7,
        "max_run_mean": 3.933333333333333
      },
      "mean_S": {
        "n_runs": 6,
        "mean_of_run_means": 3.7944444444444443,
        "min_run_mean": 3.6,
        "max_run_mean": 3.933333333333333
      },
      "mean_D": {
        "n_runs": 6,
        "mean_of_run_means": 4.061111111111111,
        "min_run_mean": 4.0,
        "max_run_mean": 4.1
      },
      "mean_K": {
        "n_runs": 6,
        "mean_of_run_means": 2.888888888888889,
        "min_run_mean": 2.8,
        "max_run_mean": 2.966666666666667
      },
      "mean_overall": {
        "n_runs": 6,
        "mean_of_run_means": 3.6311111111111116,
        "min_run_mean": 3.54,
        "max_run_mean": 3.6733333333333333
      }
    },
    "S1": {
      "mean_R": {
        "n_runs": 6,
        "mean_of_run_means": 4.733333333333333,
        "min_run_mean": 4.6,
        "max_run_mean": 4.8
      },
      "mean_H": {
        "n_runs": 6,
        "mean_of_run_means": 4.594444444444444,
        "min_run_mean": 4.5,
        "max_run_mean": 4.7
      },
      "mean_S": {
        "n_runs": 6,
        "mean_of_run_means": 4.65,
        "min_run_mean": 4.566666666666666,
        "max_run_mean": 4.7
      },
      "mean_D": {
        "n_runs": 6,
        "mean_of_run_means": 4.861111111111111,
        "min_run_mean": 4.8,
        "max_run_mean": 4.966666666666667
      },
      "mean_K": {
        "n_runs": 6,
        "mean_of_run_means": 3.8444444444444446,
        "min_run_mean": 3.7,
        "max_run_mean": 4.066666666666666
      },
      "mean_overall": {
        "n_runs": 6,
        "mean_of_run_means": 4.536666666666666,
        "min_run_mean": 4.48,
        "max_run_mean": 4.613333333333333
      }
    },
    "S2": {
      "mean_R": {
        "n_runs": 6,
        "mean_of_run_means": 4.95,
        "min_run_mean": 4.933333333333334,
        "max_run_mean": 4.966666666666667
      },
      "mean_H": {
        "n_runs": 6,
        "mean_of_run_means": 4.905555555555556,
        "min_run_mean": 4.833333333333333,
        "max_run_mean": 4.966666666666667
      },
      "mean_S": {
        "n_runs": 6,
        "mean_of_run_means": 4.838888888888889,
        "min_run_mean": 4.8,
        "max_run_mean": 4.866666666666666
      },
      "mean_D": {
        "n_runs": 6,
        "mean_of_run_means": 4.977777777777778,
        "min_run_mean": 4.9,
        "max_run_mean": 5.0
      },
      "mean_K": {
        "n_runs": 6,
        "mean_of_run_means": 4.977777777777778,
        "min_run_mean": 4.966666666666667,
        "max_run_mean": 5.0
      },
      "mean_overall": {
        "n_runs": 6,
        "mean_of_run_means": 4.930000000000001,
        "min_run_mean": 4.9,
        "max_run_mean": 4.946666666666667
      }
    }
  }
}