{
  "judge_version_filter": "judge_v1_1",
  "unweighted": true,
  "per_strategy": {
    "S0": {
      "mean_R": {
        "n_runs": 2,
        "mean_of_run_means": 3.5833333333333335,
        "min_run_mean": 3.566666666666667,
        "max_run_mean": 3.6
      },
      "mean_H": {
        "n_runs": 2,
        "mean_of_run_means": 3.9,
        "min_run_mean": 3.8666666666666667,
        "max_run_mean": 3.933333333333333
      },
      "mean_S": {
        "n_runs": 2,
        "mean_of_run_means": 3.8499999999999996,
        "min_run_mean": 3.7666666666666666,
        "max_run_mean": 3.933333333333333
      },
      "mean_D": {
        "n_runs": 2,
        "mean_of_run_means": 4.066666666666666,
        "min_run_mean": 4.033333333333333,
        "max_run_mean": 4.1
      },
      "mean_K": {
        "n_runs": 2,
        "mean_of_run_means": 2.916666666666667,
        "min_run_mean": 2.8666666666666667,
        "max_run_mean": 2.966666666666667
      },
      "mean_overall": {
        "n_runs": 2,
        "mean_of_run_means": 3.663333333333333,
        "min_run_mean": 3.6533333333333333,
        "max_run_mean": 3.6733333333333333
      }
    },
    "S1": {
      "mean_R": {
        "n_runs": 2,
        "mean_of_run_means": 4.783333333333333,
        "min_run_mean": 4.766666666666667,
        "max_run_mean": 4.8
      },
      "mean_H": {
        "n_runs": 2,
        "mean_of_run_means": 4.683333333333334,
        "min_run_mean": 4.666666666666667,
        "max_run_mean": 4.7
      },
      "mean_S": {
        "n_runs": 2,
        "mean_of_run_means": 4.666666666666667,
        "min_run_mean": 4.633333333333334,
        "max_run_mean": 4.7
      },
      "mean_D": {
        "n_runs": 2,
        "mean_of_run_means": 4.933333333333334,
        "min_run_mean": 4.9,
        "max_run_mean": 4.966666666666667
      },
      "mean_K": {
        "n_runs": 2,
        "mean_of_run_means": 3.85,
        "min_run_mean": 3.7333333333333334,
        "max_run_mean": 3.966666666666667
      },
      "mean_overall": {
        "n_runs": 2,
        "mean_of_run_means": 4.583333333333333,
        "min_run_mean": 4.553333333333333,
        "max_run_mean": 4.613333333333333
      }
    },
    "S2": {
      "mean_R": {
        "n_runs": 2,
        "mean_of_run_means": 4.966666666666667,
        "min_run_mean": 4.966666666666667,
        "max_run_mean": 4.966666666666667
      },
      "mean_H": {
        "n_runs": 2,
        "mean_of_run_means": 4.966666666666667,
        "min_run_mean": 4.966666666666667,
        "max_run_mean": 4.966666666666667
      },
      "mean_S": {
        "n_runs": 2,
        "mean_of_run_means": 4.833333333333333,
        "min_run_mean": 4.833333333333333,
        "max_run_mean": 4.833333333333333
      },
      "mean_D": {
        "n_runs": 2,
        "mean_of_run_means": 4.983333333333333,
        "min_run_mean": 4.966666666666667,
        "max_run_mean": 5.0
      },
      "mean_K": {
        "n_runs": 2,
        "mean_of_run_means": 4.983333333333333,
        "min_run_mean": 4.966666666666667,
        "max_run_mean": 5.0
      },
      "mean_overall": {
        "n_runs": 2,
        "mean_of_run_means": 4.946666666666667,
        "min_run_mean": 4.946666666666667,
        "max_run_mean": 4.946666666666667
      }
    }
  }
}