{
  "judge_version_filter": "judge_v1_1",
  "unweighted": true,
  "per_strategy": {
    "S0": {
      "mean_R": {
        "n_runs": 8,
        "mean_of_run_means": 3.566666666666667,
        "min_run_mean": 3.533333333333333,
        "max_run_mean": 3.6
      },
      "mean_H": {
        "n_runs": 8,
        "mean_of_run_means": 3.85,
        "min_run_mean": 3.7,
        "max_run_mean": 3.933333333333333
      },
      "mean_S": {
        "n_runs": 8,
        "mean_of_run_means": 3.808333333333333,
        "min_run_mean": 3.6,
        "max_run_mean": 3.933333333333333
      },
      "mean_D": {
        "n_runs": 8,
        "mean_of_run_means": 4.0375,
        "min_run_mean": 3.966666666666667,
        "max_run_mean": 4.1
      },
      "mean_K": {
        "n_runs": 8,
        "mean_of_run_means": 2.8708333333333336,
        "min_run_mean": 2.7333333333333334,
        "max_run_mean": 2.966666666666667
      },
      "mean_overall": {
        "n_runs": 8,
        "mean_of_run_means": 3.626666666666667,
        "min_run_mean": 3.54,
        "max_run_mean": 3.6733333333333333
      }
    },
    "S1": {
      "mean_R": {
        "n_runs": 8,
        "mean_of_run_means": 4.75,
        "min_run_mean": 4.6,
        "max_run_mean": 4.833333333333333
      },
      "mean_H": {
        "n_runs": 8,
        "mean_of_run_means": 4.616666666666667,
        "min_run_mean": 4.5,
        "max_run_mean": 4.8
      },
      "mean_S": {
        "n_runs": 8,
        "mean_of_run_means": 4.666666666666667,
        "min_run_mean": 4.566666666666666,
        "max_run_mean": 4.733333333333333
      },
      "mean_D": {
        "n_runs": 8,
        "mean_of_run_means": 4.879166666666666,
        "min_run_mean": 4.8,
        "max_run_mean": 4.966666666666667
      },
      "mean_K": {
        "n_runs": 8,
        "mean_of_run_means": 3.8916666666666666,
        "min_run_mean": 3.7,
        "max_run_mean": 4.1
      },
      "mean_overall": {
        "n_runs": 8,
        "mean_of_run_means": 4.560833333333333,
        "min_run_mean": 4.48,
        "max_run_mean": 4.66
      }
    },
    "S2": {
      "mean_R": {
        "n_runs": 8,
        "mean_of_run_means": 4.954166666666667,
        "min_run_mean": 4.933333333333334,
        "max_run_mean": 4.966666666666667
      },
      "mean_H": {
        "n_runs": 8,
        "mean_of_run_means": 4.916666666666667,
        "min_run_mean": 4.833333333333333,
        "max_run_mean": 4.966666666666667
      },
      "mean_S": {
        "n_runs": 8,
        "mean_of_run_means": 4.8374999999999995,
        "min_run_mean": 4.766666666666667,
        "max_run_mean": 4.9
      },
      "mean_D": {
        "n_runs": 8,
        "mean_of_run_means": 4.979166666666667,
        "min_run_mean": 4.9,
        "max_run_mean": 5.0
      },
      "mean_K": {
        "n_runs": 8,
        "mean_of_run_means": 4.983333333333333,
        "min_run_mean": 4.966666666666667,
        "max_run_mean": 5.0
      },
      "mean_overall": {
        "n_runs": 8,
        "mean_of_run_means": 4.934166666666667,
        "min_run_mean": 4.9,
        "max_run_mean": 4.966666666666667
      }
    }
  }
}