{
  "judge_version_filter": "judge_v1_1",
  "unweighted": true,
  "per_strategy": {
    "S0": {
      "mean_R": {
        "n_runs": 10,
        "mean_of_run_means": 3.655,
        "min_run_mean": 3.466666666666667,
        "max_run_mean": 3.75
      },
      "mean_H": {
        "n_runs": 10,
        "mean_of_run_means": 3.8866666666666667,
        "min_run_mean": 3.8333333333333335,
        "max_run_mean": 3.933333333333333
      },
      "mean_S": {
        "n_runs": 10,
        "mean_of_run_means": 3.8899999999999997,
        "min_run_mean": 3.7666666666666666,
        "max_run_mean": 4.05
      },
      "mean_D": {
        "n_runs": 10,
        "mean_of_run_means": 4.09,
        "min_run_mean": 4.033333333333333,
        "max_run_mean": 4.15
      },
      "mean_K": {
        "n_runs": 10,
        "mean_of_run_means": 2.8033333333333332,
        "min_run_mean": 2.7666666666666666,
        "max_run_mean": 2.8666666666666667
      },
      "mean_overall": {
        "n_runs": 10,
        "mean_of_run_means": 3.665,
        "min_run_mean": 3.6133333333333337,
        "max_run_mean": 3.7333333333333334
      }
    },
    "S1": {
      "mean_R": {
        "n_runs": 10,
        "mean_of_run_means": 4.803333333333333,
        "min_run_mean": 4.716666666666667,
        "max_run_mean": 4.866666666666666
      },
      "mean_H": {
        "n_runs": 10,
        "mean_of_run_means": 4.701666666666666,
        "min_run_mean": 4.6,
        "max_run_mean": 4.816666666666666
      },
      "mean_S": {
        "n_runs": 10,
        "mean_of_run_means": 4.720000000000001,
        "min_run_mean": 4.633333333333334,
        "max_run_mean": 4.816666666666666
      },
      "mean_D": {
        "n_runs": 10,
        "mean_of_run_means": 4.906666666666667,
        "min_run_mean": 4.833333333333333,
        "max_run_mean": 4.983333333333333
      },
      "mean_K": {
        "n_runs": 10,
        "mean_of_run_means": 4.136666666666667,
        "min_run_mean": 3.7333333333333334,
        "max_run_mean": 4.316666666666666
      },
      "mean_overall": {
        "n_runs": 10,
        "mean_of_run_means": 4.653666666666667,
        "min_run_mean": 4.52,
        "max_run_mean": 4.733333333333333
      }
    },
    "S2": {
      "mean_R": {
        "n_runs": 10,
        "mean_of_run_means": 4.930000000000001,
        "min_run_mean": 4.833333333333333,
        "max_run_mean": 4.966666666666667
      },
      "mean_H": {
        "n_runs": 10,
        "mean_of_run_means": 4.904999999999999,
        "min_run_mean": 4.833333333333333,
        "max_run_mean": 4.95
      },
      "mean_S": {
        "n_runs": 10,
        "mean_of_run_means": 4.8549999999999995,
        "min_run_mean": 4.766666666666667,
        "max_run_mean": 4.916666666666667
      },
      "mean_D": {
        "n_runs": 10,
        "mean_of_run_means": 4.970000000000001,
        "min_run_mean": 4.916666666666667,
        "max_run_mean": 5.0
      },
      "mean_K": {
        "n_runs": 10,
        "mean_of_run_means": 4.973333333333334,
        "min_run_mean": 4.95,
        "max_run_mean": 5.0
      },
      "mean_overall": {
        "n_runs": 10,
        "mean_of_run_means": 4.926666666666667,
        "min_run_mean": 4.886666666666667,
        "max_run_mean": 4.953333333333333
      }
    },
    "S2_ABL_NOASSET": {
      "mean_R": {
        "n_runs": 3,
        "mean_of_run_means": 4.866666666666666,
        "min_run_mean": 4.833333333333333,
        "max_run_mean": 4.9
      },
      "mean_H": {
        "n_runs": 3,
        "mean_of_run_means": 4.855555555555555,
        "min_run_mean": 4.8,
        "max_run_mean": 4.933333333333334
      },
      "mean_S": {
        "n_runs": 3,
        "mean_of_run_means": 4.855555555555555,
        "min_run_mean": 4.833333333333333,
        "max_run_mean": 4.866666666666666
      },
      "mean_D": {
        "n_runs": 3,
        "mean_of_run_means": 4.944444444444445,
        "min_run_mean": 4.9,
        "max_run_mean": 4.966666666666667
      },
      "mean_K": {
        "n_runs": 3,
        "mean_of_run_means": 4.955555555555556,
        "min_run_mean": 4.933333333333334,
        "max_run_mean": 5.0
      },
      "mean_overall": {
        "n_runs": 3,
        "mean_of_run_means": 4.895555555555556,
        "min_run_mean": 4.86,
        "max_run_mean": 4.933333333333334
      }
    },
    "S2_ABL_NODEV": {
      "mean_R": {
        "n_runs": 3,
        "mean_of_run_means": 4.933333333333334,
        "min_run_mean": 4.933333333333334,
        "max_run_mean": 4.933333333333334
      },
      "mean_H": {
        "n_runs": 3,
        "mean_of_run_means": 4.866666666666666,
        "min_run_mean": 4.866666666666666,
        "max_run_mean": 4.866666666666666
      },
      "mean_S": {
        "n_runs": 3,
        "mean_of_run_means": 4.877777777777777,
        "min_run_mean": 4.866666666666666,
        "max_run_mean": 4.9
      },
      "mean_D": {
        "n_runs": 3,
        "mean_of_run_means": 4.988888888888889,
        "min_run_mean": 4.966666666666667,
        "max_run_mean": 5.0
      },
      "mean_K": {
        "n_runs": 3,
        "mean_of_run_means": 5.0,
        "min_run_mean": 5.0,
        "max_run_mean": 5.0
      },
      "mean_overall": {
        "n_runs": 3,
        "mean_of_run_means": 4.933333333333334,
        "min_run_mean": 4.933333333333334,
        "max_run_mean": 4.933333333333334
      }
    },
    "S2_ABL_NOENV": {
      "mean_R": {
        "n_runs": 3,
        "mean_of_run_means": 4.911111111111111,
        "min_run_mean": 4.866666666666666,
        "max_run_mean": 4.933333333333334
      },
      "mean_H": {
        "n_runs": 3,
        "mean_of_run_means": 4.822222222222222,
        "min_run_mean": 4.766666666666667,
        "max_run_mean": 4.866666666666666
      },
      "mean_S": {
        "n_runs": 3,
        "mean_of_run_means": 4.788888888888889,
        "min_run_mean": 4.766666666666667,
        "max_run_mean": 4.833333333333333
      },
      "mean_D": {
        "n_runs": 3,
        "mean_of_run_means": 4.944444444444445,
        "min_run_mean": 4.9,
        "max_run_mean": 5.0
      },
      "mean_K": {
        "n_runs": 3,
        "mean_of_run_means": 4.977777777777778,
        "min_run_mean": 4.933333333333334,
        "max_run_mean": 5.0
      },
      "mean_overall": {
        "n_runs": 3,
        "mean_of_run_means": 4.888888888888889,
        "min_run_mean": 4.846666666666667,
        "max_run_mean": 4.92
      }
    },
    "S2_ABL_NOINC": {
      "mean_R": {
        "n_runs": 3,
        "mean_of_run_means": 4.811111111111111,
        "min_run_mean": 4.766666666666667,
        "max_run_mean": 4.833333333333333
      },
      "mean_H": {
        "n_runs": 3,
        "mean_of_run_means": 4.855555555555555,
        "min_run_mean": 4.833333333333333,
        "max_run_mean": 4.9
      },
      "mean_S": {
        "n_runs": 3,
        "mean_of_run_means": 4.911111111111111,
        "min_run_mean": 4.866666666666666,
        "max_run_mean": 4.966666666666667
      },
      "mean_D": {
        "n_runs": 3,
        "mean_of_run_means": 4.955555555555556,
        "min_run_mean": 4.933333333333334,
        "max_run_mean": 5.0
      },
      "mean_K": {
        "n_runs": 3,
        "mean_of_run_means": 4.944444444444445,
        "min_run_mean": 4.9,
        "max_run_mean": 5.0
      },
      "mean_overall": {
        "n_runs": 3,
        "mean_of_run_means": 4.895555555555555,
        "min_run_mean": 4.866666666666666,
        "max_run_mean": 4.913333333333333
      }
    }
  }
}