{
  "judge_version_filter": "judge_v1_1",
  "unweighted": true,
  "per_strategy": {
    "S0": {
      "mean_R": {
        "n_runs": 3,
        "mean_of_run_means": 3.588888888888889,
        "min_run_mean": 3.566666666666667,
        "max_run_mean": 3.6
      },
      "mean_H": {
        "n_runs": 3,
        "mean_of_run_means": 3.888888888888889,
        "min_run_mean": 3.8666666666666667,
        "max_run_mean": 3.933333333333333
      },
      "mean_S": {
        "n_runs": 3,
        "mean_of_run_means": 3.8555555555555556,
        "min_run_mean": 3.7666666666666666,
        "max_run_mean": 3.933333333333333
      },
      "mean_D": {
        "n_runs": 3,
        "mean_of_run_means": 4.066666666666666,
        "min_run_mean": 4.033333333333333,
        "max_run_mean": 4.1
      },
      "mean_K": {
        "n_runs": 3,
        "mean_of_run_means": 2.9333333333333336,
        "min_run_mean": 2.8666666666666667,
        "max_run_mean": 2.966666666666667
      },
      "mean_overall": {
        "n_runs": 3,
        "mean_of_run_means": 3.6666666666666665,
        "min_run_mean": 3.6533333333333333,
        "max_run_mean": 3.6733333333333333
      }
    },
    "S1": {
      "mean_R": {
        "n_runs": 3,
        "mean_of_run_means": 4.766666666666667,
        "min_run_mean": 4.733333333333333,
        "max_run_mean": 4.8
      },
      "mean_H": {
        "n_runs": 3,
        "mean_of_run_means": 4.622222222222223,
        "min_run_mean": 4.5,
        "max_run_mean": 4.7
      },
      "mean_S": {
        "n_runs": 3,
        "mean_of_run_means": 4.655555555555556,
        "min_run_mean": 4.633333333333334,
        "max_run_mean": 4.7
      },
      "mean_D": {
        "n_runs": 3,
        "mean_of_run_means": 4.8999999999999995,
        "min_run_mean": 4.833333333333333,
        "max_run_mean": 4.966666666666667
      },
      "mean_K": {
        "n_runs": 3,
        "mean_of_run_means": 3.8444444444444446,
        "min_run_mean": 3.7333333333333334,
        "max_run_mean": 3.966666666666667
      },
      "mean_overall": {
        "n_runs": 3,
        "mean_of_run_means": 4.557777777777777,
        "min_run_mean": 4.506666666666666,
        "max_run_mean": 4.613333333333333
      }
    },
    "S2": {
      "mean_R": {
        "n_runs": 3,
        "mean_of_run_means": 4.955555555555556,
        "min_run_mean": 4.933333333333334,
        "max_run_mean": 4.966666666666667
      },
      "mean_H": {
        "n_runs": 3,
        "mean_of_run_means": 4.922222222222222,
        "min_run_mean": 4.833333333333333,
        "max_run_mean": 4.966666666666667
      },
      "mean_S": {
        "n_runs": 3,
        "mean_of_run_means": 4.822222222222222,
        "min_run_mean": 4.8,
        "max_run_mean": 4.833333333333333
      },
      "mean_D": {
        "n_runs": 3,
        "mean_of_run_means": 4.988888888888889,
        "min_run_mean": 4.966666666666667,
        "max_run_mean": 5.0
      },
      "mean_K": {
        "n_runs": 3,
        "mean_of_run_means": 4.977777777777778,
        "min_run_mean": 4.966666666666667,
        "max_run_mean": 5.0
      },
      "mean_overall": {
        "n_runs": 3,
        "mean_of_run_means": 4.933333333333334,
        "min_run_mean": 4.906666666666666,
        "max_run_mean": 4.946666666666667
      }
    }
  }
}