{
  "1": {
    "S0": {
      "n": 30,
      "mean_runtime": 6.7362,
      "mean_R": 3.566666666666667,
      "mean_H": 3.8666666666666667,
      "mean_S": 3.933333333333333,
      "mean_D": 4.033333333333333,
      "mean_K": 2.966666666666667,
      "mean_overall": 3.6733333333333333,
      "flag_rates": {
        "safety_first": 1.0,
        "escalation_present": 1.0,
        "offline_workflow_mentioned": 0.0,
        "hallucination_suspected": 0.03333333333333333
      }
    },
    "S1": {
      "n": 30,
      "mean_runtime": 9.285300000000001,
      "mean_R": 4.766666666666667,
      "mean_H": 4.666666666666667,
      "mean_S": 4.7,
      "mean_D": 4.9,
      "mean_K": 3.7333333333333334,
      "mean_overall": 4.553333333333333,
      "flag_rates": {
        "safety_first": 0.9666666666666667,
        "escalation_present": 1.0,
        "offline_workflow_mentioned": 0.06666666666666667,
        "hallucination_suspected": 0.1
      }
    },
    "S2": {
      "n": 30,
      "mean_runtime": 9.551400000000001,
      "mean_R": 4.966666666666667,
      "mean_H": 4.966666666666667,
      "mean_S": 4.833333333333333,
      "mean_D": 4.966666666666667,
      "mean_K": 5.0,
      "mean_overall": 4.946666666666667,
      "flag_rates": {
        "safety_first": 1.0,
        "escalation_present": 1.0,
        "offline_workflow_mentioned": 0.6,
        "hallucination_suspected": 0.0
      }
    }
  }
}