{
  "1": {
    "S0": {
      "n": 30,
      "mean_runtime": 6.7362,
      "mean_R": 3.566666666666667,
      "mean_H": 3.8666666666666667,
      "mean_S": 3.933333333333333,
      "mean_D": 4.033333333333333,
      "mean_K": 2.966666666666667,
      "mean_overall": 3.6733333333333333,
      "flag_rates": {
        "safety_first": 1.0,
        "escalation_present": 1.0,
        "offline_workflow_mentioned": 0.0,
        "hallucination_suspected": 0.03333333333333333
      }
    },
    "S1": {
      "n": 30,
      "mean_runtime": 9.285300000000001,
      "mean_R": 4.766666666666667,
      "mean_H": 4.666666666666667,
      "mean_S": 4.7,
      "mean_D": 4.9,
      "mean_K": 3.7333333333333334,
      "mean_overall": 4.553333333333333,
      "flag_rates": {
        "safety_first": 0.9666666666666667,
        "escalation_present": 1.0,
        "offline_workflow_mentioned": 0.06666666666666667,
        "hallucination_suspected": 0.1
      }
    },
    "S2": {
      "n": 30,
      "mean_runtime": 9.551400000000001,
      "mean_R": 4.966666666666667,
      "mean_H": 4.966666666666667,
      "mean_S": 4.833333333333333,
      "mean_D": 4.966666666666667,
      "mean_K": 5.0,
      "mean_overall": 4.946666666666667,
      "flag_rates": {
        "safety_first": 1.0,
        "escalation_present": 1.0,
        "offline_workflow_mentioned": 0.6,
        "hallucination_suspected": 0.0
      }
    }
  },
  "2": {
    "S0": {
      "n": 30,
      "mean_runtime": 7.4347666666666665,
      "mean_R": 3.6,
      "mean_H": 3.933333333333333,
      "mean_S": 3.7666666666666666,
      "mean_D": 4.1,
      "mean_K": 2.8666666666666667,
      "mean_overall": 3.6533333333333333,
      "flag_rates": {
        "safety_first": 1.0,
        "escalation_present": 1.0,
        "offline_workflow_mentioned": 0.0,
        "hallucination_suspected": 0.03333333333333333
      }
    },
    "S1": {
      "n": 30,
      "mean_runtime": 9.167200000000001,
      "mean_R": 4.8,
      "mean_H": 4.7,
      "mean_S": 4.633333333333334,
      "mean_D": 4.966666666666667,
      "mean_K": 3.966666666666667,
      "mean_overall": 4.613333333333333,
      "flag_rates": {
        "safety_first": 1.0,
        "escalation_present": 1.0,
        "offline_workflow_mentioned": 0.06666666666666667,
        "hallucination_suspected": 0.03333333333333333
      }
    },
    "S2": {
      "n": 30,
      "mean_runtime": 9.854433333333333,
      "mean_R": 4.966666666666667,
      "mean_H": 4.966666666666667,
      "mean_S": 4.833333333333333,
      "mean_D": 5.0,
      "mean_K": 4.966666666666667,
      "mean_overall": 4.946666666666667,
      "flag_rates": {
        "safety_first": 1.0,
        "escalation_present": 1.0,
        "offline_workflow_mentioned": 0.6,
        "hallucination_suspected": 0.03333333333333333
      }
    }
  },
  "3": {
    "S0": {
      "n": 30,
      "mean_runtime": 6.547700000000001,
      "mean_R": 3.6,
      "mean_H": 3.8666666666666667,
      "mean_S": 3.8666666666666667,
      "mean_D": 4.066666666666666,
      "mean_K": 2.966666666666667,
      "mean_overall": 3.6733333333333333,
      "flag_rates": {
        "safety_first": 1.0,
        "escalation_present": 1.0,
        "offline_workflow_mentioned": 0.0,
        "hallucination_suspected": 0.0
      }
    },
    "S1": {
      "n": 30,
      "mean_runtime": 9.253133333333333,
      "mean_R": 4.733333333333333,
      "mean_H": 4.5,
      "mean_S": 4.633333333333334,
      "mean_D": 4.833333333333333,
      "mean_K": 3.8333333333333335,
      "mean_overall": 4.506666666666666,
      "flag_rates": {
        "safety_first": 1.0,
        "escalation_present": 1.0,
        "offline_workflow_mentioned": 0.06666666666666667,
        "hallucination_suspected": 0.1
      }
    },
    "S2": {
      "n": 30,
      "mean_runtime": 9.903699999999999,
      "mean_R": 4.933333333333334,
      "mean_H": 4.833333333333333,
      "mean_S": 4.8,
      "mean_D": 5.0,
      "mean_K": 4.966666666666667,
      "mean_overall": 4.906666666666666,
      "flag_rates": {
        "safety_first": 1.0,
        "escalation_present": 1.0,
        "offline_workflow_mentioned": 0.6333333333333333,
        "hallucination_suspected": 0.0
      }
    }
  }
}