{
  "1": {
    "S0": {
      "n": 60,
      "mean_runtime": 6.4927166666666665,
      "mean_R": 3.7,
      "mean_H": 3.933333333333333,
      "mean_S": 3.933333333333333,
      "mean_D": 4.05,
      "mean_K": 2.8,
      "mean_overall": 3.683333333333333,
      "flag_rates": {
        "safety_first": 1.0,
        "escalation_present": 1.0,
        "offline_workflow_mentioned": 0.0,
        "hallucination_suspected": 0.1
      }
    },
    "S1": {
      "n": 60,
      "mean_runtime": 9.060783333333335,
      "mean_R": 4.866666666666666,
      "mean_H": 4.8,
      "mean_S": 4.816666666666666,
      "mean_D": 4.95,
      "mean_K": 4.183333333333334,
      "mean_overall": 4.723333333333333,
      "flag_rates": {
        "safety_first": 0.9833333333333333,
        "escalation_present": 1.0,
        "offline_workflow_mentioned": 0.15,
        "hallucination_suspected": 0.06666666666666667
      }
    },
    "S2": {
      "n": 60,
      "mean_runtime": 9.339316666666667,
      "mean_R": 4.933333333333334,
      "mean_H": 4.95,
      "mean_S": 4.883333333333334,
      "mean_D": 4.966666666666667,
      "mean_K": 4.983333333333333,
      "mean_overall": 4.943333333333333,
      "flag_rates": {
        "safety_first": 1.0,
        "escalation_present": 1.0,
        "offline_workflow_mentioned": 0.6166666666666667,
        "hallucination_suspected": 0.0
      }
    },
    "S2_ABL_NOASSET": {
      "n": 30,
      "mean_runtime": 9.952466666666668,
      "mean_R": 4.866666666666666,
      "mean_H": 4.833333333333333,
      "mean_S": 4.866666666666666,
      "mean_D": 4.966666666666667,
      "mean_K": 4.933333333333334,
      "mean_overall": 4.8933333333333335,
      "flag_rates": {
        "safety_first": 1.0,
        "escalation_present": 1.0,
        "offline_workflow_mentioned": 0.6333333333333333,
        "hallucination_suspected": 0.0
      }
    },
    "S2_ABL_NODEV": {
      "n": 30,
      "mean_runtime": 10.578399999999998,
      "mean_R": 4.933333333333334,
      "mean_H": 4.866666666666666,
      "mean_S": 4.9,
      "mean_D": 4.966666666666667,
      "mean_K": 5.0,
      "mean_overall": 4.933333333333334,
      "flag_rates": {
        "safety_first": 1.0,
        "escalation_present": 1.0,
        "offline_workflow_mentioned": 0.0,
        "hallucination_suspected": 0.0
      }
    },
    "S2_ABL_NOENV": {
      "n": 30,
      "mean_runtime": 12.257933333333334,
      "mean_R": 4.933333333333334,
      "mean_H": 4.866666666666666,
      "mean_S": 4.766666666666667,
      "mean_D": 4.933333333333334,
      "mean_K": 5.0,
      "mean_overall": 4.9,
      "flag_rates": {
        "safety_first": 1.0,
        "escalation_present": 1.0,
        "offline_workflow_mentioned": 0.6,
        "hallucination_suspected": 0.0
      }
    },
    "S2_ABL_NOINC": {
      "n": 30,
      "mean_runtime": 10.287533333333332,
      "mean_R": 4.833333333333333,
      "mean_H": 4.833333333333333,
      "mean_S": 4.9,
      "mean_D": 5.0,
      "mean_K": 5.0,
      "mean_overall": 4.913333333333333,
      "flag_rates": {
        "safety_first": 1.0,
        "escalation_present": 1.0,
        "offline_workflow_mentioned": 0.6333333333333333,
        "hallucination_suspected": 0.0
      }
    }
  },
  "2": {
    "S0": {
      "n": 60,
      "mean_runtime": 6.9313666666666665,
      "mean_R": 3.716666666666667,
      "mean_H": 3.9166666666666665,
      "mean_S": 3.8666666666666667,
      "mean_D": 4.133333333333334,
      "mean_K": 2.7666666666666666,
      "mean_overall": 3.68,
      "flag_rates": {
        "safety_first": 1.0,
        "escalation_present": 1.0,
        "offline_workflow_mentioned": 0.0,
        "hallucination_suspected": 0.08333333333333333
      }
    },
    "S1": {
      "n": 60,
      "mean_runtime": 8.944683333333334,
      "mean_R": 4.85,
      "mean_H": 4.733333333333333,
      "mean_S": 4.683333333333334,
      "mean_D": 4.983333333333333,
      "mean_K": 4.316666666666666,
      "mean_overall": 4.713333333333334,
      "flag_rates": {
        "safety_first": 1.0,
        "escalation_present": 1.0,
        "offline_workflow_mentioned": 0.16666666666666666,
        "hallucination_suspected": 0.016666666666666666
      }
    },
    "S2": {
      "n": 60,
      "mean_runtime": 9.36725,
      "mean_R": 4.966666666666667,
      "mean_H": 4.95,
      "mean_S": 4.866666666666666,
      "mean_D": 5.0,
      "mean_K": 4.983333333333333,
      "mean_overall": 4.953333333333333,
      "flag_rates": {
        "safety_first": 1.0,
        "escalation_present": 1.0,
        "offline_workflow_mentioned": 0.5666666666666667,
        "hallucination_suspected": 0.016666666666666666
      }
    },
    "S2_ABL_NOASSET": {
      "n": 30,
      "mean_runtime": 9.447233333333333,
      "mean_R": 4.833333333333333,
      "mean_H": 4.8,
      "mean_S": 4.833333333333333,
      "mean_D": 4.9,
      "mean_K": 4.933333333333334,
      "mean_overall": 4.86,
      "flag_rates": {
        "safety_first": 1.0,
        "escalation_present": 1.0,
        "offline_workflow_mentioned": 0.6,
        "hallucination_suspected": 0.0
      }
    },
    "S2_ABL_NODEV": {
      "n": 30,
      "mean_runtime": 9.377766666666668,
      "mean_R": 4.933333333333334,
      "mean_H": 4.866666666666666,
      "mean_S": 4.866666666666666,
      "mean_D": 5.0,
      "mean_K": 5.0,
      "mean_overall": 4.933333333333334,
      "flag_rates": {
        "safety_first": 1.0,
        "escalation_present": 1.0,
        "offline_workflow_mentioned": 0.0,
        "hallucination_suspected": 0.0
      }
    },
    "S2_ABL_NOENV": {
      "n": 30,
      "mean_runtime": 9.865,
      "mean_R": 4.933333333333334,
      "mean_H": 4.833333333333333,
      "mean_S": 4.833333333333333,
      "mean_D": 5.0,
      "mean_K": 5.0,
      "mean_overall": 4.92,
      "flag_rates": {
        "safety_first": 1.0,
        "escalation_present": 1.0,
        "offline_workflow_mentioned": 0.6,
        "hallucination_suspected": 0.0
      }
    },
    "S2_ABL_NOINC": {
      "n": 30,
      "mean_runtime": 10.285733333333333,
      "mean_R": 4.833333333333333,
      "mean_H": 4.9,
      "mean_S": 4.966666666666667,
      "mean_D": 4.933333333333334,
      "mean_K": 4.9,
      "mean_overall": 4.906666666666666,
      "flag_rates": {
        "safety_first": 1.0,
        "escalation_present": 1.0,
        "offline_workflow_mentioned": 0.6,
        "hallucination_suspected": 0.0
      }
    }
  },
  "3": {
    "S0": {
      "n": 60,
      "mean_runtime": 6.5310999999999995,
      "mean_R": 3.7,
      "mean_H": 3.8833333333333333,
      "mean_S": 3.8833333333333333,
      "mean_D": 4.1,
      "mean_K": 2.7666666666666666,
      "mean_overall": 3.6666666666666665,
      "flag_rates": {
        "safety_first": 1.0,
        "escalation_present": 1.0,
        "offline_workflow_mentioned": 0.0,
        "hallucination_suspected": 0.13333333333333333
      }
    },
    "S1": {
      "n": 60,
      "mean_runtime": 8.835199999999999,
      "mean_R": 4.816666666666666,
      "mean_H": 4.616666666666666,
      "mean_S": 4.7,
      "mean_D": 4.866666666666666,
      "mean_K": 4.183333333333334,
      "mean_overall": 4.636666666666667,
      "flag_rates": {
        "safety_first": 1.0,
        "escalation_present": 1.0,
        "offline_workflow_mentioned": 0.08333333333333333,
        "hallucination_suspected": 0.05
      }
    },
    "S2": {
      "n": 60,
      "mean_runtime": 9.199733333333334,
      "mean_R": 4.95,
      "mean_H": 4.833333333333333,
      "mean_S": 4.85,
      "mean_D": 4.983333333333333,
      "mean_K": 4.966666666666667,
      "mean_overall": 4.916666666666667,
      "flag_rates": {
        "safety_first": 1.0,
        "escalation_present": 1.0,
        "offline_workflow_mentioned": 0.6,
        "hallucination_suspected": 0.0
      }
    },
    "S2_ABL_NOASSET": {
      "n": 30,
      "mean_runtime": 9.480966666666665,
      "mean_R": 4.9,
      "mean_H": 4.933333333333334,
      "mean_S": 4.866666666666666,