{
  "judge_version_filter": "judge_v1_1",
  "unweighted": true,
  "per_strategy": {
    "S0": {
      "mean_R": {
        "n_runs": 10,
        "mean_of_run_means": 3.6166666666666663,
        "min_run_mean": 3.466666666666667,
        "max_run_mean": 3.716666666666667
      },
      "mean_H": {
        "n_runs": 10,
        "mean_of_run_means": 3.875,
        "min_run_mean": 3.7666666666666666,
        "max_run_mean": 3.933333333333333
      },
      "mean_S": {
        "n_runs": 10,
        "mean_of_run_means": 3.8566666666666665,
        "min_run_mean": 3.7666666666666666,
        "max_run_mean": 3.933333333333333
      },
      "mean_D": {
        "n_runs": 10,
        "mean_of_run_means": 4.0600000000000005,
        "min_run_mean": 3.966666666666667,
        "max_run_mean": 4.133333333333334
      },
      "mean_K": {
        "n_runs": 10,
        "mean_of_run_means": 2.808333333333333,
        "min_run_mean": 2.7333333333333334,
        "max_run_mean": 2.9
      },
      "mean_overall": {
        "n_runs": 10,
        "mean_of_run_means": 3.6433333333333335,
        "min_run_mean": 3.6,
        "max_run_mean": 3.683333333333333
      }
    },
    "S1": {
      "mean_R": {
        "n_runs": 10,
        "mean_of_run_means": 4.786666666666667,
        "min_run_mean": 4.6,
        "max_run_mean": 4.866666666666666
      },
      "mean_H": {
        "n_runs": 10,
        "mean_of_run_means": 4.673333333333334,
        "min_run_mean": 4.5,
        "max_run_mean": 4.8
      },
      "mean_S": {
        "n_runs": 10,
        "mean_of_run_means": 4.703333333333333,
        "min_run_mean": 4.633333333333334,
        "max_run_mean": 4.816666666666666
      },
      "mean_D": {
        "n_runs": 10,
        "mean_of_run_means": 4.904999999999999,
        "min_run_mean": 4.8,
        "max_run_mean": 4.983333333333333
      },
      "mean_K": {
        "n_runs": 10,
        "mean_of_run_means": 4.0649999999999995,
        "min_run_mean": 3.7333333333333334,
        "max_run_mean": 4.316666666666666
      },
      "mean_overall": {
        "n_runs": 10,
        "mean_of_run_means": 4.626666666666667,
        "min_run_mean": 4.52,
        "max_run_mean": 4.723333333333333
      }
    },
    "S2": {
      "mean_R": {
        "n_runs": 10,
        "mean_of_run_means": 4.9366666666666665,
        "min_run_mean": 4.833333333333333,
        "max_run_mean": 4.966666666666667
      },
      "mean_H": {
        "n_runs": 10,
        "mean_of_run_means": 4.91,
        "min_run_mean": 4.833333333333333,
        "max_run_mean": 4.966666666666667
      },
      "mean_S": {
        "n_runs": 10,
        "mean_of_run_means": 4.845000000000001,
        "min_run_mean": 4.766666666666667,
        "max_run_mean": 4.9
      },
      "mean_D": {
        "n_runs": 10,
        "mean_of_run_means": 4.9783333333333335,
        "min_run_mean": 4.916666666666667,
        "max_run_mean": 5.0
      },
      "mean_K": {
        "n_runs": 10,
        "mean_of_run_means": 4.9783333333333335,
        "min_run_mean": 4.95,
        "max_run_mean": 5.0
      },
      "mean_overall": {
        "n_runs": 10,
        "mean_of_run_means": 4.929666666666667,
        "min_run_mean": 4.886666666666667,
        "max_run_mean": 4.966666666666667
      }
    },
    "S2_ABL_NOASSET": {
      "mean_R": {
        "n_runs": 3,
        "mean_of_run_means": 4.866666666666666,
        "min_run_mean": 4.833333333333333,
        "max_run_mean": 4.9
      },
      "mean_H": {
        "n_runs": 3,
        "mean_of_run_means": 4.855555555555555,
        "min_run_mean": 4.8,
        "max_run_mean": 4.933333333333334
      },
      "mean_S": {
        "n_runs": 3,
        "mean_of_run_means": 4.855555555555555,
        "min_run_mean": 4.833333333333333,
        "max_run_mean": 4.866666666666666
      },
      "mean_D": {
        "n_runs": 3,
        "mean_of_run_means": 4.944444444444445,
        "min_run_mean": 4.9,
        "max_run_mean": 4.966666666666667
      },
      "mean_K": {
        "n_runs": 3,
        "mean_of_run_means": 4.955555555555556,
        "min_run_mean": 4.933333333333334,
        "max_run_mean": 5.0
      },
      "mean_overall": {
        "n_runs": 3,
        "mean_of_run_means": 4.895555555555556,
        "min_run_mean": 4.86,
        "max_run_mean": 4.933333333333334
      }
    },
    "S2_ABL_NODEV": {
      "mean_R": {
        "n_runs": 3,
        "mean_of_run_means": 4.933333333333334,
        "min_run_mean": 4.933333333333334,
        "max_run_mean": 4.933333333333334
      },
      "mean_H": {
        "n_runs": 3,
        "mean_of_run_means": 4.866666666666666,
        "min_run_mean": 4.866666666666666,
        "max_run_mean": 4.866666666666666
      },
      "mean_S": {
        "n_runs": 3,
        "mean_of_run_means": 4.877777777777777,
        "min_run_mean": 4.866666666666666,
        "max_run_mean": 4.9
      },
      "mean_D": {
        "n_runs": 3,
        "mean_of_run_means": 4.988888888888889,
        "min_run_mean": 4.966666666666667,
        "max_run_mean": 5.0
      },
      "mean_K": {
        "n_runs": 3,
        "mean_of_run_means": 5.0,
        "min_run_mean": 5.0,
        "max_run_mean": 5.0
      },
      "mean_overall": {
        "n_runs": 3,
        "mean_of_run_means": 4.933333333333334,
        "min_run_mean": 4.933333333333334,
        "max_run_mean": 4.933333333333334
      }
    },
    "S2_ABL_NOENV": {
      "mean_R": {
        "n_runs": 3,
        "mean_of_run_means": 4.911111111111111,
        "min_run_mean": 4.866666666666666,
        "max_run_mean": 4.933333333333334
      },
      "mean_H": {
        "n_runs": 3,
        "mean_of_run_means": 4.822222222222222,
        "min_run_mean": 4.766666666666667,
        "max_run_mean": 4.866666666666666
      },
      "mean_S": {
        "n_runs": 3,
        "mean_of_run_means": 4.788888888888889,
        "min_run_mean": 4.766666666666667,
        "max_run_mean": 4.833333333333333
      },
      "mean_D": {
        "n_runs": 3,
        "mean_of_run_means": 4.944444444444445,
        "min_run_mean": 4.9,
        "max_run_mean": 5.0
      },
      "mean_K": {
        "n_runs": 3,
        "mean_of_run_means": 4.977777777777778,
        "min_run_mean": 4.933333333333334,
        "max_run_mean": 5.0
      },
      "mean_overall": {
        "n_runs": 3,
        "mean_of_run_means": 4.888888888888889,
        "min_run_mean": 4.846666666666667,
        "max_run_mean": 4.92
      }
    },
    "S2_ABL_NOINC": {
      "mean_R": {
        "n_runs": 3,
        "mean_of_run_means": 4.811111111111111,
        "min_run_mean": 4.766666666666667,
        "max_run_mean": 4.833333333333333
      },
      "mean_H": {
        "n_runs": 3,
        "mean_of_run_means": 4.855555555555555,
        "min_run_mean": 4.833333333333333,
        "max_run_mean": 4.9
      },
      "mean_S": {
        "n_runs": 3,
        "mean_of_run_means": 4.911111111111111,
        "min_run_mean": 4.866666666666666,
        "max_run_mean": 4.966666666666667
      },
      "mean_D": {
        "n_runs": 3,
        "mean_of_run_means": 4.955555555555556,
        "min_run_mean": 4.933333333333334,
        "max_run_mean": 5.0
      },
      "mean_K": {
        "n_runs": 3,
        "mean_of_run_means": 4.944444444444445,
        "min_run_mean": 4.9,
        "max_run_mean": 5.0
      },
      "mean_overall": {
        "n_runs": 3,
        "mean_of_run_means": 4.895555555555555,
        "min_run_mean": 4.866666666666666,
        "max_run_mean": 4.913333333333333
      }
    }
  }
}