{
  "judge_version_filter": "judge_v1_1",
  "unweighted": true,
  "per_strategy": {
    "S0": {
      "mean_R": {
        "n_runs": 9,
        "mean_of_run_means": 3.5629629629629633,
        "min_run_mean": 3.533333333333333,
        "max_run_mean": 3.6
      },
      "mean_H": {
        "n_runs": 9,
        "mean_of_run_means": 3.859259259259259,
        "min_run_mean": 3.7,
        "max_run_mean": 3.933333333333333
      },
      "mean_S": {
        "n_runs": 9,
        "mean_of_run_means": 3.8185185185185184,
        "min_run_mean": 3.6,
        "max_run_mean": 3.933333333333333
      },
      "mean_D": {
        "n_runs": 9,
        "mean_of_run_means": 4.040740740740741,
        "min_run_mean": 3.966666666666667,
        "max_run_mean": 4.1
      },
      "mean_K": {
        "n_runs": 9,
        "mean_of_run_means": 2.8666666666666667,
        "min_run_mean": 2.7333333333333334,
        "max_run_mean": 2.966666666666667
      },
      "mean_overall": {
        "n_runs": 9,
        "mean_of_run_means": 3.6296296296296293,
        "min_run_mean": 3.54,
        "max_run_mean": 3.6733333333333333
      }
    },
    "S1": {
      "mean_R": {
        "n_runs": 9,
        "mean_of_run_means": 4.7518518518518515,
        "min_run_mean": 4.6,
        "max_run_mean": 4.833333333333333
      },
      "mean_H": {
        "n_runs": 9,
        "mean_of_run_means": 4.625925925925926,
        "min_run_mean": 4.5,
        "max_run_mean": 4.8
      },
      "mean_S": {
        "n_runs": 9,
        "mean_of_run_means": 4.662962962962963,
        "min_run_mean": 4.566666666666666,
        "max_run_mean": 4.733333333333333
      },
      "mean_D": {
        "n_runs": 9,
        "mean_of_run_means": 4.881481481481482,
        "min_run_mean": 4.8,
        "max_run_mean": 4.966666666666667
      },
      "mean_K": {
        "n_runs": 9,
        "mean_of_run_means": 3.8925925925925924,
        "min_run_mean": 3.7,
        "max_run_mean": 4.1
      },
      "mean_overall": {
        "n_runs": 9,
        "mean_of_run_means": 4.562962962962962,
        "min_run_mean": 4.48,
        "max_run_mean": 4.66
      }
    },
    "S2": {
      "mean_R": {
        "n_runs": 9,
        "mean_of_run_means": 4.948148148148148,
        "min_run_mean": 4.9,
        "max_run_mean": 4.966666666666667
      },
      "mean_H": {
        "n_runs": 9,
        "mean_of_run_means": 4.911111111111111,
        "min_run_mean": 4.833333333333333,
        "max_run_mean": 4.966666666666667
      },
      "mean_S": {
        "n_runs": 9,
        "mean_of_run_means": 4.82962962962963,
        "min_run_mean": 4.766666666666667,
        "max_run_mean": 4.9
      },
      "mean_D": {
        "n_runs": 9,
        "mean_of_run_means": 4.981481481481482,
        "min_run_mean": 4.9,
        "max_run_mean": 5.0
      },
      "mean_K": {
        "n_runs": 9,
        "mean_of_run_means": 4.985185185185185,
        "min_run_mean": 4.966666666666667,
        "max_run_mean": 5.0
      },
      "mean_overall": {
        "n_runs": 9,
        "mean_of_run_means": 4.931111111111111,
        "min_run_mean": 4.9,
        "max_run_mean": 4.966666666666667
      }
    }
  }
}