{
  "L0": {
    "n": 30,
    "mean_runtime": 5.374066666666667,
    "mean_R": 3.533333333333333,
    "mean_H": 3.933333333333333,
    "mean_S": 3.9,
    "mean_D": 4.066666666666666,
    "mean_K": 2.8333333333333335,
    "mean_overall": 3.6533333333333333,
    "flag_rates": {
      "safety_first": 1.0,
      "escalation_present": 1.0,
      "offline_workflow_mentioned": 0.0,
      "hallucination_suspected": 0.03333333333333333
    }
  },
  "L2": {
    "n": 30,
    "mean_runtime": 9.3343,
    "mean_R": 4.766666666666667,
    "mean_H": 4.7,
    "mean_S": 4.633333333333334,
    "mean_D": 4.9,
    "mean_K": 3.9,
    "mean_overall": 4.58,
    "flag_rates": {
      "safety_first": 1.0,
      "escalation_present": 1.0,
      "offline_workflow_mentioned": 0.06666666666666667,
      "hallucination_suspected": 0.0
    }
  },
  "L2B": {
    "n": 30,
    "mean_runtime": 8.5933,
    "mean_R": 4.9,
    "mean_H": 4.866666666666666,
    "mean_S": 4.766666666666667,
    "mean_D": 5.0,
    "mean_K": 5.0,
    "mean_overall": 4.906666666666666,
    "flag_rates": {
      "safety_first": 1.0,
      "escalation_present": 1.0,
      "offline_workflow_mentioned": 0.6333333333333333,
      "hallucination_suspected": 0.0
    }
  }
}