{
  "L0": {
    "n": 60,
    "mean_runtime": 5.78465,
    "mean_R": 3.6666666666666665,
    "mean_H": 3.9,
    "mean_S": 3.9166666666666665,
    "mean_D": 4.116666666666666,
    "mean_K": 2.85,
    "mean_overall": 3.69,
    "flag_rates": {
      "safety_first": 1.0,
      "escalation_present": 1.0,
      "offline_workflow_mentioned": 0.0,
      "hallucination_suspected": 0.03333333333333333
    }
  },
  "L2": {
    "n": 60,
    "mean_runtime": 8.95935,
    "mean_R": 4.8,
    "mean_H": 4.7,
    "mean_S": 4.75,
    "mean_D": 4.916666666666667,
    "mean_K": 4.033333333333333,
    "mean_overall": 4.64,
    "flag_rates": {
      "safety_first": 1.0,
      "escalation_present": 1.0,
      "offline_workflow_mentioned": 0.1,
      "hallucination_suspected": 0.05
    }
  },
  "L2B": {
    "n": 60,
    "mean_runtime": 9.180033333333334,
    "mean_R": 4.883333333333334,
    "mean_H": 4.9,
    "mean_S": 4.85,
    "mean_D": 4.95,
    "mean_K": 4.933333333333334,
    "mean_overall": 4.903333333333333,
    "flag_rates": {
      "safety_first": 1.0,
      "escalation_present": 1.0,
      "offline_workflow_mentioned": 0.6166666666666667,
      "hallucination_suspected": 0.016666666666666666
    }
  },
  "unknown": {
    "n": 120,
    "mean_runtime": 9.318066666666665,
    "mean_R": 4.866666666666666,
    "mean_H": 4.85,
    "mean_S": 4.841666666666667,
    "mean_D": 4.95,
    "mean_K": 4.966666666666667,
    "mean_overall": 4.895,
    "flag_rates": {
      "safety_first": 1.0,
      "escalation_present": 1.0,
      "offline_workflow_mentioned": 0.4666666666666667,
      "hallucination_suspected": 0.0
    }
  }
}