{
  "L0": {
    "n": 30,
    "mean_runtime": 7.4347666666666665,
    "mean_R": 3.6,
    "mean_H": 3.933333333333333,
    "mean_S": 3.7666666666666666,
    "mean_D": 4.1,
    "mean_K": 2.8666666666666667,
    "mean_overall": 3.6533333333333333,
    "flag_rates": {
      "safety_first": 1.0,
      "escalation_present": 1.0,
      "offline_workflow_mentioned": 0.0,
      "hallucination_suspected": 0.03333333333333333
    }
  },
  "L2": {
    "n": 30,
    "mean_runtime": 9.167200000000001,
    "mean_R": 4.8,
    "mean_H": 4.7,
    "mean_S": 4.633333333333334,
    "mean_D": 4.966666666666667,
    "mean_K": 3.966666666666667,
    "mean_overall": 4.613333333333333,
    "flag_rates": {
      "safety_first": 1.0,
      "escalation_present": 1.0,
      "offline_workflow_mentioned": 0.06666666666666667,
      "hallucination_suspected": 0.03333333333333333
    }
  },
  "L2B": {
    "n": 30,
    "mean_runtime": 9.854433333333333,
    "mean_R": 4.966666666666667,
    "mean_H": 4.966666666666667,
    "mean_S": 4.833333333333333,
    "mean_D": 5.0,
    "mean_K": 4.966666666666667,
    "mean_overall": 4.946666666666667,
    "flag_rates": {
      "safety_first": 1.0,
      "escalation_present": 1.0,
      "offline_workflow_mentioned": 0.6,
      "hallucination_suspected": 0.03333333333333333
    }
  }
}