{
  "L0": {
    "n": 60,
    "mean_runtime": 6.337133333333333,
    "mean_R": 3.683333333333333,
    "mean_H": 3.9,
    "mean_S": 4.05,
    "mean_D": 4.183333333333334,
    "mean_K": 2.8333333333333335,
    "mean_overall": 3.73,
    "flag_rates": {
      "safety_first": 1.0,
      "escalation_present": 1.0,
      "offline_workflow_mentioned": 0.0,
      "hallucination_suspected": 0.016666666666666666
    }
  },
  "L2": {
    "n": 60,
    "mean_runtime": 8.942516666666668,
    "mean_R": 4.8,
    "mean_H": 4.716666666666667,
    "mean_S": 4.716666666666667,
    "mean_D": 4.916666666666667,
    "mean_K": 4.166666666666667,
    "mean_overall": 4.663333333333333,
    "flag_rates": {
      "safety_first": 1.0,
      "escalation_present": 1.0,
      "offline_workflow_mentioned": 0.11666666666666667,
      "hallucination_suspected": 0.05
    }
  },
  "L2B": {
    "n": 60,
    "mean_runtime": 9.505366666666667,
    "mean_R": 4.9,
    "mean_H": 4.883333333333334,
    "mean_S": 4.866666666666666,
    "mean_D": 4.95,
    "mean_K": 4.95,
    "mean_overall": 4.91,
    "flag_rates": {
      "safety_first": 1.0,
      "escalation_present": 1.0,
      "offline_workflow_mentioned": 0.6333333333333333,
      "hallucination_suspected": 0.0
    }
  },
  "unknown": {
    "n": 120,
    "mean_runtime": 9.318066666666665,
    "mean_R": 4.866666666666666,
    "mean_H": 4.85,
    "mean_S": 4.841666666666667,
    "mean_D": 4.95,
    "mean_K": 4.966666666666667,
    "mean_overall": 4.895,
    "flag_rates": {
      "safety_first": 1.0,
      "escalation_present": 1.0,
      "offline_workflow_mentioned": 0.4666666666666667,
      "hallucination_suspected": 0.0
    }
  }
}