{
  "S0": {
    "n": 30,
    "mean_runtime": 6.547700000000001,
    "mean_R": 3.6,
    "mean_H": 3.8666666666666667,
    "mean_S": 3.8666666666666667,
    "mean_D": 4.066666666666666,
    "mean_K": 2.966666666666667,
    "mean_overall": 3.6733333333333333,
    "flag_rates": {
      "safety_first": 1.0,
      "escalation_present": 1.0,
      "offline_workflow_mentioned": 0.0,
      "hallucination_suspected": 0.0
    }
  },
  "S1": {
    "n": 30,
    "mean_runtime": 9.253133333333333,
    "mean_R": 4.733333333333333,
    "mean_H": 4.5,
    "mean_S": 4.633333333333334,
    "mean_D": 4.833333333333333,
    "mean_K": 3.8333333333333335,
    "mean_overall": 4.506666666666666,
    "flag_rates": {
      "safety_first": 1.0,
      "escalation_present": 1.0,
      "offline_workflow_mentioned": 0.06666666666666667,
      "hallucination_suspected": 0.1
    }
  },
  "S2": {
    "n": 30,
    "mean_runtime": 9.903699999999999,
    "mean_R": 4.933333333333334,
    "mean_H": 4.833333333333333,
    "mean_S": 4.8,
    "mean_D": 5.0,
    "mean_K": 4.966666666666667,
    "mean_overall": 4.906666666666666,
    "flag_rates": {
      "safety_first": 1.0,
      "escalation_present": 1.0,
      "offline_workflow_mentioned": 0.6333333333333333,
      "hallucination_suspected": 0.0
    }
  }
}