{
  "S0": {
    "n": 30,
    "mean_runtime": 6.358033333333334,
    "mean_R": 3.566666666666667,
    "mean_H": 3.7666666666666666,
    "mean_S": 3.7666666666666666,
    "mean_D": 4.1,
    "mean_K": 2.8,
    "mean_overall": 3.6,
    "flag_rates": {
      "safety_first": 1.0,
      "escalation_present": 1.0,
      "offline_workflow_mentioned": 0.0,
      "hallucination_suspected": 0.0
    }
  },
  "S1": {
    "n": 30,
    "mean_runtime": 9.446433333333333,
    "mean_R": 4.6,
    "mean_H": 4.5,
    "mean_S": 4.666666666666667,
    "mean_D": 4.8,
    "mean_K": 4.066666666666666,
    "mean_overall": 4.526666666666667,
    "flag_rates": {
      "safety_first": 1.0,
      "escalation_present": 1.0,
      "offline_workflow_mentioned": 0.1,
      "hallucination_suspected": 0.06666666666666667
    }
  },
  "S2": {
    "n": 30,
    "mean_runtime": 9.352066666666667,
    "mean_R": 4.966666666666667,
    "mean_H": 4.933333333333334,
    "mean_S": 4.866666666666666,
    "mean_D": 5.0,
    "mean_K": 4.966666666666667,
    "mean_overall": 4.946666666666667,
    "flag_rates": {
      "safety_first": 1.0,
      "escalation_present": 1.0,
      "offline_workflow_mentioned": 0.6,
      "hallucination_suspected": 0.0
    }
  }
}