{
  "L0": {
    "n": 30,
    "mean_runtime": 6.270433333333333,
    "mean_R": 3.533333333333333,
    "mean_H": 3.933333333333333,
    "mean_S": 3.8333333333333335,
    "mean_D": 4.066666666666666,
    "mean_K": 2.8666666666666667,
    "mean_overall": 3.646666666666667,
    "flag_rates": {
      "safety_first": 1.0,
      "escalation_present": 1.0,
      "offline_workflow_mentioned": 0.0,
      "hallucination_suspected": 0.03333333333333333
    }
  },
  "L2": {
    "n": 30,
    "mean_runtime": 9.752866666666668,
    "mean_R": 4.8,
    "mean_H": 4.633333333333334,
    "mean_S": 4.7,
    "mean_D": 4.866666666666666,
    "mean_K": 3.7,
    "mean_overall": 4.54,
    "flag_rates": {
      "safety_first": 1.0,
      "escalation_present": 1.0,
      "offline_workflow_mentioned": 0.1,
      "hallucination_suspected": 0.2
    }
  },
  "L2B": {
    "n": 30,
    "mean_runtime": 10.068000000000001,
    "mean_R": 4.933333333333334,
    "mean_H": 4.866666666666666,
    "mean_S": 4.833333333333333,
    "mean_D": 4.9,
    "mean_K": 4.966666666666667,
    "mean_overall": 4.9,
    "flag_rates": {
      "safety_first": 1.0,
      "escalation_present": 1.0,
      "offline_workflow_mentioned": 0.6,
      "hallucination_suspected": 0.0
    }
  }
}