{
  "L0": {
    "n": 60,
    "mean_runtime": 5.918566666666666,
    "mean_R": 3.65,
    "mean_H": 3.9166666666666665,
    "mean_S": 3.9166666666666665,
    "mean_D": 4.05,
    "mean_K": 2.7333333333333334,
    "mean_overall": 3.6533333333333333,
    "flag_rates": {
      "safety_first": 1.0,
      "escalation_present": 1.0,
      "offline_workflow_mentioned": 0.0,
      "hallucination_suspected": 0.1
    }
  },
  "L2": {
    "n": 60,
    "mean_runtime": 8.90025,
    "mean_R": 4.85,
    "mean_H": 4.766666666666667,
    "mean_S": 4.783333333333333,
    "mean_D": 4.95,
    "mean_K": 4.183333333333334,
    "mean_overall": 4.706666666666666,
    "flag_rates": {
      "safety_first": 1.0,
      "escalation_present": 1.0,
      "offline_workflow_mentioned": 0.13333333333333333,
      "hallucination_suspected": 0.06666666666666667
    }
  },
  "L2B": {
    "n": 60,
    "mean_runtime": 9.373816666666666,
    "mean_R": 4.866666666666666,
    "mean_H": 4.883333333333334,
    "mean_S": 4.866666666666666,
    "mean_D": 4.983333333333333,
    "mean_K": 4.966666666666667,
    "mean_overall": 4.913333333333333,
    "flag_rates": {
      "safety_first": 1.0,
      "escalation_present": 1.0,
      "offline_workflow_mentioned": 0.6166666666666667,
      "hallucination_suspected": 0.0
    }
  },
  "unknown": {
    "n": 120,
    "mean_runtime": 9.318066666666665,
    "mean_R": 4.866666666666666,
    "mean_H": 4.85,
    "mean_S": 4.841666666666667,
    "mean_D": 4.95,
    "mean_K": 4.966666666666667,
    "mean_overall": 4.895,
    "flag_rates": {
      "safety_first": 1.0,
      "escalation_present": 1.0,
      "offline_workflow_mentioned": 0.4666666666666667,
      "hallucination_suspected": 0.0
    }
  }
}