{
  "L0": {
    "n": 30,
    "mean_runtime": 5.658,
    "mean_R": 3.533333333333333,
    "mean_H": 3.8333333333333335,
    "mean_S": 3.8,
    "mean_D": 3.966666666666667,
    "mean_K": 2.9,
    "mean_overall": 3.606666666666667,
    "flag_rates": {
      "safety_first": 1.0,
      "escalation_present": 1.0,
      "offline_workflow_mentioned": 0.0,
      "hallucination_suspected": 0.06666666666666667
    }
  },
  "L2": {
    "n": 30,
    "mean_runtime": 8.548399999999999,
    "mean_R": 4.766666666666667,
    "mean_H": 4.566666666666666,
    "mean_S": 4.7,
    "mean_D": 4.9,
    "mean_K": 4.1,
    "mean_overall": 4.6066666666666665,
    "flag_rates": {
      "safety_first": 1.0,
      "escalation_present": 1.0,
      "offline_workflow_mentioned": 0.06666666666666667,
      "hallucination_suspected": 0.03333333333333333
    }
  },
  "L2B": {
    "n": 30,
    "mean_runtime": 9.509066666666666,
    "mean_R": 4.966666666666667,
    "mean_H": 4.966666666666667,
    "mean_S": 4.9,
    "mean_D": 5.0,
    "mean_K": 5.0,
    "mean_overall": 4.966666666666667,
    "flag_rates": {
      "safety_first": 1.0,
      "escalation_present": 1.0,
      "offline_workflow_mentioned": 0.6,
      "hallucination_suspected": 0.0
    }
  }
}