{
  "L0": {
    "n": 60,
    "mean_runtime": 5.85065,
    "mean_R": 3.6333333333333333,
    "mean_H": 3.85,
    "mean_S": 3.8833333333333333,
    "mean_D": 4.1,
    "mean_K": 2.8,
    "mean_overall": 3.6533333333333333,
    "flag_rates": {
      "safety_first": 1.0,
      "escalation_present": 1.0,
      "offline_workflow_mentioned": 0.0,
      "hallucination_suspected": 0.03333333333333333
    }
  },
  "L2": {
    "n": 60,
    "mean_runtime": 8.622933333333332,
    "mean_R": 4.783333333333333,
    "mean_H": 4.716666666666667,
    "mean_S": 4.733333333333333,
    "mean_D": 4.9,
    "mean_K": 4.1,
    "mean_overall": 4.6466666666666665,
    "flag_rates": {
      "safety_first": 1.0,
      "escalation_present": 1.0,
      "offline_workflow_mentioned": 0.06666666666666667,
      "hallucination_suspected": 0.06666666666666667
    }
  },
  "L2B": {
    "n": 60,
    "mean_runtime": 8.89845,
    "mean_R": 4.866666666666666,
    "mean_H": 4.866666666666666,
    "mean_S": 4.866666666666666,
    "mean_D": 4.966666666666667,
    "mean_K": 4.983333333333333,
    "mean_overall": 4.91,
    "flag_rates": {
      "safety_first": 1.0,
      "escalation_present": 1.0,
      "offline_workflow_mentioned": 0.6,
      "hallucination_suspected": 0.0
    }
  },
  "unknown": {
    "n": 120,
    "mean_runtime": 9.318066666666665,
    "mean_R": 4.866666666666666,
    "mean_H": 4.85,
    "mean_S": 4.841666666666667,
    "mean_D": 4.95,
    "mean_K": 4.966666666666667,
    "mean_overall": 4.895,
    "flag_rates": {
      "safety_first": 1.0,
      "escalation_present": 1.0,
      "offline_workflow_mentioned": 0.4666666666666667,
      "hallucination_suspected": 0.0
    }
  }
}