{
  "L0": {
    "n": 60,
    "mean_runtime": 5.7745500000000005,
    "mean_R": 3.683333333333333,
    "mean_H": 3.8833333333333333,
    "mean_S": 4.083333333333333,
    "mean_D": 4.066666666666666,
    "mean_K": 2.7666666666666666,
    "mean_overall": 3.6966666666666668,
    "flag_rates": {
      "safety_first": 1.0,
      "escalation_present": 1.0,
      "offline_workflow_mentioned": 0.0,
      "hallucination_suspected": 0.06666666666666667
    }
  },
  "L2": {
    "n": 60,
    "mean_runtime": 8.791866666666666,
    "mean_R": 4.85,
    "mean_H": 4.733333333333333,
    "mean_S": 4.8,
    "mean_D": 4.916666666666667,
    "mean_K": 4.116666666666666,
    "mean_overall": 4.683333333333334,
    "flag_rates": {
      "safety_first": 1.0,
      "escalation_present": 1.0,
      "offline_workflow_mentioned": 0.03333333333333333,
      "hallucination_suspected": 0.05
    }
  },
  "L2B": {
    "n": 60,
    "mean_runtime": 8.916383333333332,
    "mean_R": 4.9,
    "mean_H": 4.883333333333334,
    "mean_S": 4.883333333333334,
    "mean_D": 4.95,
    "mean_K": 4.983333333333333,
    "mean_overall": 4.92,
    "flag_rates": {
      "safety_first": 1.0,
      "escalation_present": 1.0,
      "offline_workflow_mentioned": 0.5833333333333334,
      "hallucination_suspected": 0.0
    }
  },
  "unknown": {
    "n": 120,
    "mean_runtime": 9.318066666666665,
    "mean_R": 4.866666666666666,
    "mean_H": 4.85,
    "mean_S": 4.841666666666667,
    "mean_D": 4.95,
    "mean_K": 4.966666666666667,
    "mean_overall": 4.895,
    "flag_rates": {
      "safety_first": 1.0,
      "escalation_present": 1.0,
      "offline_workflow_mentioned": 0.4666666666666667,
      "hallucination_suspected": 0.0
    }
  }
}