{
  "L0": {
    "n": 30,
    "mean_runtime": 5.818266666666667,
    "mean_R": 3.6,
    "mean_H": 3.9,
    "mean_S": 3.9,
    "mean_D": 3.966666666666667,
    "mean_K": 2.7333333333333334,
    "mean_overall": 3.6199999999999997,
    "flag_rates": {
      "safety_first": 1.0,
      "escalation_present": 1.0,
      "offline_workflow_mentioned": 0.0,
      "hallucination_suspected": 0.03333333333333333
    }
  },
  "L2": {
    "n": 30,
    "mean_runtime": 9.056366666666666,
    "mean_R": 4.833333333333333,
    "mean_H": 4.8,
    "mean_S": 4.733333333333333,
    "mean_D": 4.966666666666667,
    "mean_K": 3.966666666666667,
    "mean_overall": 4.66,
    "flag_rates": {
      "safety_first": 1.0,
      "escalation_present": 1.0,
      "offline_workflow_mentioned": 0.03333333333333333,
      "hallucination_suspected": 0.1
    }
  },
  "L2B": {
    "n": 30,
    "mean_runtime": 10.296033333333334,
    "mean_R": 4.966666666666667,
    "mean_H": 4.933333333333334,
    "mean_S": 4.766666666666667,
    "mean_D": 4.966666666666667,
    "mean_K": 5.0,
    "mean_overall": 4.926666666666667,
    "flag_rates": {
      "safety_first": 1.0,
      "escalation_present": 1.0,
      "offline_workflow_mentioned": 0.6,
      "hallucination_suspected": 0.0
    }
  }
}