{
  "L0": {
    "n": 60,
    "mean_runtime": 6.007933333333333,
    "mean_R": 3.65,
    "mean_H": 3.8666666666666667,
    "mean_S": 3.933333333333333,
    "mean_D": 4.1,
    "mean_K": 2.75,
    "mean_overall": 3.6599999999999997,
    "flag_rates": {
      "safety_first": 1.0,
      "escalation_present": 1.0,
      "offline_workflow_mentioned": 0.0,
      "hallucination_suspected": 0.08333333333333333
    }
  },
  "L2": {
    "n": 60,
    "mean_runtime": 8.8432,
    "mean_R": 4.816666666666666,
    "mean_H": 4.683333333333334,
    "mean_S": 4.683333333333334,
    "mean_D": 4.95,
    "mean_K": 4.2,
    "mean_overall": 4.666666666666667,
    "flag_rates": {
      "safety_first": 1.0,
      "escalation_present": 1.0,
      "offline_workflow_mentioned": 0.15,
      "hallucination_suspected": 0.05
    }
  },
  "L2B": {
    "n": 60,
    "mean_runtime": 9.250233333333334,
    "mean_R": 4.9,
    "mean_H": 4.883333333333334,
    "mean_S": 4.85,
    "mean_D": 5.0,
    "mean_K": 4.983333333333333,
    "mean_overall": 4.923333333333333,
    "flag_rates": {
      "safety_first": 1.0,
      "escalation_present": 1.0,
      "offline_workflow_mentioned": 0.5666666666666667,
      "hallucination_suspected": 0.0
    }
  },
  "unknown": {
    "n": 120,
    "mean_runtime": 9.318066666666665,
    "mean_R": 4.866666666666666,
    "mean_H": 4.85,
    "mean_S": 4.841666666666667,
    "mean_D": 4.95,
    "mean_K": 4.966666666666667,
    "mean_overall": 4.895,
    "flag_rates": {
      "safety_first": 1.0,
      "escalation_present": 1.0,
      "offline_workflow_mentioned": 0.4666666666666667,
      "hallucination_suspected": 0.0
    }
  }
}