{
  "L0": {
    "n": 60,
    "mean_runtime": 5.863216666666667,
    "mean_R": 3.6166666666666667,
    "mean_H": 3.8666666666666667,
    "mean_S": 3.9833333333333334,
    "mean_D": 4.083333333333333,
    "mean_K": 2.783333333333333,
    "mean_overall": 3.6666666666666665,
    "flag_rates": {
      "safety_first": 1.0,
      "escalation_present": 1.0,
      "offline_workflow_mentioned": 0.0,
      "hallucination_suspected": 0.08333333333333333
    }
  },
  "L2": {
    "n": 60,
    "mean_runtime": 8.760250000000001,
    "mean_R": 4.783333333333333,
    "mean_H": 4.683333333333334,
    "mean_S": 4.716666666666667,
    "mean_D": 4.883333333333334,
    "mean_K": 4.116666666666666,
    "mean_overall": 4.636666666666667,
    "flag_rates": {
      "safety_first": 1.0,
      "escalation_present": 1.0,
      "offline_workflow_mentioned": 0.1,
      "hallucination_suspected": 0.06666666666666667
    }
  },
  "L2B": {
    "n": 60,
    "mean_runtime": 9.5589,
    "mean_R": 4.866666666666666,
    "mean_H": 4.866666666666666,
    "mean_S": 4.833333333333333,
    "mean_D": 4.983333333333333,
    "mean_K": 4.95,
    "mean_overall": 4.9,
    "flag_rates": {
      "safety_first": 1.0,
      "escalation_present": 1.0,
      "offline_workflow_mentioned": 0.6166666666666667,
      "hallucination_suspected": 0.0
    }
  },
  "unknown": {
    "n": 120,
    "mean_runtime": 9.318066666666665,
    "mean_R": 4.866666666666666,
    "mean_H": 4.85,
    "mean_S": 4.841666666666667,
    "mean_D": 4.95,
    "mean_K": 4.966666666666667,
    "mean_overall": 4.895,
    "flag_rates": {
      "safety_first": 1.0,
      "escalation_present": 1.0,
      "offline_workflow_mentioned": 0.4666666666666667,
      "hallucination_suspected": 0.0
    }
  }
}