{
  "S0": {
    "n": 30,
    "mean_runtime": 10.602233333333334,
    "mean_R": 3.533333333333333,
    "mean_H": 3.7,
    "mean_S": 3.6,
    "mean_D": 4.0,
    "mean_K": 2.8666666666666667,
    "mean_overall": 3.54,
    "flag_rates": {
      "safety_first": 1.0,
      "escalation_present": 1.0,
      "offline_workflow_mentioned": 0.0,
      "hallucination_suspected": 0.03333333333333333
    }
  },
  "S1": {
    "n": 30,
    "mean_runtime": 9.3012,
    "mean_R": 4.7,
    "mean_H": 4.566666666666666,
    "mean_S": 4.566666666666666,
    "mean_D": 4.8,
    "mean_K": 3.7666666666666666,
    "mean_overall": 4.48,
    "flag_rates": {
      "safety_first": 1.0,
      "escalation_present": 1.0,
      "offline_workflow_mentioned": 0.06666666666666667,
      "hallucination_suspected": 0.06666666666666667
    }
  },
  "S2": {
    "n": 30,
    "mean_runtime": 11.048300000000001,
    "mean_R": 4.933333333333334,
    "mean_H": 4.866666666666666,
    "mean_S": 4.866666666666666,
    "mean_D": 5.0,
    "mean_K": 5.0,
    "mean_overall": 4.933333333333334,
    "flag_rates": {
      "safety_first": 1.0,
      "escalation_present": 1.0,
      "offline_workflow_mentioned": 0.6333333333333333,
      "hallucination_suspected": 0.0
    }
  }
}