{
  "S0": {
    "n": 60,
    "mean_runtime": 5.7462333333333335,
    "mean_R": 3.65,
    "mean_H": 3.9,
    "mean_S": 4.0,
    "mean_D": 4.133333333333334,
    "mean_K": 2.783333333333333,
    "mean_overall": 3.6933333333333334,
    "flag_rates": {
      "safety_first": 1.0,
      "escalation_present": 1.0,
      "offline_workflow_mentioned": 0.0,
      "hallucination_suspected": 0.06666666666666667
    }
  },
  "S1": {
    "n": 60,
    "mean_runtime": 8.893666666666666,
    "mean_R": 4.85,
    "mean_H": 4.75,
    "mean_S": 4.8,
    "mean_D": 4.933333333333334,
    "mean_K": 4.2,
    "mean_overall": 4.706666666666666,
    "flag_rates": {
      "safety_first": 1.0,
      "escalation_present": 1.0,
      "offline_workflow_mentioned": 0.05,
      "hallucination_suspected": 0.05
    }
  },
  "S2": {
    "n": 60,
    "mean_runtime": 9.308,
    "mean_R": 4.9,
    "mean_H": 4.883333333333334,
    "mean_S": 4.866666666666666,
    "mean_D": 4.966666666666667,
    "mean_K": 4.983333333333333,
    "mean_overall": 4.92,
    "flag_rates": {
      "safety_first": 1.0,
      "escalation_present": 1.0,
      "offline_workflow_mentioned": 0.6166666666666667,
      "hallucination_suspected": 0.0
    }
  },
  "S2_ABL_NOASSET": {
    "n": 30,
    "mean_runtime": 9.480966666666665,
    "mean_R": 4.9,
    "mean_H": 4.933333333333334,
    "mean_S": 4.866666666666666,
    "mean_D": 4.966666666666667,
    "mean_K": 5.0,
    "mean_overall": 4.933333333333334,
    "flag_rates": {
      "safety_first": 1.0,
      "escalation_present": 1.0,
      "offline_workflow_mentioned": 0.6333333333333333,
      "hallucination_suspected": 0.0
    }
  },
  "S2_ABL_NODEV": {
    "n": 30,
    "mean_runtime": 8.9771,
    "mean_R": 4.933333333333334,
    "mean_H": 4.866666666666666,
    "mean_S": 4.866666666666666,
    "mean_D": 5.0,
    "mean_K": 5.0,
    "mean_overall": 4.933333333333334,
    "flag_rates": {
      "safety_first": 1.0,
      "escalation_present": 1.0,
      "offline_workflow_mentioned": 0.0,
      "hallucination_suspected": 0.0
    }
  },
  "S2_ABL_NOENV": {
    "n": 30,
    "mean_runtime": 9.661033333333334,
    "mean_R": 4.866666666666666,
    "mean_H": 4.766666666666667,
    "mean_S": 4.766666666666667,
    "mean_D": 4.9,
    "mean_K": 4.933333333333334,
    "mean_overall": 4.846666666666667,
    "flag_rates": {
      "safety_first": 1.0,
      "escalation_present": 1.0,
      "offline_workflow_mentioned": 0.6,
      "hallucination_suspected": 0.0
    }
  },
  "S2_ABL_NOINC": {
    "n": 30,
    "mean_runtime": 9.153166666666667,
    "mean_R": 4.766666666666667,
    "mean_H": 4.833333333333333,
    "mean_S": 4.866666666666666,
    "mean_D": 4.933333333333334,
    "mean_K": 4.933333333333334,
    "mean_overall": 4.866666666666666,
    "flag_rates": {
      "safety_first": 1.0,
      "escalation_present": 1.0,
      "offline_workflow_mentioned": 0.6333333333333333,
      "hallucination_suspected": 0.0
    }
  }
}