{
  "S0": {
    "n": 60,
    "mean_runtime": 5.78465,
    "mean_R": 3.6666666666666665,
    "mean_H": 3.9,
    "mean_S": 3.9166666666666665,
    "mean_D": 4.116666666666666,
    "mean_K": 2.85,
    "mean_overall": 3.69,
    "flag_rates": {
      "safety_first": 1.0,
      "escalation_present": 1.0,
      "offline_workflow_mentioned": 0.0,
      "hallucination_suspected": 0.03333333333333333
    }
  },
  "S1": {
    "n": 60,
    "mean_runtime": 8.95935,
    "mean_R": 4.8,
    "mean_H": 4.7,
    "mean_S": 4.75,
    "mean_D": 4.916666666666667,
    "mean_K": 4.033333333333333,
    "mean_overall": 4.64,
    "flag_rates": {
      "safety_first": 1.0,
      "escalation_present": 1.0,
      "offline_workflow_mentioned": 0.1,
      "hallucination_suspected": 0.05
    }
  },
  "S2": {
    "n": 60,
    "mean_runtime": 9.180033333333334,
    "mean_R": 4.883333333333334,
    "mean_H": 4.9,
    "mean_S": 4.85,
    "mean_D": 4.95,
    "mean_K": 4.933333333333334,
    "mean_overall": 4.903333333333333,
    "flag_rates": {
      "safety_first": 1.0,
      "escalation_present": 1.0,
      "offline_workflow_mentioned": 0.6166666666666667,
      "hallucination_suspected": 0.016666666666666666
    }
  },
  "S2_ABL_NOASSET": {
    "n": 30,
    "mean_runtime": 9.480966666666665,
    "mean_R": 4.9,
    "mean_H": 4.933333333333334,
    "mean_S": 4.866666666666666,
    "mean_D": 4.966666666666667,
    "mean_K": 5.0,
    "mean_overall": 4.933333333333334,
    "flag_rates": {
      "safety_first": 1.0,
      "escalation_present": 1.0,
      "offline_workflow_mentioned": 0.6333333333333333,
      "hallucination_suspected": 0.0
    }
  },
  "S2_ABL_NODEV": {
    "n": 30,
    "mean_runtime": 8.9771,
    "mean_R": 4.933333333333334,
    "mean_H": 4.866666666666666,
    "mean_S": 4.866666666666666,
    "mean_D": 5.0,
    "mean_K": 5.0,
    "mean_overall": 4.933333333333334,
    "flag_rates": {
      "safety_first": 1.0,
      "escalation_present": 1.0,
      "offline_workflow_mentioned": 0.0,
      "hallucination_suspected": 0.0
    }
  },
  "S2_ABL_NOENV": {
    "n": 30,
    "mean_runtime": 9.661033333333334,
    "mean_R": 4.866666666666666,
    "mean_H": 4.766666666666667,
    "mean_S": 4.766666666666667,
    "mean_D": 4.9,
    "mean_K": 4.933333333333334,
    "mean_overall": 4.846666666666667,
    "flag_rates": {
      "safety_first": 1.0,
      "escalation_present": 1.0,
      "offline_workflow_mentioned": 0.6,
      "hallucination_suspected": 0.0
    }
  },
  "S2_ABL_NOINC": {
    "n": 30,
    "mean_runtime": 9.153166666666667,
    "mean_R": 4.766666666666667,
    "mean_H": 4.833333333333333,
    "mean_S": 4.866666666666666,
    "mean_D": 4.933333333333334,
    "mean_K": 4.933333333333334,
    "mean_overall": 4.866666666666666,
    "flag_rates": {
      "safety_first": 1.0,
      "escalation_present": 1.0,
      "offline_workflow_mentioned": 0.6333333333333333,
      "hallucination_suspected": 0.0
    }
  }
}