{
  "L0": {
    "n": 60,
    "mean_runtime": 6.0512,
    "mean_R": 3.6333333333333333,
    "mean_H": 3.8666666666666667,
    "mean_S": 3.9,
    "mean_D": 4.083333333333333,
    "mean_K": 2.7,
    "mean_overall": 3.6366666666666663,
    "flag_rates": {
      "safety_first": 1.0,
      "escalation_present": 1.0,
      "offline_workflow_mentioned": 0.0,
      "hallucination_suspected": 0.15
    }
  },
  "L2": {
    "n": 60,
    "mean_runtime": 8.690750000000001,
    "mean_R": 4.816666666666666,
    "mean_H": 4.666666666666667,
    "mean_S": 4.7,
    "mean_D": 4.9,
    "mean_K": 4.133333333333334,
    "mean_overall": 4.6433333333333335,
    "flag_rates": {
      "safety_first": 1.0,
      "escalation_present": 1.0,
      "offline_workflow_mentioned": 0.06666666666666667,
      "hallucination_suspected": 0.05
    }
  },
  "L2B": {
    "n": 60,
    "mean_runtime": 9.058083333333334,
    "mean_R": 4.9,
    "mean_H": 4.833333333333333,
    "mean_S": 4.85,
    "mean_D": 4.983333333333333,
    "mean_K": 4.966666666666667,
    "mean_overall": 4.906666666666666,
    "flag_rates": {
      "safety_first": 1.0,
      "escalation_present": 1.0,
      "offline_workflow_mentioned": 0.5833333333333334,
      "hallucination_suspected": 0.0
    }
  },
  "unknown": {
    "n": 120,
    "mean_runtime": 9.318066666666665,
    "mean_R": 4.866666666666666,
    "mean_H": 4.85,
    "mean_S": 4.841666666666667,
    "mean_D": 4.95,
    "mean_K": 4.966666666666667,
    "mean_overall": 4.895,
    "flag_rates": {
      "safety_first": 1.0,
      "escalation_present": 1.0,
      "offline_workflow_mentioned": 0.4666666666666667,
      "hallucination_suspected": 0.0
    }
  }
}