{
  "L0": {
    "n": 60,
    "mean_runtime": 6.038766666666667,
    "mean_R": 3.6166666666666667,
    "mean_H": 3.8666666666666667,
    "mean_S": 3.8833333333333333,
    "mean_D": 4.066666666666666,
    "mean_K": 2.7666666666666666,
    "mean_overall": 3.64,
    "flag_rates": {
      "safety_first": 1.0,
      "escalation_present": 1.0,
      "offline_workflow_mentioned": 0.0,
      "hallucination_suspected": 0.08333333333333333
    }
  },
  "L2": {
    "n": 60,
    "mean_runtime": 8.869,
    "mean_R": 4.816666666666666,
    "mean_H": 4.716666666666667,
    "mean_S": 4.716666666666667,
    "mean_D": 4.933333333333334,
    "mean_K": 4.166666666666667,
    "mean_overall": 4.67,
    "flag_rates": {
      "safety_first": 1.0,
      "escalation_present": 1.0,
      "offline_workflow_mentioned": 0.11666666666666667,
      "hallucination_suspected": 0.05
    }
  },
  "L2B": {
    "n": 60,
    "mean_runtime": 9.291233333333334,
    "mean_R": 4.9,
    "mean_H": 4.9,
    "mean_S": 4.85,
    "mean_D": 4.966666666666667,
    "mean_K": 4.966666666666667,
    "mean_overall": 4.916666666666667,
    "flag_rates": {
      "safety_first": 1.0,
      "escalation_present": 1.0,
      "offline_workflow_mentioned": 0.6166666666666667,
      "hallucination_suspected": 0.0
    }
  },
  "unknown": {
    "n": 120,
    "mean_runtime": 9.318066666666665,
    "mean_R": 4.866666666666666,
    "mean_H": 4.85,
    "mean_S": 4.841666666666667,
    "mean_D": 4.95,
    "mean_K": 4.966666666666667,
    "mean_overall": 4.895,
    "flag_rates": {
      "safety_first": 1.0,
      "escalation_present": 1.0,
      "offline_workflow_mentioned": 0.4666666666666667,
      "hallucination_suspected": 0.0
    }
  }
}